Name,Attributes,CharacterClass,ArmorClass,IngredientDrop,Type,DiamondsOnly,Hostile,AttackHostile,Faction,MinLevel,MaxLevel,AI_Skills,DropOnlyClassSpecificItems,Items,ItemCounts,Weapon,Companion,Animation,IdleAnimationClip,AfkAnimationClip,Hair,Skin,Face,FacialHair,Hat,Glasses,Jacket,Pants,Gloves,Shoes,Belt,Necklace,DefaultSpeedDisabled,MovementSpeed,CombatMovementSpeed,AI_WaitTimeMin,AI_WaitTimeMax,AI_SkillDelayMin,AI_SkillDelayMax,AI_SkillDelayMinForNewTarget,AI_SkillDelayMaxForNewTarget,AI_AlertRadius,AI_ObserveRange,DeathEffect,HideOnDeath,RareDeathEffect,HideOnRareDeath,Scale,DamageEffect,DeathSound,DamageSound,GreetingsSound,GoodbyeSound,HostileSound,DualWeapons,AutoAttack
Alton Harvey,Big_LowDamage,,Unarmored,,,,,,Resistance,1,30,,,,,Kingfisher,,Fatman,,,Male_Hair_3,Skin5,Male_Face3,,,Aiming Visor,Camo Shirt,NPC MALE Docker Worker Pants 02,NPC Yellow Working Gloves,NPC Male Mad Dogs Shoes 01,,,,500,1100,4000,10000,3000,6000,1000,2000,50,75,DeathEffect1,,ExploMan,TRUE,100,HitEffect1,,,,,,,
Raul Jimenez,Medium_HighDamage_Escort,,Unarmored,,,,,,Resistance,1,30,,,,,Laser Blade,,Tank,,,Male_Hair_13,Skin4,Male_Face2,beard_black_full,,,Horsehair Shirt,Cracked Pants,,Acute Boots,,,,500,1100,4000,10000,3000,6000,1000,2000,50,75,DeathEffect1,,ExploMan,TRUE,100,HitEffect1,,,,,,,
Javier Marez,Big_HighDamage,,Unarmored,,,,,,Resistance,1,30,,,,,Laser Lasher,,DualPistol,,,Don's Toupee,Skin1,Male_Face3,,,,IR Camouflage,Flex Pants,,NPC Male Mad Dogs Shoes 01,,,,500,1100,4000,10000,3000,6000,1000,2000,50,75,DeathEffect1,,ExploMan,TRUE,100,HitEffect1,,,,,,TRUE,
Donovan,Big_LowDamage,,Unarmored,,,,,,Resistance,1,30,,,,,Falcon,,DualPistol,,,Don's Toupee,Skin1,Male_Face3,,,Sungazers,Elite Shirt,Elite Pants,,Acute Boots,,,,500,1100,4000,10000,3000,6000,1000,2000,50,75,DeathEffect1,,ExploMan,TRUE,100,HitEffect1,,,,,,TRUE,
Convict Lars,Small_LowDamage,,Unarmored,,,,,,Junkie,1,30,,,,,,,Junkie_Sleep,,,Male_Hair_2,Skin1,Male_Face3,,,,,,,,,,TRUE,,,,,,,,,,75,DeathEffect1,,ExploMan,TRUE,100,HitEffect1,,,,,,,
Convict Bert,Small_LowDamage,,Unarmored,,,,,,Junkie,1,30,,,,,Crappy 9mm Pistol,,Junkie_Sit,,,Male_Hair_3,Skin6,Male_Face2,,,,,,,,,,TRUE,,,,,,,,,,75,DeathEffect1,,ExploMan,TRUE,100,HitEffect1,,,,,,,
Convict Eric,Small_LowDamage,,Unarmored,,,,,,Junkie,1,30,,,,,Crappy 9mm Pistol,,Junkie_Sit,,,Male_Hair_1,Skin1,Male_Face3,,,,,,,,,,TRUE,,,,,,,,,,75,DeathEffect1,,ExploMan,TRUE,100,HitEffect1,,,,,,,
Convict Michael,Big_HighDamage,,Unarmored,,,,,,Junkie,1,30,,,,,,,Junkie,,,Male_Hair_4,Skin5,Male_Face3,,,,,,,,,,TRUE,,,,,,,,,,75,DeathEffect1,,ExploMan,TRUE,105,HitEffect1,,,,,,,
Mad Dog Brawler,Big_LowDamage,,Unarmored,,,,TRUE,,Mad Dogs,1,30,,,,,Popular Monkey Wrench,,Tank,,,Male_Hair_5,Skin1,Male_Face3,,,,Great Suit Jacket,Typical Suit Trousers,,Cool Black Shoes,,,,,,4000,10000,3000,6000,1000,2000,50,75,DeathEffect1,,ExploMan,TRUE,,HitEffect1,,,,,,,
Hooligan,Small_LowDamage,,Unarmored,,,,TRUE,,Hooligans,1,30,,,,,Regular Knife,,Rogue,,,Male_Hair_1,Skin1,Male_Face3,,,,,NPC MALE Hooligans Pants 02,,NPC Male Hooligans Shoes 01,,,,,,4000,10000,3000,6000,1000,2000,50,75,DeathEffect1,,ExploMan,TRUE,,HitEffect1,,,,,,,
Young Hooligan,Small_LowDamage,,Unarmored,,,,TRUE,,Hooligans,1,30,Molotov Cocktail,,,,Regular Knife,,Rogue,,,Male_Hair_1,Skin1,Male_Face3,,,,,NPC MALE Hired Guns Pants 02,,NPC Male Hooligans Shoes 01,,,,,,4000,10000,3000,6000,1000,2000,50,75,DeathEffect1,,ExploMan,TRUE,,HitEffect1,,,,,,,
Stoned Hooligan,Small_LowDamage,,Unarmored,,,,TRUE,,Hooligans,1,30,,,,,,,Rogue,,,Male_Hair_8,Skin1,Male_Face3,,,,,NPC MALE Hooligans Pants 02,,NPC Male Hooligans Shoes 01,,,,,,4000,10000,3000,6000,1000,2000,50,75,DeathEffect1,,ExploMan,TRUE,,HitEffect1,,,,,,,
Haywire Hooligan,Big_HighDamage,,Unarmored,,,,TRUE,,Hooligans,1,30,,,,,Singular Iron Pipe,,Fatman,,,Don's Toupee,Skin1,Male_Face3,beard_yellow_full,,,,NPC MALE Hooligans Pants 01,,NPC Male Hooligans Shoes 02,,,,,,4000,10000,3000,6000,1000,2000,50,75,DeathEffect1,,ExploMan,TRUE,,HitEffect1,,,,,,,
Aggressive Hooligan,Medium_HighDamage,,Unarmored,,,,TRUE,,Hooligans,1,30,,,,,Common Assault Rifle,,Rogue,,,Male_Hair_8,Skin4,Male_Face3,,,,,NPC MALE Hooligans Pants 02,,NPC Male Hooligans Shoes 01,,,,,,4000,10000,3000,6000,1000,2000,50,75,DeathEffect1,,ExploMan,TRUE,,HitEffect1,,,,,,,
Rebellious Hooligan,Small_LowDamage,,Unarmored,,,,TRUE,,Hooligans,1,30,,,,,Fine Wrench,,Rogue,,,Male_Hair_2,Skin1,Male_Face3,,,,,NPC MALE Hooligans Pants 02,,NPC Male Hooligans Shoes 01,,,,,,4000,10000,3000,6000,1000,2000,50,75,DeathEffect1,,ExploMan,TRUE,,HitEffect1,,,,,,,
Malicious Hooligan,Big_LowDamage,,Unarmored,,,,TRUE,,Hooligans,1,30,,,,,Okayish Plank,,Fatman,,,,Skin4,Male_Face3,,,,,NPC MALE Hooligans Pants 01,,NPC Male Hooligans Shoes 02,,,,,,4000,10000,3000,6000,1000,2000,50,75,DeathEffect1,,ExploMan,TRUE,115,HitEffect1,,,,,,,
Scarred Hooligan,Big_LowDamage,,Armored,,,,TRUE,,Hooligans,1,30,Hooligan Buff,,,,Basic .32 Pistol,,Tank,,,Male_Hair_8,Skin1,Male_Face1,,,,NPC MALE Hooligan Jacket 02,NPC MALE Hired Guns Pants 02,,NPC Male Hooligans Shoes 01,,,,,,4000,10000,3000,6000,1000,2000,50,75,DeathEffect1,,ExploMan,TRUE,,HitEffect1,,,,,,,
Cruel Hooligan,Small_HighDamage,,Unarmored,,,,TRUE,,Hooligans,1,30,Knucklesandwich,,,,Barebones Bat,,Rogue,,,Male_Hair_8,Skin1,Male_Face3,Burt_Mustache,,,,NPC MALE Hooligans Pants 01,,NPC Male Hooligans Shoes 02,,,,,,4000,10000,3000,6000,1000,2000,50,75,DeathEffect1,,ExploMan,TRUE,,HitEffect1,,,,,,,
Top Dog Hooligan,Small_LowDamage,,Unarmored,,,,TRUE,,Hooligans,1,30,,,,,Regular Knife,,Rogue,,,Male_Hair_8,Skin1,Male_Face3,,,,,NPC MALE Hooligans Pants 02,,NPC Male Hooligans Shoes 02,,,,,,4000,10000,3000,6000,1000,2000,50,75,DeathEffect1,,ExploMan,TRUE,,HitEffect1,,,,,,,
Nea,Small_LowDamage,,Unarmored,,,,,,Valkyries,1,30,,,,,,,RogueFemale,,,Female_Hair_1,female_skin1,Female_Face1,,,,NPC FEMALE Valkyeries Jacket 01,NPC FEMALE Valkyries Pants 01,,NPC Male Mad Dogs Shoes 01,NPC Belt,,,500,1100,4000,10000,3000,6000,1000,2000,50,75,DeathEffect1,,ExploMan,TRUE,100,HitEffect1,,,,,,,
Mia,Small_HighDamage,,Unarmored,,,,,,Valkyries,1,30,,,,,Good Jungle Knife,,RogueFemale,,,Female_Hair_8,female_skin3,Female_Face2,,,,NPC FEMALE Valkyeries Jacket 02,NPC FEMALE Valkyries Pants 02,,NPC Male Mad Dogs Shoes 01,NPC Belt,,,500,1100,4000,10000,3000,6000,1000,2000,50,75,DeathEffect1,,ExploMan,TRUE,100,HitEffect1,,,,,,,
Convict Emil,Small_LowDamage,,Unarmored,,,,,,Junkie,1,30,,,,,,,Junkie,,,Male_Hair_6,Skin4,Male_Face3,,,,,,,,,,TRUE,,,,,,,,,,75,DeathEffect1,,ExploMan,TRUE,100,HitEffect1,,,,,,,
Dawnbreak City Guide,Small_LowDamage,,Unarmored,,,,,,Labycore,,,,,,,,,RogueFemale,,,Female_Hair_3,female_skin1,Female_Face1,,,NPC Aviators,Acute Suit Jacket,NPC GENERIC Black Pants,NPC Normal Gloves,NPC Male Mad Dogs Shoes 01,NPC Belt,,,500,1100,4000,10000,3000,6000,1000,2000,50,75,DeathEffect1,,ExploMan,TRUE,100,HitEffect1,,,,,,,
Labycore Interrogator,Small_LowDamage,,Unarmored,,,,TRUE,,Labycore,,,,,,,,,Rogue,,,Male_Hair_2_black,Skin2,Male_Face1,,,,High-Power Suit Jacket,NPC GENERIC Black Pants,,NPC Male Mad Dogs Shoes 01,,,,500,1100,4000,10000,3000,6000,1000,2000,50,75,DeathEffect1,,ExploMan,TRUE,100,HitEffect1,,,,,,,
Emily Cartwright,Small_LowDamage,,Unarmored,,,,,,Resistance,,,,,,,,,RogueFemale,,,Female_Hair_4,female_skin2,Female_Face1,,,,Dawnbreak Shirt,Regular Stonewashed,,NPC Male Mad Dogs Shoes 01,,,,500,1100,4000,10000,3000,6000,1000,2000,50,75,DeathEffect1,,ExploMan,TRUE,100,HitEffect1,,,,,,,
Officer Smith,Suicide_Mob,,Unarmored,,,,,,Labycore,,,,,,,,,Rogue,,,Male_Hair_5_black,Skin4,Male_Face1,,,NPC Aviators,High-Power Suit Jacket,NPC GENERIC Black Pants,,Standard Boots,,,,500,1100,4000,10000,3000,6000,1000,2000,50,75,DeathEffect1,,ExploMan,TRUE,100,HitEffect1,VoBloodpitsMaleDeath,,,,,,
Luke Ruth,Small_LowDamage,,Unarmored,,,,,,Resistance,,,,,,,,,Rogue,,,Male_Hair_5,Skin4,Male_Face3,,Genuine Brimmed Hat,NPC Aviators,Dawnbreak Shirt,Regular Stonewashed,,NPC Male Mad Dogs Shoes 01,,,,500,1100,4000,10000,3000,6000,1000,2000,50,75,DeathEffect1,,ExploMan,TRUE,100,HitEffect1,,,,,,,
Interrogated Victim,Small_LowDamage,,Unarmored,,,,,,Resistance,,,,,,,,,Junkie_Sleep,,,Male_Hair_1,Skin2,Male_Face6,,,,Poor Orange Worker Coat,NPC GENERIC Jeans,,NPC Male Mad Dogs Shoes 01,,,TRUE,,,,0,,6000,1000,2000,50,75,DeathEffect1,,ExploMan,TRUE,100,HitEffect1,,,,,,,
John Casmir,Small_LowDamage,,Unarmored,,,,,,Resistance,1,30,,,,,,,Tank,,,Male_Hair_8,Skin6,Male_Face2,beard_yellow_full,Lame Hat,NPC Aviators,Dawnbreak Shirt,Regular Stonewashed,,NPC Male Mad Dogs Shoes 01,,,,500,1100,4000,10000,3000,6000,1000,2000,50,75,DeathEffect1,,ExploMan,TRUE,100,HitEffect1,,,,,,,
Susie Cohen,Small_LowDamage,,Unarmored,,,,,,Resistance,,,,,,,,,RogueFemale,,,Female_Hair_7,female_skin2,Female_Face2,,,,NPC Harbor Worker Blue Jacket,NPC GENERIC Black Pants,,NPC Male Mad Dogs Shoes 01,,,,500,1100,4000,10000,3000,6000,1000,2000,50,75,DeathEffect1,,ExploMan,TRUE,100,HitEffect1,,,,,,,
Oscar Cohen,Small_LowDamage,,Unarmored,,,,,,Resistance,,,,,,,,,Fatman,,,Male_Hair_2_black,Skin1,Male_Face7,Beard_Long,,,Acute Suit Jacket,NPC GENERIC Jeans,,NPC Male Mad Dogs Shoes 01,,,,500,1100,4000,10000,3000,6000,1000,2000,50,75,DeathEffect1,,ExploMan,TRUE,100,HitEffect1,,,,,,,
Orion Skyhigh,Small_LowDamage,,Unarmored,,,,,,Resistance,,,,,,,,,Junkie_Sit,,,Male_Hair_2,Skin1,Male_Face1,,,,Dawnbreak Shirt,Regular Stonewashed,,NPC Male Mad Dogs Shoes 01,,,,500,1100,4000,10000,3000,6000,1000,2000,50,75,DeathEffect1,,ExploMan,TRUE,100,HitEffect1,,,,,,,
Member of the Resistance,Small_LowDamage,,Unarmored,,,,,,Resistance,,,,,,,,,Rogue,,,Male_Hair_2,Skin4,Male_Face3,,Lame Hat,,Dawnbreak Shirt,Regular Stonewashed,,NPC Male Mad Dogs Shoes 01,,,,500,1100,4000,10000,3000,6000,1000,2000,50,75,DeathEffect1,,ExploMan,TRUE,100,HitEffect1,,,,,,,
Michael Dunden,Small_LowDamage,,Unarmored,,,,,,Resistance,1,30,,,,,Credible Monkey Wrench,,Fatman,,,Male_Hair_3_black,Skin1,Male_Face3,Chin_Beard,,NPC Aviators,Dawnbreak Shirt,Regular Stonewashed,,NPC Male Mad Dogs Shoes 01,,,,500,1100,4000,10000,3000,6000,1000,2000,50,75,DeathEffect1,,ExploMan,TRUE,100,HitEffect1,,,,,,,
Nicholas Morgil,Small_LowDamage,,Unarmored,,,,,,Resistance,1,30,,,,,,,Tank,,,Male_Hair_2,Skin3,Male_Face2,,,NPC Aviators,Dawnbreak Shirt,Regular Stonewashed,,NPC Male Mad Dogs Shoes 01,NPC Belt,,,500,1100,4000,10000,3000,6000,1000,2000,50,75,DeathEffect1,,ExploMan,TRUE,100,HitEffect1,,,,,,,
Casey Jones,Small_HighDamage,,Unarmored,,,,,,Resistance,1,30,,,,,First-Class Hydraulic Hammer,,Tank,,,Male_Hair_3,Skin1,Male_Face3,Burt_Mustache,,,Dawnbreak Shirt,Regular Stonewashed,,NPC Male Mad Dogs Shoes 01,,,,500,1100,4000,10000,3000,6000,1000,2000,50,75,DeathEffect1,,ExploMan,TRUE,100,HitEffect1,,,,,,,
Lemmy Colorado,Small_LowDamage,,Unarmored,,,,,,Resistance,1,30,,,,,,,Fatman,,,Male_Hair_3,Skin3,Male_Face2,Burt_Mustache,,NPC Aviators,Worthless Blue Sweater,Singular White Pants,,Simple Black Shoes,,,,500,1100,4000,10000,3000,6000,1000,2000,50,75,DeathEffect1,,ExploMan,TRUE,100,HitEffect1,,,,,,,
Verm Geggison,Small_HighDamage,,Unarmored,,,,,,Resistance,1,30,,,,,Good Jungle Knife,,Rogue,,,Male_Hair_1,Skin6,Male_Face1,,,NPC Aviators,Dawnbreak Shirt,Regular Stonewashed,,NPC Male Mad Dogs Shoes 01,,High-Power Scarf,,500,1100,4000,10000,3000,6000,1000,2000,50,75,DeathEffect1,,ExploMan,TRUE,100,HitEffect1,,,,,,,
Mr. Forsten,Small_HighDamage,,Unarmored,,,,,,Resistance,1,30,,,,,SWAT Shotgun HO-30,,Rogue,,,Male_Hair_4_black,Skin1,Male_Face2,Chin_Beard_red,,,Dawnbreak Shirt,Regular Stonewashed,,NPC Male Mad Dogs Shoes 01,,Greater Scarf,,500,1100,4000,10000,3000,6000,1000,2000,50,75,DeathEffect1,,ExploMan,TRUE,100,HitEffect1,,,,,,,
Willie Jackman,Small_LowDamage,,Unarmored,,,,,,Resistance,,,,,,,,,Rogue,,,Male_Hair_5,Skin1,Male_Face2,,,,Dawnbreak Shirt,Regular Stonewashed,,NPC Male Mad Dogs Shoes 01,,,,500,1100,4000,10000,3000,6000,1000,2000,50,75,DeathEffect1,,ExploMan,TRUE,100,HitEffect1,,,,,,,
Hox the Junkie,Small_LowDamage,,Unarmored,,,,,,Resistance,1,30,,,,,,,Junkie_Sit,,,Male_Hair_2,Skin1,Male_Face3,,Lame Hat,,Dawnbreak Shirt,Regular Stonewashed,,NPC Male Mad Dogs Shoes 01,,,,500,1100,4000,10000,3000,6000,1000,2000,50,75,DeathEffect1,,ExploMan,TRUE,100,HitEffect1,,,,,,,
Ann Lin,Small_LowDamage,,Unarmored,,,,,,Resistance,1,30,,,,,,,RogueFemale,,,Female_Hair_2_black,female_skin3,Female_Face2,,,,Dawnbreak Shirt,Regular Stonewashed,,NPC Male Mad Dogs Shoes 01,,Radical Scarf,,500,1100,4000,10000,3000,6000,1000,2000,50,75,DeathEffect1,,ExploMan,TRUE,100,HitEffect1,,,,,,,
Terese Triware,Small_LowDamage,,Unarmored,,,,,,Resistance,1,30,,,,,,,RogueFemale,,,Female_Hair_7_blonde,female_skin1,Female_Face2,,,NPC Aviators,Dawnbreak Shirt,Regular Stonewashed,,NPC Male Mad Dogs Shoes 01,,,,500,1100,4000,10000,3000,6000,1000,2000,50,75,DeathEffect1,,ExploMan,TRUE,100,HitEffect1,,,,,,,
Gilbert Crothers,Small_LowDamage,,Unarmored,,,,,,Resistance,,,,,,,,,Fatman,,,Male_Hair_4,Skin3,Male_Face1,Burt_Mustache,,,NPC Harbor Worker Blue Jacket,NPC MALE Docker Worker Pants 02,,NPC Male Mad Dogs Shoes 01,NPC Belt,,,500,1100,4000,10000,3000,6000,1000,2000,50,75,DeathEffect1,,ExploMan,TRUE,100,HitEffect1,,,,,,,
Murphy,Small_LowDamage,,Unarmored,,,,,,Resistance,1,2,,,,,,,Rogue,,Sleep,Male_Hair_13,Skin2,Male_Face12,Beard_Long,,,Standard Gray Sweater,NPC GENERIC Black Pants,,Dawnbreak Shoes,,,,1200,1200,,0,6000,10000,1000,2000,,120,DeathEffect1,,,,100,HitEffect1,,,,,,,
George The Handyman,Player_Healer,Doctor,Unarmored,,,,,,General,2,3,Grenade,,,,Typical Battle Rifle,,Tank,,Sleep,Male_Hair_4,Skin1,Male_Face3,beard_red_full,,,Singular Camo Shirt,Everyday Leather Trousers,,Standard Boots,,,,1200,1200,,0,6000,10000,1000,2000,,120,DeathEffect1,,,,100,HitEffect1,,,,,,,
MalePlayerConstructionWorker,Player_Tank,Bodyguard,,,,,,,Player,,,,,,,,,Tank,,Sleep,Male_Hair_7,Skin1,Male_Face6,,,,Worn Leisure Coat,Mighty Pants of Awesomeness,,Boots of Normal,,,,1200,1200,,,3000,6000,1000,2000,,120,DeathEffect1,,,,100,HitEffect1,,,,,,,
MalePlayerDoctor,Player_Healer,Doctor,,,,,,,Player,,,,,,,,,Rogue,,Sleep,Male_Hair_7,Skin1,Male_Face6,,,,Worm Gray Sweater,Reviving Scrubs of Epic,,Diagnostic's Clogs of Mundane,,,,1200,1200,,,3000,6000,1000,2000,,120,DeathEffect1,,,,100,HitEffect1,,,,,,,
MalePlayerDeerHunter,Player_Damage,Hunter,,,,,,,Player,,,,,,,,,Rogue,,Sleep,Male_Hair_7,Skin1,Male_Face6,,,,Worn Old Sweater,Fluffy Pants of Legendary,,Fluffy Shoes of Ordinary,,,,1200,1200,,,3000,6000,1000,2000,,120,DeathEffect1,,,,100,HitEffect1,,,,,,,
FemalePlayerMarine,Player_Tank,Bodyguard,,,,,,,Player,,,,,,,,,TankFemale,,Sleep,Female_Hair_4,female_skin1,Female_Face1,,,,Worn Leisure Coat,Mighty Pants of Awesomeness,,Boots of Normal,,,,1200,1200,,,3000,6000,1000,2000,,120,DeathEffect1,,,,100,HitEffect1,,,,,,,
FemalePlayerDoctor,Player_Healer,Doctor,,,,,,,Player,,,,,,,,,RogueFemale,,Sleep,Female_Hair_4_blonde,female_skin2,Female_Face1,,,,Worm Gray Sweater,Reviving Scrubs of Epic,,Diagnostic's Clogs of Mundane,,,,1200,1200,,,3000,6000,1000,2000,,120,DeathEffect1,,,,100,HitEffect1,,,,,,,
FemalePlayerDeerHunter,Player_Damage,Hunter,,,,,,,Player,,,,,,,,,RogueFemale,,Sleep,Female_Hair_4,female_skin1,Female_Face1,,,,Worn Old Sweater,Fluffy Pants of Legendary,,Fluffy Shoes of Ordinary,,,,1200,1200,,,3000,6000,1000,2000,,120,DeathEffect1,,,,100,HitEffect1,,,,,,,
Voodoo Informant,Small_LowDamage,,Unarmored,,,,,,Sewer Voodoo,1,30,,,,,,,RogueFemale,,,Female_Hair_4,female_skin3,Female_Face1,,,,NPC MALE Voodoo Jacket 02,NPC MALE Voodoo Pants 02,,NPC Male Mad Dogs Shoes 01,,,,500,750,4000,10000,3000,6000,1000,2000,50,75,DeathEffect1,,,,100,HitEffect1,,,,,,,
Miranda,Small_LowDamage,,Unarmored,,,,,,Valkyries,,,,,,,,,TankFemale,,,Female_Hair_7,female_skin1,Female_Face1,,,,NPC FEMALE Valkyeries Jacket 01,NPC FEMALE Valkyries Pants 01,,NPC Male Mad Dogs Shoes 01,,,,500,750,4000,10000,3000,6000,1000,2000,50,75,,,,,100,,,,,,,,
Voodoo Mambo,Small_LowDamage,,Unarmored,,,,,,Sewer Voodoo,1,30,,,,,Simple Jungle Knife,,RogueFemale,,,Female_Hair_6,female_skin3,Female_Face1,,,NPC Aviators,NPC MALE Voodoo Jacket 01,NPC MALE Voodoo Pants 01,,NPC Female Valkyries Shoes 02,NPC Belt,,,500,750,4000,10000,3000,6000,1000,2000,50,75,DeathEffect1,,ExploMan,TRUE,105,HitEffect1,,,,,,,
Bolivar Torina,Small_LowDamage,,Unarmored,,,,,,13 Diablos,,,,,,,Ideal Knife,,Fatman,,,Male_Hair_3,Skin1,Male_Face3,,,,NPC MALE 13 Diablos Jacket 02,NPC MALE 13 Diablos Pants 02,,NPC Male Mad Dogs Shoes 01,NPC Belt,,,500,750,4000,10000,3000,6000,1000,2000,50,75,,,,,100,,,,,,,,
Raquel,Small_LowDamage,,Unarmored,,,,,,Valkyries,,,,,,,Ideal Knife,,ChubbyFemale,,,Female_Hair_4,female_skin2,Female_Face2,,,,NPC FEMALE Valkyeries Jacket 02,NPC FEMALE Valkyries Pants 02,,NPC Male Mad Dogs Shoes 01,NPC Belt,,,500,750,4000,10000,3000,6000,1000,2000,50,75,,,,,100,,,,,,,,
Walter Manners,Big_HighDamage,,Unarmored,,,,,,Resistance,1,30,,,,1,Crappy 12G Shotgun,,Rogue,,,Male_Hair_1,Skin1,Male_Face3,Beard_Long,,NPC Aviators,NPC Harbor Worker Blue Jacket,NPC MALE Docker Worker Pants 02,,NPC Male Mad Dogs Shoes 01,,,,500,750,4000,10000,3000,6000,1000,2000,50,75,DeathEffect1,,ExploMan,TRUE,100,HitEffect1,,,,,,,
Saul Ouzts,Small_LowDamage,,Unarmored,,,,,,13 Diablos,,,,,,,,,Fatman,,,Male_Hair_7,Skin5,Male_Face3,,,,Shabby Blue Sport Coat,NPC GENERIC Black Pants,,NPC Male Mad Dogs Shoes 01,NPC Belt,,,500,750,4000,10000,3000,6000,1000,2000,50,75,DeathEffect1,,ExploMan,TRUE,100,HitEffect1,,,,,,,
Green Pete,Small_LowDamage,,Unarmored,,,,,,Resistance,,,,,,,,,Rogue,,,Don's Toupee,Skin2,Male_Face1,,,,Poor Blue Sport Coat,NPC GENERIC Black Pants,,NPC Male Mad Dogs Shoes 01,,,,500,750,4000,10000,3000,6000,1000,2000,50,75,,,,,100,,,,,,,,
Xavier Chiarello,Big_LowDamage,,Unarmored,,,,,,13 Diablos,1,30,,,,,,,Fatman,,,Male_Hair_7,Skin5,Male_Face3,,,,NPC MALE 13 Diablos Jacket 01,NPC MALE 13 Diablos Pants 01,,NPC Male Mad Dogs Shoes 01,NPC Belt,,,500,750,4000,10000,3000,6000,1000,2000,50,75,DeathEffect1,,ExploMan,TRUE,100,HitEffect1,,,,,,,
Ricky Martinique,Big_HighDamage_Escort,,Unarmored,,,,,,13 Diablos,1,30,,,,,Crappy 12G Shotgun,,Rogue,,,Male_Hair_1,Skin1,Male_Face3,Burt_Mustache,,,NPC MALE 13 Diablos Jacket 01,NPC GENERIC Jeans,,NPC Male 13 Diablos Shoes 01,,,,500,750,4000,10000,3000,6000,1000,2000,50,75,DeathEffect1,,ExploMan,TRUE,100,HitEffect1,,,,,,,
Ling Chon,Small_LowDamage,,Unarmored,,,,,,13 Diablos,1,30,,,,,Lousy .40 Pistol,,RogueFemale,,,Female_Hair_1,female_skin1,Female_Face1,,,,NPC MALE 13 Diablos Jacket 01,NPC GENERIC Jeans,,NPC Male Mad Dogs Shoes 01,,,,500,750,4000,10000,3000,6000,1000,2000,50,75,DeathEffect1,,ExploMan,TRUE,100,HitEffect1,,,,,,,
De La Vega,Medium_LowDamage_Escort,,Armored,,,,,,13 Diablos,1,30,,,,,Crappy 9mm Pistol,,Tank,,,Don's Toupee,Skin6,Male_Face2,beard_yellow_full,,,NPC MALE 13 Diablos Jacket 01,NPC MALE 13 Diablos Pants 01,,NPC Male 13 Diablos Shoes 01,NPC Belt,,,500,750,4000,10000,3000,6000,1000,2000,50,75,DeathEffect1,,ExploMan,TRUE,100,HitEffect1,,,,,,,
Natalie,Big_LowDamage,,Unarmored,,,,,,Valkyries,1,30,,,,,Lousy .40 Pistol,,RogueFemale,,,Female_Hair_8,female_skin1,Female_Face1,,,,NPC FEMALE Valkyeries Jacket 01,NPC FEMALE Valkyries Pants 02,,NPC Male Mad Dogs Shoes 01,,,,500,750,4000,10000,3000,6000,1000,2000,50,75,,,,,100,,,,,,,,
Miss Amber,Big_HighDamage,,Unarmored,,,,TRUE,,Eastern Queens,1,30,,,,,Nifty Minigun,Dynamite Pig,TankFemale,,,Female_Hair_1,female_skin2,Female_Face2,,,,NPC FEMALE Eastern Queen Shirt 02,NPC FEMALE Eastern Queen Pants 02,,NPC Female Eastern Queens Shoes 02,,,,375,750,4000,10000,3000,6000,1000,2000,70,75,DeathEffect1,,ExploMan,TRUE,100,HitEffect1,,,,,,,
Grim Destroyer,Big_HighDamage,,Armored,,,,TRUE,,Labycore,1,30,,,,,Good Minigun of Suffer,,NPC_M_Antiriot_Cop,,,,Labycorp_AntiRiot_Suit,,,,,,,,,,,,,,4000,10000,3000,6000,1000,2000,50,75,DeathEffect1,,ExploMan,TRUE,110,HitEffect1,,,,,,,
Bullet-Tooth,Mini_Boss_Default,,Unarmored,,,,TRUE,,Hooligans,1,30,Wounding Shot,,,,Mighty Revolver,,Rogue,,,Male_Hair_1,Skin6,Male_Face2,,,NPC Aviators,NPC MALE Hooligan Jacket 02,NPC MALE Hooligans Pants 01,,NPC Male Mad Dogs Shoes 01,,Boosted Necklace,,,,4000,10000,3000,6000,1000,2000,50,75,,,,,119,,VoBossDeathBigThug,,,,,,
,,,,,,,,,,,,Grenade,,,,,,,,,,,,,,,,,,,,,,,,,,,,,,,,,,,,,,,,,,,,
Maria,Big_LowDamage_Escort,,Armored,,,,,,Resistance,1,30,,,,,Marvelous .308 Bolt-Action,,RogueFemale,,,Female_Hair_6_black,female_skin3,Female_Face1,,,,Dawnbreak Shirt,Dawnbreak Jeans,,NPC Male Mad Dogs Shoes 01,NPC Belt,Radical Scarf,,500,750,4000,10000,3000,6000,1000,2000,50,75,,,,,100,,,,,,,,
Mad Dog Gunner,Medium_HighDamage,,Unarmored,,,,TRUE,,Mad Dogs,1,30,Healing Power,,,,SWAT Shotgun HO-30,,Rogue,,,Male_Hair_5,Skin3,Male_Face2,,,NPC Aviators,Submariner's Suit Jacket,Usual Suit Trousers,,Cool Black Shoes,,,,,,4000,10000,4000,8000,1000,2000,70,75,DeathEffect1,,ExploMan,TRUE,,HitEffect1,,,,,,,
Mad Dog Fighter,Big_LowDamage,,Unarmored,,,,TRUE,,Mad Dogs,1,30,Grenade,,,,Average Monkey Wrench,,Tank,,,Male_Hair_5,Skin1,Male_Face3,,Everyday Fedora Hat,,High-Power Suit Jacket,Usual Suit Trousers,,NPC Male Mad Dogs Shoes 02,,,,,,4000,10000,6000,6000,1000,2000,70,100,DeathEffect1,,ExploMan,TRUE,,HitEffect1,,,,,,,
Mad Dog Runner,Small_HighDamage,,Unarmored,,,,TRUE,,Mad Dogs,1,30,Slammer,,,,Standard .32 Pistol,,Rogue,,,Male_Hair_3,Skin4,Male_Face1,,,NPC Aviators,Street Wise Suit Jacket,Plain Suit Trousers,,Cool Black Shoes,,,,,,4000,10000,6000,6000,1000,2000,70,75,DeathEffect1,,ExploMan,TRUE,,HitEffect1,,,,,,,
Chief Engineer,Boss_Tier3,,Armored,Cyber Chips,,,TRUE,,Mad Dogs,30,30,Wushu Hit,,Plans: Elegant Walkers,,Revenger's Knife,,CyberGirl,,,Female_Hair_10,female_skin2,Female_Face1,,Rebel's Fedora Hat,NPC Aviators,High-Power Suit Jacket,Plain Suit Trousers,,Cool Black Shoes,,,,,,4000,10000,6000,6000,1000,2000,70,100,Decapitation,TRUE,Decapitation,TRUE,125,HitEffect1,VoBossDeathBigThug,,,,,,
,,,,,,,,,,,,Wushu Push,,Plans: Fine Walkers,,,,,,,,,,,,,,,,,,,,,,,,,,,,,,,,,,,,,,,,,,
,,,,,,,,,,,,Wushu Stun,,Plans: Radical Custom Jacket,,,,,,,,,,,,,,,,,,,,,,,,,,,,,,,,,,,,,,,,,,
,,,,,,,,,,,,Stun Grenade,,Plans: Marvelous Wrap,,,,,,,,,,,,,,,,,,,,,,,,,,,,,,,,,,,,,,,,,,
,,,,,,,,,,,,,,Plans: K12,,,,,,,,,,,,,,,,,,,,,,,,,,,,,,,,,,,,,,,,,,
,,,,,,,,,,,,,,Plans: Cluster Stimulator Jacket,,,,,,,,,,,,,,,,,,,,,,,,,,,,,,,,,,,,,,,,,,
,,,,,,,,,,,,,,Plans: Nuclear Coat,,,,,,,,,,,,,,,,,,,,,,,,,,,,,,,,,,,,,,,,,,
,,,,,,,,,,,,,,Plans: Six Saver [Insta-Healer],,,,,,,,,,,,,,,,,,,,,,,,,,,,,,,,,,,,,,,,,,
Shady Dealer,Big_LowDamage,,Unarmored,,,,,,Resistance,1,30,,,,,,,Rogue,,,Male_Hair_4,Skin1,Male_Face2,,,NPC Aviators,NPC Harbor Worker Blue Jacket,NPC MALE Docker Worker Pants 02,,NPC Male Mad Dogs Shoes 01,,,,750,1100,4000,10000,3000,6000,,,,75,DeathEffect1,,ExploMan,TRUE,,HitEffect1,,,,,,,
Mr. Smith,Boss_Default,,Unarmored,,,,TRUE,,Mad Dogs,1,30,Wounding Shot,,Plans: Suspect Strap,,Crappy 12G Sawed-off,,Rogue,,,Don's Toupee,Skin6,Male_Face2,beard_yellow_full,Simple Fedora Hat,NPC Aviators,Elegant Suit Jacket,Common Suit Trousers,,Cool Black Shoes,,,,,,2000,4000,6000,6000,1000,2000,70,75,Decapitation,TRUE,Decapitation,TRUE,135,HitEffect1,VoBossDeathBigThug,,,,,,
Labycore Scientist,Small_HighDamage,,Armored,,,,TRUE,,Labycore,1,30,Stun Grenade,,,,Toxine-Heal Gun,,Tank,,,Male_Hair_7,Skin1,Male_Face1,beard_black_full,,,Healing Scrubs of Epic,NPC MALE Hired Guns Pants 02,,Average Black Shoes,,,,500,1100,4000,10000,3000,6000,1000,2000,80,100,,,,,,,,,,,,,
,,,,,,,,,,,,Powerful Healing Shot,,,,,,,,,,,,,,,,,,,,,,,,,,,,,,,,,,,,,,,,,,,,
Nick The Scientist,Big_LowDamage,,Unarmored,,,,,,Labycore,1,30,,,,,Toxine-Heal Gun,,Tank,,,Male_Hair_1,Skin1,Male_Face9,,,,NPC MALE Scientist Jacket,NPC GENERIC Black Pants,,NPC Male Mad Dogs Shoes 01,,,,500,1100,4000,10000,3000,6000,1000,2000,50,75,,,,,100,,,,,,,,
Snow Sentrybot,Elite_Big_HighDamage,,Mechanical,,,,TRUE,,Labycore,1,30,,,,,Regular Minigun,,NPC_Sentrybot,,,,Sentrybot_white,,,,,,,,,,,,900,,2000,4000,6000,6000,1000,2000,70,75,ExploRobot,TRUE,ExploRobot,TRUE,100,,VoBossDeathMechanical,,,,,,
Bob,Big_HighDamage,,Unarmored,,,,,,Resistance,1,30,,,,,Typical Battle Rifle,,Fatman,,,Male_Hair_3,Skin4,Male_Face1,Burt_Mustache,,NPC Aviators,NPC Harbor Worker Blue Jacket,NPC MALE Docker Worker Pants 02,,NPC Male Mad Dogs Shoes 01,,,,500,1100,4000,10000,3000,6000,1000,2000,50,75,,,,,100,,,,,,,,
Labycore Trooper,Big_HighDamage,,Armored,,,,,,Labycore,1,30,,,,,Assault Rifle,,NPC_M_Antiriot_Cop,,,,Labycorp_AntiRiot_Suit,,,,,,,,,,,,500,1100,4000,10000,6000,6000,1000,2000,70,100,DeathEffect1,,ExploMan,TRUE,107,HitEffect1,,,VoTrooperMaleGreetings,VoTrooperMaleBye,,,
Freddie,Big_LowDamage,,Unarmored,,,,,,Resistance,1,30,,,,,,,Tank,,,Male_Hair_7,Skin4,Male_Face1,,,,Dirty Blue Sweater,Radical White Pants,,NPC Male Mad Dogs Shoes 01,,,,500,1100,4000,10000,3000,6000,1000,2000,50,75,DeathEffect1,,ExploMan,TRUE,100,HitEffect1,,,,,,,
Labycore Suit,Small_LowDamage,,Unarmored,,,,,,Labycore,1,30,,,,,"Labytech Pistol, LBTP-02",,Rogue,,,Male_Hair_3_black,Skin2,Male_Face2,,,NPC Aviators,High-Power Suit Jacket,NPC GENERIC Black Pants,NPC Normal Gloves,Everyday Black Shoes,,,,500,1100,4000,10000,3000,6000,1000,2000,50,75,DeathEffect1,,ExploMan,TRUE,100,HitEffect1,,,,,,,
Security Officer,Small_LowDamage,,Unarmored,,,,TRUE,,Labycore,1,30,,,,,NPC_Police Baton,,NPC_M_Antiriot_Cop,,,,Labycorp_AntiRiot_Suit,,,,,,,,,,,,500,1100,4000,10000,6000,6000,1000,2000,70,75,DeathEffect1,,ExploMan,TRUE,,HitEffect1,,,,,,,
Lucie,Small_LowDamage,,Unarmored,,,,,,Valkyries,1,30,,,,,,,TankFemale,,,Female_Hair_5,female_skin1,Female_Face1,,,,NPC FEMALE Eastern Queen Shirt 01,NPC GENERIC Black Pants,NPC Normal Gloves,NPC Male Mad Dogs Shoes 01,,,,500,1100,4000,10000,3000,6000,1000,2000,50,75,DeathEffect1,,ExploMan,TRUE,100,HitEffect1,,,,,,,
Tommy,Big_LowDamage,,Unarmored,,,,,,Resistance,1,30,,,,,,,Tank,,,Male_Hair_1,Skin1,Male_Face2,,,NPC Aviators,NPC Harbor Worker Blue Jacket,NPC GENERIC Jeans,,NPC Male Mad Dogs Shoes 01,,,,500,1100,4000,10000,3000,6000,1000,2000,50,75,DeathEffect1,,ExploMan,TRUE,100,HitEffect1,,,,,,,
The Red Spider Mite,Boss_Tier2,,Mechanical,,,,TRUE,,Labycore,30,30,Overrun by Spider,,Plans: Genuine Tactical Gloves,,Solar Minigun,,NPC_Spiderbot,,,,Spiderbot_red,,,,,,,,,,,,,,4000,10000,3000,6000,1000,2000,50,75,ExploRobot,TRUE,ExploRobot,TRUE,110,HitEffect1,VoBossDeathMechanical,,,,,,
,,,,,,,,,,,,Fire Rocket,,Plans: Credible Protective Gloves,,,,,,,,,,,,,,,,,,,,,,,,,,,,,,,,,,,,,,,,,,
,,,,,,,,,,,,,,Plans: Acute Custom Jacket,,,,,,,,,,,,,,,,,,,,,,,,,,,,,,,,,,,,,,,,,,
,,,,,,,,,,,,,,Plans: Great Custom Jacket,,,,,,,,,,,,,,,,,,,,,,,,,,,,,,,,,,,,,,,,,,
,,,,,,,,,,,,,,Plans: Acute Protector,,,,,,,,,,,,,,,,,,,,,,,,,,,,,,,,,,,,,,,,,,
,,,,,,,,,,,,,,Plans: Burrito,,,,,,,,,,,,,,,,,,,,,,,,,,,,,,,,,,,,,,,,,,
,,,,,,,,,,,,,,Plans: Infecting Heart Boots,,,,,,,,,,,,,,,,,,,,,,,,,,,,,,,,,,,,,,,,,,
,,,,,,,,,,,,,,Plans: Explosive Cluster Boots,,,,,,,,,,,,,,,,,,,,,,,,,,,,,,,,,,,,,,,,,,
,,,,,,,,,,,,,,Plans: Worldslayer [Bulwark],,,,,,,,,,,,,,,,,,,,,,,,,,,,,,,,,,,,,,,,,,
Desperate Tommy,Big_HighDamage,,Unarmored,,,,,,Sewer Voodoo,1,30,Slammer,,,,Street Credible Bat,,Tank,,,Male_Hair_1,Skin1,Male_Face2,,,NPC Aviators,NPC MALE Voodoo Jacket 01,NPC GENERIC Black Pants,,NPC Male Mad Dogs Shoes 01,,,,500,1100,4000,10000,3000,6000,1000,2000,50,75,DeathEffect1,,ExploMan,TRUE,100,HitEffect1,,,,,,,
William Cage,Small_HighDamage,,Unarmored,,,,,,Resistance,1,30,,,,,Exquisite Shovel,,Rogue,,,Male_Hair_5,Skin1,Male_Face3,,,NPC Aviators,NPC Harbor Worker Blue Jacket,NPC GENERIC Jeans,,NPC Male Mad Dogs Shoes 01,,,,500,1100,4000,10000,3000,6000,1000,2000,50,75,DeathEffect1,,ExploMan,TRUE,100,HitEffect1,,,,,,,
DAEMON,Boss_Default,,Mechanical,,,,TRUE,,Labycore,30,30,Fire Rocket,,Plans: Worthy Tactical Gloves,,Regular Minigun,,NPC_Sentrybot,Idle,,,Sentrybot,,,,,,,,,,,,900,,4000,10000,3000,6000,1000,2000,50,75,ExploRobot,TRUE,ExploRobot,,100,HitEffect1,VoBossDeathMechanical,,,,,,
,,,,,,,,,,,,Riotbot Slammer,,Plans: Fine Protective Gloves,,,,,,,,,,,,,,,,,,,,,,,,,,,,,,,,,,,,,,,,,,
,,,,,,,,,,,,SentryBot Slammer,,Plans: Boosted Thick Pants,,,,,,,,,,,,,,,,,,,,,,,,,,,,,,,,,,,,,,,,,,
,,,,,,,,,,,,,,Plans: Acute Thick Pants,,,,,,,,,,,,,,,,,,,,,,,,,,,,,,,,,,,,,,,,,,
,,,,,,,,,,,,,,Plans: Jagged Thick Pants,,,,,,,,,,,,,,,,,,,,,,,,,,,,,,,,,,,,,,,,,,
,,,,,,,,,,,,,,Plans: Worthy Wrap,,,,,,,,,,,,,,,,,,,,,,,,,,,,,,,,,,,,,,,,,,
,,,,,,,,,,,,,,Plans: Excellent Wrap,,,,,,,,,,,,,,,,,,,,,,,,,,,,,,,,,,,,,,,,,,
,,,,,,,,,,,,,,Plans: Malkuth Sheath,,,,,,,,,,,,,,,,,,,,,,,,,,,,,,,,,,,,,,,,,,
Angel Garzon,Big_LowDamage,,Unarmored,,,,,,Resistance,1,30,,,,,,,Fatman,,,Male_Hair_3,Skin1,Male_Face2,Beard_Long,,,NPC Harbor Worker Blue Jacket,NPC MALE Docker Worker Pants 01,,NPC Male Mad Dogs Shoes 01,NPC Belt,,,500,1100,4000,10000,3000,6000,1000,2000,50,75,DeathEffect1,,ExploMan,TRUE,100,HitEffect1,,,,,,,
Inara,Big_LowDamage,,Unarmored,,,,,,Valkyries,1,30,,,,,,,RogueFemale,,,Female_Hair_3,female_skin3,Female_Face1,,,,NPC FEMALE Valkyeries Jacket 01,NPC FEMALE Valkyries Pants 02,NPC Normal Gloves,NPC Female Valkyries Shoes 02,,,,500,1100,4000,10000,3000,6000,1000,2000,50,75,DeathEffect1,,ExploMan,TRUE,100,HitEffect1,,,,,,,
Davey Knutsen,Big_LowDamage,,Unarmored,,,,,,Resistance,1,30,,,,,Basic .32 Pistol,,Tank,,,Male_Hair_4,Skin1,Male_Face1,Beard_Long,,,NPC MALE 13 Diablos Jacket 02,NPC MALE 13 Diablos Pants 01,,NPC Male 13 Diablos Shoes 01,,,,500,1100,4000,10000,3000,6000,1000,2000,50,75,DeathEffect1,,ExploMan,TRUE,100,HitEffect1,,,,,,,
Jarden Coggins,Big_LowDamage,,Unarmored,,,,,,Resistance,1,30,,,,,,,Rogue,,,Male_Hair_2,Skin2,Male_Face1,,,NPC Aviators,NPC MALE 13 Diablos Jacket 01,NPC MALE 13 Diablos Pants 02,,NPC Male 13 Diablos Shoes 01,,,,500,1100,4000,10000,3000,6000,1000,2000,50,75,DeathEffect1,,ExploMan,TRUE,100,HitEffect1,,,,,,,
Docker,Big_LowDamage,,Unarmored,,,,,,Resistance,1,30,,,,,Crappy 9mm Pistol,,Tank,,,Male_Hair_3,Skin1,Male_Face2,,,,NPC Harbor Worker Blue Jacket,NPC MALE Docker Worker Pants 02,,NPC Male Mad Dogs Shoes 01,NPC Belt,,,500,750,4000,10000,3000,6000,1000,2000,50,75,DeathEffect1,,ExploMan,TRUE,100,HitEffect1,,,,,,,
Security Trooper,Medium_HighDamage,,Unarmored,,,,TRUE,,Labycore,1,30,Grenade,,,,Assault Rifle,,NPC_M_Antiriot_Cop,,,,Labycorp_AntiRiot_Suit,,,,,,,,,,,,,,1100,4000,10000,3000,6000,1000,75,75,DeathEffect1,,ExploMan,TRUE,,HitEffect1,,,,,,,
Heavy Assault Trooper,Elite_Big_HighDamage,,Armored,,,,TRUE,,Labycore,1,30,,,,,Basic Minigun,,NPC_M_Antiriot_Cop,,,,Labycorp_AntiRiot_Elite_Suit,,,,,,,,,,,,,,4000,10000,3000,6000,1000,2000,70,75,DeathEffect1,,ExploMan,TRUE,,HitEffect1,,,,,,,
Bobby Boy,Small_HighDamage,,Unarmored,,,,TRUE,,Hooligans,1,30,,,,,Basic .32 Pistol,,Fatman,,,Male_Hair_8,Skin2,Male_Face1,,,,,NPC MALE Hooligans Pants 03,,NPC Male Hooligans Shoes 01,NPC Belt,,,,,4000,10000,3000,6000,1000,2000,70,75,DeathEffect1,,ExploMan,TRUE,,HitEffect1,,,,,,,
Angelina,Small_LowDamage,,Unarmored,,,,,,Valkyries,1,30,,,,,Basic .32 Pistol,,RogueFemale,,,Female_Hair_4,female_skin1,Female_Face1,,,,NPC FEMALE Valkyeries Jacket 01,NPC FEMALE Valkyries Pants 02,,NPC Male Mad Dogs Shoes 01,,,,500,1100,4000,10000,3000,6000,1000,2000,70,75,DeathEffect1,,ExploMan,TRUE,100,HitEffect1,,,,,,,
Selena,Small_LowDamage,,Unarmored,,,,,,Valkyries,1,30,,,,,,,RogueFemale,,,Female_Hair_7,female_skin1,Female_Face2,,,,NPC FEMALE Valkyeries Jacket 02,NPC FEMALE Valkyries Pants 01,,NPC Female Valkyries Shoes 02,,,,500,1100,4000,10000,3000,6000,1000,2000,70,75,DeathEffect1,,ExploMan,TRUE,90,HitEffect1,,,,,,,
Drill Master Morty,Big_LowDamage,,Unarmored,,,,TRUE,,Mad Dogs,1,30,,,,,Basic .32 Pistol,,Rogue,,,Male_Hair_2,Skin1,Male_Face1,Burt_Mustache,,,Elegant Suit Jacket,Average Suit Trousers,,Basic Black Shoes,NPC Belt,,,500,1100,400,10000,3000,6000,1000,2000,70,75,DeathEffect1,,ExploMan,TRUE,,HitEffect1,,,,,,,
Kaylee,Small_LowDamage,,Unarmored,,,,,,Valkyries,1,30,,,,,"Labytech Pistol, LBTP-03",,RogueFemale,,,Female_Hair_4,female_skin1,Female_Face3,,,,NPC FEMALE Valkyeries Jacket 02,NPC FEMALE Valkyries Pants 01,,NPC Female Valkyries Shoes 02,,,,500,1100,4000,10000,3000,6000,1000,2000,50,75,DeathEffect1,,ExploMan,TRUE,100,HitEffect1,,,,,,,
River,Big_LowDamage,,Unarmored,,,,,,Valkyries,1,30,,,,,,,RogueFemale,,,Female_Hair_1,female_skin1,Female_Face1,,,,NPC FEMALE Valkyeries Jacket 01,NPC FEMALE Valkyries Pants 02,,NPC Female Valkyries Shoes 01,NPC Belt,,,500,1100,4000,10000,3000,6000,1000,2000,50,75,Explosion,,,,,HitEffect1,,,,,,,
Mr. Gold,Small_LowDamage,,Unarmored,,,,,,Resistance,1,30,,,,,,,Rogue,,,,Skin1,Male_Face1,Beard_Long,,,,NPC MALE Docker Worker Pants 02,,NPC Male Mad Dogs Shoes 01,,,,500,1100,4000,10000,3000,6000,1000,2000,50,75,,,,,,,,,,,,,
Tollman,Small_LowDamage,,Unarmored,,,,,,Resistance,1,30,,,,,Anti-Tank Rifle,,Fatman,,,Male_Hair_8,Skin6,Male_Face2,Burt_Mustache,,,Hyena Jacket,NPC MALE Docker Worker Pants 02,,Dirty Shoes,NPC Belt,,,500,1100,4000,10000,3000,6000,1000,2000,50,75,,,,,110,,,,,,,,
Mrs. Yellow,Small_LowDamage,,Unarmored,,,,,,Valkyries,1,30,,,,,,,TankFemale,,,Female_Hair_8,female_skin2,Female_Face1,,,,NPC FEMALE Valkyeries Jacket 01,NPC FEMALE Valkyries Pants 02,,NPC Female Valkyries Shoes 01,,,,500,1100,4000,10000,3000,6000,1000,2000,50,75,,,,,100,,,,,,,,
Eve,Small_LowDamage,,Unarmored,,,,,,Valkyries,1,30,,,,,Basic .32 Pistol,,RogueFemale,,,Female_Hair_3,female_skin1,Female_Face1,,,,NPC FEMALE Valkyeries Jacket 02,NPC FEMALE Valkyries Pants 01,,NPC Female Valkyries Shoes 02,,,,500,1100,4000,10000,3000,6000,1000,2000,70,75,DeathEffect1,,ExploMan,TRUE,100,HitEffect1,,,,,,,
Duke,Big_LowDamage,,Unarmored,,,,,,Resistance,1,30,,,,,Basic .32 Pistol,,Tank,,,Male_Hair_3,Skin1,Male_Face1,Burt_Mustache,,,NPC Harbor Worker Blue Jacket,NPC MALE Docker Worker Pants 02,,NPC Male Mad Dogs Shoes 01,,,,500,1100,4000,10000,3000,6000,1000,2000,50,75,DeathEffect1,,ExploMan,TRUE,100,HitEffect1,,,,,,,
Sammy Schomer,Big_LowDamage,,Unarmored,,,,,,Resistance,1,30,,,,,Basic .32 Pistol,,Tank,,,Male_Hair_4,Skin1,Male_Face1,,,,NPC Harbor Worker Blue Jacket,NPC MALE Docker Worker Pants 02,,NPC Male Mad Dogs Shoes 01,,,,500,1100,4000,10000,3000,6000,1000,2000,50,75,DeathEffect1,,ExploMan,TRUE,100,HitEffect1,,,,,,,
Ralph Cox,Big_HighDamage,,Unarmored,,,,,,13 Diablos,1,30,,,,,Crappy 12G Sawed-off,,Rogue,,,,Skin1,Male_Face3,Beard_Long,,,NPC MALE 13 Diablos Jacket 01,NPC GENERIC Jeans,,NPC Male 13 Diablos Shoes 02,NPC Belt,,,500,750,4000,10000,3000,6000,1000,2000,50,75,DeathEffect1,,ExploMan,TRUE,100,HitEffect1,,,,,,,
Crazy Pete,Big_LowDamage,,Unarmored,,,,TRUE,,Hooligans,1,30,,,,,Basic .32 Pistol,,Rogue,,,Don's Toupee,Skin1,Male_Face1,Burt_Mustache,,,NPC MALE Hooligan Jacket 02,NPC MALE Hooligans Pants 03,,NPC Male Hooligans Shoes 02,NPC Belt,,,500,1100,400,10000,3000,6000,1000,2000,70,75,DeathEffect1,,ExploMan,TRUE,,HitEffect1,,,,,,,
Max The Wacko,Big_LowDamage,,Unarmored,,,,TRUE,,Hooligans,1,30,,,,,Basic .32 Pistol,,Tank,,,Male_Hair_2,Skin1,Male_Face1,Burt_Mustache,,,,NPC MALE Hooligans Pants 01,,NPC Male Hooligans Shoes 02,NPC Belt,,,500,1100,400,10000,3000,6000,1000,2000,70,75,DeathEffect1,,ExploMan,TRUE,,HitEffect1,,,,,,,
Mental Mike,Big_LowDamage,,Unarmored,,,,TRUE,,Hooligans,1,30,,,,,Basic .32 Pistol,,Rogue,,,Male_Hair_3,Skin1,Male_Face1,Burt_Mustache,,,,NPC MALE Hooligans Pants 02,,NPC Male Hooligans Shoes 02,NPC Belt,,,500,1100,400,10000,3000,6000,1000,2000,70,75,DeathEffect1,,ExploMan,TRUE,,HitEffect1,,,,,,,
Mick Yard,Small_LowDamage,,Unarmored,,,,,,Resistance,1,30,,,,,,,Tank,,,Male_Hair_5,Skin1,Male_Face1,Fancy_Mustache,,,NPC Harbor Worker Blue Jacket,NPC MALE Docker Worker Pants 02,,NPC Male Mad Dogs Shoes 01,,,,500,1100,400,10000,3000,6000,1000,2000,70,75,DeathEffect1,,ExploMan,TRUE,100,HitEffect1,,,,,,,
Customs Officer,Small_LowDamage,,Unarmored,,,,TRUE,,Labycore,1,30,,,,,,,Rogue,,,Male_Hair_7,Skin1,Male_Face1,,,NPC Aviators,High-Power Suit Jacket,NPC GENERIC Black Pants,,Everyday Black Shoes,,,,375,750,4000,10000,3000,6000,1000,2000,70,75,DeathEffect1,,ExploMan,TRUE,,HitEffect1,,,,,,,
Wally Foston,Big_LowDamage,,Unarmored,,,,,,Resistance,1,30,,,,,,,Tank,,,Male_Hair_3,Skin5,Male_Face3,Fancy_Mustache,,,NPC Harbor Worker Blue Jacket,NPC MALE Docker Worker Pants 02,,NPC Male Mad Dogs Shoes 01,,,,500,1100,400,10000,3000,6000,1000,2000,70,75,DeathEffect1,,ExploMan,TRUE,100,HitEffect1,,,,,,,
Zoe,Medium_LowDamage_Escort,,Unarmored,,,,,,Valkyries,1,30,,,,,,,RogueFemale,,,Female_Hair_4,female_skin3,Female_Face1,,,,NPC FEMALE Valkyeries Jacket 01,NPC FEMALE Valkyries Pants 01,,NPC Female Valkyries Shoes 01,,,,500,1100,400,10000,3000,6000,1000,2000,70,75,DeathEffect1,,ExploMan,TRUE,100,HitEffect1,,,,,,,
Eastern Queen,Small_LowDamage,,Unarmored,,,,TRUE,,Eastern Queens,1,30,,,,,Good Revolver,,RogueFemale,,,Female_Hair_3,female_skin1,Female_Face2,,,,NPC FEMALE Eastern Queen Shirt 01,NPC FEMALE Eastern Queen Pants,,NPC Female Eastern Queens Shoes 01,NPC Belt,,,500,1500,4000,10000,6000,6000,1000,2000,70,75,DeathEffect1,,ExploMan,TRUE,100,HitEffect1,,,,,,,
Eastern Queen Heavy,Big_HighDamage,,Unarmored,,,,TRUE,,Eastern Queens,1,30,,,,,Basic Minigun,,ChubbyFemale,,,Female_Hair_5_blonde,female_skin1,Female_Face1,,,,NPC FEMALE Eastern Queen Shirt 01,NPC FEMALE Eastern Queen Pants,,NPC Female Eastern Queens Shoes 01,,,,500,1100,4000,10000,4000,8000,1000,2000,70,75,DeathEffect1,,ExploMan,TRUE,110,HitEffect1,,,,,,,
The Queen,Big_HighDamage,,Unarmored,,,,TRUE,,Eastern Queens,1,30,Wushu Hit,,,,,,RogueFemale,,,Female_Hair_8_blonde,female_skin2,Female_Face2,,,,Healing Scrubs of Epic,NPC FEMALE Eastern Queen Pants 02,,NPC Female Eastern Queens Shoes 02,,,,500,750,4000,10000,3000,6000,1000,2000,70,75,DeathEffect1,,ExploMan,TRUE,100,HitEffect1,,,,,,,
,,,,,,,,,,,,Stun Grenade,,,,,,,,,,,,,,,,,,,,,,,,,,,,,,,,,,,,,,,,,,,,
Mad Dog Repair Man,Medium_LowDamage,,Unarmored,,,,TRUE,,Mad Dogs,1,30,Slammer,,,,Singular Iron Pipe,,Rogue,,,Male_Hair_7,Skin3,Male_Face3,,Basic Fedora Hat,,,Special Black Trousers,NPC Yellow Working Gloves,Acute Black Boots,NPC Belt,,,900,1500,4000,10000,6000,6000,1000,2000,70,75,DeathEffect1,,ExploMan,TRUE,100,HitEffect1,,,,,,,
Mal Voorhis,Big_HighDamage,,Unarmored,,,,,,Resistance,1,30,,,,,Great Bat,,Fatman,,,Male_Hair_4,Skin2,Male_Face3,,,,,NPC MALE Docker Worker Pants 02,,NPC Male Mad Dogs Shoes 01,,,,900,1500,4000,10000,6000,6000,1000,2000,70,75,DeathEffect1,,ExploMan,TRUE,100,HitEffect1,,,,,,,
Saffron,Medium_HighDamage_Escort,,Unarmored,,,,,,Valkyries,1,30,,,,,Broken Sword,,RogueFemale,,,Female_Hair_6,female_skin2,Female_Face3,,,,NPC FEMALE Valkyeries Jacket 01,NPC FEMALE Valkyries Pants 02,,NPC Female Valkyries Shoes 02,,,,900,1100,,10000,3000,6000,1000,2000,50,80,DeathEffect1,,ExploMan,TRUE,95,HitEffect1,,,,,,,
Adelle,Small_HighDamage,,Unarmored,,,,,,Resistance,1,30,,,,,Broken Sword,,RogueFemale,,,Female_Hair_2,female_skin3,Female_Face1,,,NPC Aviators,Dawnbreak T-Shirt,Dawnbreak Jeans,NPC Normal Gloves,NPC Female Valkyries Shoes 01,,First-Class Scarf,,500,1100,3000,10000,3000,6000,1000,2000,50,80,DeathEffect1,,ExploMan,TRUE,100,HitEffect1,,,,,,,
Hired Guns Grenadier,Medium_LowDamage,,Unarmored,,,,TRUE,,Hired Guns,1,30,Grenade,,,,SWAT Shotgun HO-30,,Tank,,,,Skin3,Male_Face1,Fancy_Mustache,,,NPC MALE Hired Guns Jacket 02,NPC MALE Hired Guns Pants 02,,NPC Male Hired Guns Shoes 01,,,,,,,2000,3000,6000,1000,2000,50,75,DeathEffect1,,ExploMan,TRUE,105,HitEffect1,,,,,,,
,,,,,,,,,,,,Stun Grenade,,,,,,,,,,,,,,,,,,,,,,,,,,,,,,,,,,,,,,,,,,,,
,,,,,,,,,,,,Molotov Cocktail,,,,,,,,,,,,,,,,,,,,,,,,,,,,,,,,,,,,,,,,,,,,
Hired Guns Shooter,Medium_HighDamage,,Unarmored,,,,TRUE,,Hired Guns,1,30,Quick Shot,,,,Usual Assault Rifle,,Rogue,,,Male_Hair_5,Skin4,Male_Face2,,,NPC Aviators,NPC MALE Hired Guns Jacket 02,NPC MALE Hired Guns Pants 02,,NPC Male Hired Guns Shoes 02,NPC Belt,,,,,4000,10000,4000,8000,1000,2000,70,75,DeathEffect1,,ExploMan,TRUE,,HitEffect1,,,,,,,
Hired Guns Rocketeer,Big_LowDamage,,Armored,,,,TRUE,,Hired Guns,1,30,Hired Guns Bazooka,,,,NPC_MeleeBazooka,,NPC_Bazuka,,,Male_Hair_5_black,Skin2,Male_Face3,Lemmy_Sideburners,,,NPC MALE Hired Guns Jacket 01,NPC MALE Hired Guns Pants 01,,NPC Male Hired Guns Shoes 02,,,,,,4000,10000,6000,6000,1000,2000,70,75,DeathEffect1,,ExploMan,TRUE,,HitEffect1,,,,,,,
Shock Dave,Big_HighDamage,,Unarmored,,,,TRUE,,Mad Dogs,1,30,,,,,Basic .32 Pistol,,Rogue,,,Male_Hair_2,Skin1,Male_Face1,Burt_Mustache,Average Fedora Hat,,Elegant Suit Jacket,Standard Suit Trousers,,Common Black Shoes,NPC Belt,,,500,1100,400,10000,3000,6000,1000,2000,70,75,DeathEffect1,,ExploMan,TRUE,,HitEffect1,,,,,,,
Immigration Trooper,Big_HighDamage,,Armored,,,,,,Labycore,1,30,,,,,Assault Rifle,,NPC_M_Antiriot_Cop,,,,Labycorp_AntiRiot_Suit,,,,,,,,,,,,500,1100,4000,10000,6000,6000,1000,2000,70,100,DeathEffect1,,ExploMan,TRUE,107,HitEffect1,,,VoTrooperMaleGreetings,VoTrooperMaleBye,,,
Harbor Worker,Big_LowDamage,,Unarmored,,,,,,Resistance,1,30,,,,,,,Fatman,,,Male_Hair_2,Skin2,Male_Face3,,Genuine Brimmed Hat,,NPC Harbor Worker Blue Jacket,NPC MALE Docker Worker Pants 02,,NPC Male Mad Dogs Shoes 01,,,,500,1100,4000,10000,3000,6000,1000,2000,50,75,DeathEffect1,,ExploMan,TRUE,100,HitEffect1,,,,,,,
Harbor Boss,Big_LowDamage,,Unarmored,,,,,,Resistance,1,30,,,,,,,Fatman,,,Male_Hair_2,Skin2,Male_Face3,,,,NPC Harbor Worker Blue Jacket,NPC MALE Docker Worker Pants 02,,NPC Male Mad Dogs Shoes 01,,,,500,1100,4000,10000,3000,6000,1000,2000,50,75,DeathEffect1,,ExploMan,TRUE,100,HitEffect1,,,,,,,
Wash,Big_LowDamage,,Unarmored,,,,,,Resistance,1,30,,,,,,,Tank,,,Male_Hair_5,Skin3,Male_Face2,,,,NPC Harbor Worker Blue Jacket,NPC MALE Docker Worker Pants 02,,NPC Male Mad Dogs Shoes 01,,,,500,1100,4000,10000,3000,6000,1000,2000,50,75,DeathEffect1,,ExploMan,TRUE,100,HitEffect1,,,,,,,
Mad Dog Elite Shooter,Elite_Big_HighDamage,,Armored,,,,TRUE,,Mad Dogs,1,30,,,,,Fine Minigun,,Tank,,,,Skin6,Male_Face2,,Basic Fedora Hat,,Street Wise Suit Jacket,Basic Suit Trousers,,Cool Black Shoes,,,,,,4000,10000,3000,6000,1000,2000,70,75,DeathEffect1,,,,,HitEffect1,,,,,,,
Mad Dog Elite Brawler,Elite_Medium_HighDamage,,Unarmored,,,,TRUE,,Mad Dogs,1,30,,,,,Street Credible Chainsaw,,Rogue,,,Male_Hair_3,Skin3,Male_Face1,Fancy_Mustache,Average Fedora Hat,,Submariner's Suit Jacket,Plain Suit Trousers,,Acute Black Boots,,,,,,1100,4000,10000,3000,6000,1000,75,75,DeathEffect1,,ExploMan,TRUE,,HitEffect1,,,,,,,
Mad Dog Elite Medic,Elite_Small_HighDamage,,Unarmored,,,,TRUE,,Mad Dogs,1,30,Healing Power,,,,Basic SMG,,TankFemale,,,Female_Hair_7,female_skin1,Female_Face3,,,NPC Aviators,Fine Suit Jacket,NPC MALE Docker Worker Pants 02,,Cool Black Shoes,,,,,,1100,4000,10000,3000,6000,1000,75,75,DeathEffect1,,ExploMan,TRUE,,HitEffect1,,,,,,,
Madman,Boss_Default,,Unarmored,,,,TRUE,,Mad Dogs,10,10,,,Plans: Suspect Strap,,Crappy 12G Sawed-off,,Tank,,,Male_Hair_3,Skin2,Male_Face2,Burt_Mustache,Basic Fedora Hat,NPC Aviators,Worthy Suit Jacket,Typical Suit Trousers,,NPC Male Mad Dogs Shoes 01,,,,,,4000,10000,3000,6000,1000,2000,70,75,Decapitation,TRUE,Decapitation,,110,,VoBossDeathBigThug,,,,,,
Turret Gun,Medium_HighDamage,,Mechanical,,,,TRUE,,Labycore,1,30,,,,,Turret_Minigun,,NPC_Turret_Gun,,,,Turret,,,,,,,,,,,TRUE,,,,,,,,,,75,ExploRobotSmall,TRUE,ExploRobotSmall,TRUE,,,,,,,,,
Spiderbot,Elite_Big_HighDamage,,Mechanical,,,,TRUE,,Labycore,10,30,Fire Rocket,,,,Regular Minigun,,NPC_Spiderbot,Idle,,,Spiderbot,,,,,,,,,,,,,,4000,10000,3000,6000,1000,2000,50,75,Nuke,,ExploRobot,,,HitEffect1,,,,,,,
DLL-421,Boss_Default,,Mechanical,,,,,,Labycore,10,30,Fire Rocket,,Plans: Suspect Strap,,Regular Minigun,,NPC_Spiderbot,Idle,,,Spiderbot,,,,,,,,,,,,,,4000,10000,3000,6000,1000,2000,50,75,ExploRobot,TRUE,ExploRobot,,100,HitEffect1,VoBossDeathMechanical,,,,,,
Sewer Voodoo Skirmisher,Small_LowDamage,,Unarmored,,,,TRUE,,Sewer Voodoo,1,30,,,,,Okayish SMG,,Rogue,,,Don's Toupee,Skin6,Male_Face3,,,,NPC MALE Voodoo Jacket 01,NPC MALE Voodoo Pants 02,,NPC Male Voodoo Shoes 01,NPC Belt,,,900,1500,4000,10000,6000,6000,1000,2000,70,75,DeathEffect1,,ExploMan,TRUE,100,HitEffect1,,,,,,,
Sewer Voodoo Heavy,Big_HighDamage,,Unarmored,,,,TRUE,,Sewer Voodoo,1,30,Slammer,,,,Cracked Jungle Knife,,Tank,,,Male_Hair_1_black,Skin6,Male_Face1,Thin_Mustache,,,,NPC MALE Voodoo Pants 02,,NPC Male Voodoo Shoes 02,,,,500,1100,4000,10000,4000,8000,1000,2000,70,75,DeathEffect1,,ExploMan,TRUE,120,HitEffect1,,,,,,,
Sewer Voodoo Sniper,Small_LowDamage,,Unarmored,,,,TRUE,,Sewer Voodoo,1,30,Healing Shot,,,,Broken .308 Bolt-Action,,RogueFemale,,,Female_Hair_7,female_skin1,Female_Face2,,,,Rural Blue Sweater,Great Voodoo Jeans,,,NPC Belt,,,900,1500,4000,10000,6000,6000,1000,2000,70,75,DeathEffect1,,ExploMan,TRUE,100,HitEffect1,,,,,,,
Assault Trooper,Elite_Medium_HighDamage,,Armored,,,,TRUE,,Labycore,1,30,,,,,Assault Rifle,,NPC_M_Antiriot_Cop,,,,Labycorp_AntiRiot_Elite_Suit,,,,,,,,,,,,,,1100,4000,10000,3000,6000,1000,75,75,DeathEffect1,,ExploMan,TRUE,,HitEffect1,,,,,,,
Light Assault Trooper,Elite_Medium_LowDamage,,Armored,,,,TRUE,,Labycore,1,30,,,,,NPC_Police Baton,,NPC_M_Antiriot_Cop,,,,Labycorp_AntiRiot_Elite_Suit,,,,,,,,,,,,,,4000,10000,3000,6000,1000,2000,50,75,DeathEffect1,,ExploMan,TRUE,,HitEffect1,,,,,,,
Rental Spiderbot,Big_LowDamage,,Mechanical,,,,,,Labycore,20,30,Fire Rocket,,,,,,NPC_Spiderbot,Idle,,,Spiderbot,,,,,,,,,,,,300,1100,4000,10000,3000,6000,1000,2000,90,120,Nuke,,ExploRobot,,100,HitEffect1,,,,,,,
Labycore Enforcer,Elite_Small_HighDamage,,Unarmored,,,,TRUE,,Labycore,1,30,,,,,"Labytech Pistol, LBTP-02",,Tank,,,Male_Hair_3,Skin2,Male_Face2,Stub3,,NPC Aviators,High-Power Suit Jacket,NPC GENERIC Black Pants,NPC Normal Gloves,Everyday Black Shoes,,,,,,4000,10000,3000,6000,1000,2000,80,90,DeathEffect1,,ExploMan,TRUE,,HitEffect1,,,,,,,
The White Spider,Boss_Default,,Mechanical,,,,TRUE,,Labycore,11,11,Fire Rocket,,Plans: Suspect Strap,,Regular Minigun,,NPC_Spiderbot,Idle,,,Spiderbot,,,,,,,,,,,,300,1100,4000,10000,3000,6000,1000,2000,50,120,ExploRobot,TRUE,ExploRobot,,110,HitEffect1,VoBossDeathMechanical,,,,,,
Weldingbot,Big_LowDamage,,Mechanical,,,,TRUE,,Labycore,10,30,Demolishers Stun Grenade,,,,Weldingbot_Minigun,,NPC_Weldingbot,,,,Weldingb,,,,,,,,,,,,500,1100,4000,10000,3000,6000,1000,2000,50,75,ExploRobot,TRUE,ExploRobot,TRUE,,HitEffect1,,,,,,,
Neil Gudgel,Big_HighDamage,,Unarmored,,,,,,Resistance,1,30,,,,,Exquisite Shovel,,Fatman,,,Male_Hair_6,Skin1,Male_Face3,Burt_Mustache,,,NPC Harbor Worker Blue Jacket,NPC MALE Docker Worker Pants 01,,NPC Male Mad Dogs Shoes 01,,,,500,1100,4000,10000,3000,6000,1000,2000,50,75,DeathEffect1,,ExploMan,TRUE,100,HitEffect1,,,,,,,
Patrick Kapinos,Big_HighDamage,,Unarmored,,,,,,Resistance,1,30,,,,,Exquisite Shovel,,Fatman,,,Male_Hair_2,Skin5,Male_Face1,,,,NPC Harbor Worker Blue Jacket,NPC MALE Docker Worker Pants 01,,NPC Male Mad Dogs Shoes 01,,,,500,1100,4000,10000,3000,6000,1000,2000,50,75,DeathEffect1,,ExploMan,TRUE,100,HitEffect1,,,,,,,
Harris Foston,Big_HighDamage,,Unarmored,,,,,,Resistance,1,30,,,,,Exquisite Shovel,,Fatman,,,Male_Hair_1,Skin3,Male_Face3,,,,NPC Harbor Worker Blue Jacket,NPC MALE Docker Worker Pants 01,,NPC Male Mad Dogs Shoes 01,,,,500,1100,4000,10000,3000,6000,1000,2000,50,75,DeathEffect1,,ExploMan,TRUE,100,HitEffect1,,,,,,,
Shady Worker,Big_LowDamage,,Unarmored,,,,TRUE,,Mad Dogs,1,30,,,,,Crappy 9mm Pistol,,Tank,,,Male_Hair_3,Skin1,Male_Face2,,,NPC Aviators,Cool Suit Jacket,NPC GENERIC Black Pants,,Common Black Shoes,NPC Belt,,,500,750,4000,10000,3000,6000,1000,2000,50,75,DeathEffect1,,ExploMan,TRUE,100,HitEffect1,,,,,,,
Willow,Small_HighDamage,,Unarmored,,,,,,Resistance,1,30,,,,,Exquisite Shovel,,RogueFemale,,,Female_Hair_7,female_skin1,Female_Face1,,,,Dawnbreak T-Shirt,Basic Stonewashed,,NPC Male Mad Dogs Shoes 01,,,,500,1100,4000,10000,3000,6000,1000,2000,50,75,DeathEffect1,,ExploMan,TRUE,100,HitEffect1,,,,,,,
Curtis,Small_LowDamage,,Unarmored,,,,,,Resistance,1,30,,,,,NPC Wrench,,Rogue,,,,Skin1,Male_Face3,Beard_Long,,,Dawnbreak T-Shirt,NPC MALE Docker Worker Pants 02,,NPC Male Mad Dogs Shoes 01,,,,500,1100,4000,10000,3000,6000,1000,2000,50,75,DeathEffect1,,ExploMan,TRUE,100,HitEffect1,,,,,,,
Dawn,Small_LowDamage,,Unarmored,,,,,,Valkyries,1,30,,,,,,,RogueFemale,,,Female_Hair_2,female_skin3,Female_Face3,,,,NPC FEMALE Valkyeries Jacket 02,NPC FEMALE Valkyries Pants 01,,NPC Female Valkyries Shoes 02,,,,500,1100,4000,10000,3000,6000,1000,2000,50,75,DeathEffect1,,ExploMan,TRUE,100,HitEffect1,,,,,,,
Anya,Small_LowDamage,,Unarmored,,,,,,Valkyries,1,30,,,,,,,RogueFemale,,,Female_Hair_2,female_skin1,Female_Face2,,,,NPC FEMALE Valkyeries Jacket 02,NPC FEMALE Valkyries Pants 01,,NPC Female Valkyries Shoes 01,,,,500,1100,4000,10000,3000,6000,1000,2000,50,75,DeathEffect1,,ExploMan,TRUE,100,HitEffect1,,,,,,,
Dew the Junkie,Small_LowDamage,,Unarmored,,,,,,Junkie,1,30,,,,,Bottle,,Junkie,,,,Skin6,Male_Face1,Beard_Long,Lame Hat,,Worn Denim Vest,NPC GENERIC Jeans,,NPC Male Mad Dogs Shoes 01,,,,250,250,4000,10000,3000,6000,1000,2000,50,75,DeathEffect1,,ExploMan,TRUE,100,HitEffect1,,,,,,,
SpiderbotRed,Elite_Medium_HighDamage,,Mechanical,,,,TRUE,,Labycore,10,30,Fire Rocket,,,,Regular Minigun,,NPC_Spiderbot,Idle,,,Spiderbot_red,,,,,,,,,,,,,,4000,10000,3000,6000,1000,2000,50,75,ExploRobot,TRUE,ExploRobot,,,HitEffect1,VoBossDeathMechanical,,,,,,
Sun Spider,Boss_Default,,Mechanical,,,,TRUE,,Labycore,25,25,Fire Rocket,,Plans: Cyber-wired Jacket,,Regular Minigun,,NPC_Spiderbot,Idle,,,Spiderbot_yellow,,,,,,,,,,,,,,4000,10000,3000,6000,1000,2000,50,75,ExploRobot,TRUE,ExploRobot,,100,HitEffect1,VoBossDeathMechanical,,,,,,
,,,,,,,,,,,,Overrun by Spider,,Plans: Bot-plated Jacket,,,,,,,,,,,,,,,,,,,,,,,,,,,,,,,,,,,,,,,,,,
Akirun,Boss_Default,,Armored,,,,TRUE,,Sewer Voodoo,30,30,Nerve gas,,Plans: Credible Tactical Gloves,,Cracked Jungle Knife,,Tank,,,Male_Hair_8,Skin6,Male_Face3,Beard_Long,,NPC Aviators,NPC MALE Voodoo Jacket 02,NPC MALE Voodoo Pants 01,,NPC Male Voodoo Shoes 02,,,,,,4000,10000,3000,6000,1000,2000,50,90,DeathEffect1,TRUE,Decapitation,TRUE,115,HitEffect1,VoBossDeathBigThug,,,,,,
,,,,,,,,,,,,Slammer,,Plans: Good Walkers,,,,,,,,,,,,,,,,,,,,,,,,,,,,,,,,,,,,,,,,,,
,,,,,,,,,,,,,,Plans: Boosted Custom Jacket,,,,,,,,,,,,,,,,,,,,,,,,,,,,,,,,,,,,,,,,,,
,,,,,,,,,,,,,,Plans: Awesome Tactical Gloves,,,,,,,,,,,,,,,,,,,,,,,,,,,,,,,,,,,,,,,,,,
,,,,,,,,,,,,,,Plans: Outstanding Sash,,,,,,,,,,,,,,,,,,,,,,,,,,,,,,,,,,,,,,,,,,
,,,,,,,,,,,,,,Plans: Ragga,,,,,,,,,,,,,,,,,,,,,,,,,,,,,,,,,,,,,,,,,,
,,,,,,,,,,,,,,Plans: Implanted Secretion Electrifier,,,,,,,,,,,,,,,,,,,,,,,,,,,,,,,,,,,,,,,,,,
Alejandra Piccirillo,Big_LowDamage,,Unarmored,,,,,,13 Diablos,1,30,,,,,NPC Wrench,,RogueFemale,,,Female_Hair_8,female_skin1,Female_Face1,,,,NPC MALE 13 Diablos Jacket 01,NPC GENERIC Jeans,,NPC Male Mad Dogs Shoes 01,,,,500,750,4000,10000,3000,6000,1000,2000,50,75,DeathEffect1,,ExploMan,TRUE,100,HitEffect1,,,,,,,
Amador Carino,Big_HighDamage_Escort,,Unarmored,,,,,,13 Diablos,1,30,,,,,,,Tank,,,,Skin6,Male_Face2,Beard_Long,,,NPC MALE 13 Diablos Jacket 02,NPC MALE 13 Diablos Pants 02,,NPC Male 13 Diablos Shoes 01,NPC Belt,,,500,750,4000,10000,3000,6000,1000,2000,50,75,DeathEffect1,,ExploMan,TRUE,100,HitEffect1,,,,,,,
Sewer Voodoo Elite Sniper,Elite_Medium_HighDamage,,Unarmored,,,,TRUE,,Sewer Voodoo,1,30,,,,,Broken .308 Bolt-Action,,RogueFemale,,,Female_Hair_3,female_skin1,Female_Face1,,,,NPC MALE Voodoo Jacket 01,NPC MALE Voodoo Pants 01,,,NPC Belt,,,,,4000,10000,6000,6000,1000,2000,70,75,DeathEffect1,,ExploMan,TRUE,,HitEffect1,,,,,,,
Sewer Voodoo Elite Heavy,Elite_Big_LowDamage,,Unarmored,,,,TRUE,,Sewer Voodoo,1,30,,,,,Mighty Jungle Knife,,Tank,,,Male_Hair_8,Skin6,Male_Face3,,,,NPC MALE Voodoo Jacket 01,NPC MALE Voodoo Pants 02,,NPC Male Mad Dogs Shoes 01,,,,,,4000,10000,4000,8000,1000,2000,70,75,DeathEffect1,,ExploMan,TRUE,,HitEffect1,,,,,,,
Killmaster,Boss_Default,,Armored,,,,TRUE,,Hooligans,25,25,Healing Shot,,Plans: Steady Hands,,Autocannon,,Tank,,,Male_Hair_2,Skin2,Male_Face3,,,NPC Aviators,NPC MALE Hooligan Jacket 02,NPC MALE Hooligans Pants 01,,NPC Male Hooligans Shoes 02,NPC Belt,,,,,4000,10000,3000,6000,1000,2000,70,75,Decapitation,TRUE,Decapitation,TRUE,130,HitEffect1,VoBossDeathBigThug,,,,,,
,,,,,,,,,,,,Killshot,,Plans: Melee Gloves,,,,,,,,,,,,,,,,,,,,,,,,,,,,,,,,,,,,,,,,,,
,,,,,,,,,,,,Molotov Cocktail,,,,,,,,,,,,,,,,,,,,,,,,,,,,,,,,,,,,,,,,,,,,
,,,,,,,,,,,,Killmaster Killing Time,,,,,,,,,,,,,,,,,,,,,,,,,,,,,,,,,,,,,,,,,,,,
Elite Slasher Hooligan,Elite_Medium_LowDamage,,Armored,,,,TRUE,,Hooligans,1,30,,,,,Corroded Jungle Knife,,Rogue,,,Male_Hair_8,Skin1,Male_Face3,,,,NPC MALE Hooligan Jacket 02,NPC MALE Hooligans Pants 01,,NPC Male Hooligans Shoes 02,,,,,,4000,2000,3000,6000,1000,2000,50,75,DeathEffect1,,ExploMan,TRUE,,HitEffect1,,,,,,,
Elite Bruiser Hooligan,Big_LowDamage,,Unarmored,,,,TRUE,,Hooligans,1,30,,,,,,,Tank,,,Male_Hair_1,Skin1,Male_Face3,,,,,NPC MALE Hooligans Pants 01,,NPC Male Hooligans Shoes 01,,,,,,4000,2000,3000,6000,1000,2000,50,75,DeathEffect1,,ExploMan,TRUE,,HitEffect1,,,,,,,
Elite Guncrazy Hooligan,Elite_Medium_HighDamage,,Armored,,,,TRUE,,Hooligans,1,30,,,,,Popular 7.62mm Gas-Operated,,Rogue,,,Don's Toupee,Skin4,Male_Face3,beard_yellow_full,,,NPC MALE Hooligan Jacket 02,NPC MALE Hooligans Pants 03,,NPC Male Hooligans Shoes 02,,,,,,4000,2000,3000,6000,1000,2000,50,75,DeathEffect1,,ExploMan,TRUE,,HitEffect1,,,,,,,
Ramon Fabiano,Small_LowDamage,,Unarmored,,,,,,13 Diablos,1,30,,,,,,,Rogue,,,Male_Hair_1,Skin6,Male_Face2,,,,NPC MALE 13 Diablos Jacket 01,NPC GENERIC Jeans,,NPC Male Mad Dogs Shoes 01,NPC Belt,,,500,750,4000,10000,3000,6000,1000,2000,50,75,DeathEffect1,,ExploMan,TRUE,100,HitEffect1,,,,,,,
Nilda Diener,Big_HighDamage_Escort,,Unarmored,,,,,,13 Diablos,1,30,,,,,,,RogueFemale,,,Female_Hair_4,female_skin3,Female_Face1,,,,NPC MALE 13 Diablos Jacket 01,NPC GENERIC Jeans,,NPC Male Mad Dogs Shoes 01,NPC Belt,,,500,750,4000,10000,3000,6000,1000,2000,50,75,DeathEffect1,,ExploMan,TRUE,100,HitEffect1,,,,,,,
Eamon Merryweather,Big_LowDamage,,Unarmored,,,,,,Resistance,1,30,,,,,,,Tank,,,Male_Hair_7,Skin4,Male_Face3,,,,NPC Harbor Worker Blue Jacket,NPC GENERIC Black Pants,,NPC Male Mad Dogs Shoes 01,,,TRUE,,750,4000,10000,3000,6000,1000,2000,50,75,DeathEffect1,,ExploMan,TRUE,,HitEffect1,,,,,,,Kamikaze Explosion
Dynamite Pig,Suicide_Mob,,Unarmored,,,,TRUE,,Hooligans,1,30,Kamikaze Explosion,,,,Pig_dynamite,,NPC_Pig,,,,Suicide_Pig,,,,,,,,,,,,300,1100,4000,10000,3000,6000,,0,70,75,,,ExploPig,TRUE,100,,VoPigDeath,,,,,,
Pig,Small_LowDamage,,Unarmored,,,,,,Hooligans,,,,,,,,,NPC_Pig,,,,Suicide_Pig,,,,,,,,,,,,300,1100,4000,10000,3000,6000,1000,2000,70,75,,,ExploPig,TRUE,100,,,,,,,,
SpiderbotRed2,Elite_Big_LowDamage,,Mechanical,,,,TRUE,,Labycore,10,30,,,,,Regular Minigun,,NPC_Spiderbot,Idle,,,Spiderbot_red,,,,,,,,,,,,300,1100,4000,10000,3000,6000,1000,2000,50,75,ExploRobot,TRUE,ExploRobot,,,HitEffect1,,,,,,,
Angelina's Sister Mia,Small_LowDamage,,Unarmored,,,,,,Valkyries,1,30,,,,,,,RogueFemale,,,Female_Hair_5,female_skin1,Female_Face1,,,,NPC FEMALE Valkyeries Jacket 02,NPC FEMALE Valkyries Pants 01,,NPC Female Valkyries Shoes 01,,,,500,1100,4000,10000,3000,6000,1000,2000,70,75,DeathEffect1,,ExploMan,TRUE,90,HitEffect1,,,,,,,
Rebecca,Small_LowDamage,,Unarmored,,,,,,Valkyries,1,30,,,,,,,RogueFemale,,,Female_Hair_1,female_skin1,Female_Face2,,,,NPC FEMALE Valkyeries Jacket 01,NPC FEMALE Valkyries Pants 01,,NPC Female Valkyries Shoes 02,,,,500,1100,4000,10000,3000,6000,1000,2000,70,75,DeathEffect1,,ExploMan,TRUE,90,HitEffect1,,,,,,,
Trudy,Small_LowDamage,,Unarmored,,,,,,Valkyries,1,30,,,,,,,RogueFemale,,,Female_Hair_3,female_skin1,Female_Face3,,,,NPC FEMALE Valkyeries Jacket 01,NPC FEMALE Valkyries Pants 02,,NPC Female Valkyries Shoes 01,,,,500,1100,4000,10000,3000,6000,1000,2000,70,75,DeathEffect1,,ExploMan,TRUE,90,HitEffect1,,,,,,,
Jerry the Junkie,Small_LowDamage,,Unarmored,,,,,,Junkie,,,,,,,Bottle,,Junkie_Sit,,,Male_Hair_6,Skin1,Male_Face2,beard_yellow_full,,,Lousy Blue Sport Coat,NPC GENERIC Jeans,,,,,TRUE,,,,,,,,,,75,,,,,100,,,,,,,,
Sammy the Junkie,Small_LowDamage,,Unarmored,,,,,,Junkie,,,,,,,Bottle,,Junkie_Sit,,,Male_Hair_2,Skin3,Male_Face3,Burt_Mustache,Lame Hat,,Shabby Blue Sport Coat,NPC GENERIC Jeans,,,,,TRUE,,,,,,,,,,75,,,,,100,,,,,,,,
Jonas the Junkie,Small_LowDamage,,Unarmored,,,,,,Junkie,,,,,,,Bottle,,Junkie_Sleep,,,Male_Hair_3,Skin6,Male_Face1,Beard_Long,,,Simple Multicolor Shirt,NPC GENERIC Jeans,,NPC Male Mad Dogs Shoes 01,,,TRUE,,,,,,,,,,75,,,,,100,,,,,,,,
Dan the Junkie,Small_LowDamage,,Unarmored,,,,,,Junkie,,,,,,,,,Junkie,,,Male_Hair_1,Skin2,Male_Face3,Burt_Mustache,,,Poor Blue Sport Coat,NPC GENERIC Jeans,,NPC Male Mad Dogs Shoes 01,,,,250,250,4000,10000,3000,6000,1000,2000,50,75,,,,,100,,,,,,,,
Meryl,Small_LowDamage,,Unarmored,,,,,,Valkyries,1,30,,,,,,,TankFemale,,,Female_Hair_2,female_skin3,Female_Face1,,,,NPC FEMALE Valkyeries Jacket 02,NPC FEMALE Valkyries Pants 02,,NPC Female Valkyries Shoes 02,,,,500,1100,4000,10000,3000,6000,1000,2000,70,75,,,,,95,,,,,,,,
Guillermo Sannicolas,Small_LowDamage,,Unarmored,,,,,,13 Diablos,1,30,,,,,,,Rogue,,,Male_Hair_8,Skin4,Male_Face1,Beard_Long,,,NPC MALE 13 Diablos Jacket 02,NPC GENERIC Jeans,,NPC Male 13 Diablos Shoes 02,,,,500,750,4000,10000,3000,6000,1000,2000,50,75,DeathEffect1,,ExploMan,TRUE,100,HitEffect1,,,,,,,
Mary the Zebrina,Player_Damage,Hunter,Unarmored,,,,,,General,4,5,Grenade,,,,Common Sword,,RogueFemale,,Sleep,Female_Hair_3_blonde,female_skin1,Female_Face1,,,,Fine M.C. Jacket,Good Brown Jeans,,Everyday Boots,,,,1200,1200,4000,10000,6000,10000,1000,2000,,120,DeathEffect1,,ExploMan,TRUE,100,HitEffect1,,,,,,,
Leeroy the Man,Player_Tank,Bodyguard,Unarmored,,,,,,General,6,7,Short Stun Grenade,,,,Common Bat,,Tank,,Sleep,Male_Hair_4,Skin1,Male_Face3,Chin_Beard,,,Worthy Anarchy Jacket,Genuine Brown Jeans,,Standard Boots,,,,1200,1200,4000,10000,6000,10000,1000,2000,,120,DeathEffect1,,ExploMan,TRUE,100,HitEffect1,,,,,,,
David 'The Unforgiven',Player_Damage,Hunter,,,,,,,Mercenary,7,8,Grenade,,,,Average 12G Sawed-off,,Rogue,,Sleep,Male_Hair_6_black,Skin1,Male_Face3,Beard_Long,,,Great Hooded Jacket,Credible Camo Pants,,Everyday Boots,,,,1200,1200,4000,10000,6000,10000,1000,2000,,120,DeathEffect1,,ExploMan,TRUE,100,HitEffect1,,,,,,,
Deon 'The Killer',Player_Healer,Doctor,,,,,,,Mercenary,9,10,Grenade,,,,Great 12G Shotgun,,Rogue,,Sleep,Male_Hair_4,Skin1,Male_Face3,Burt_Mustache,,,Great Cowhide Jacket,Special Black Jeans,,Everyday Boots,,,,1200,1200,4000,10000,6000,10000,1000,2000,,120,DeathEffect1,,ExploMan,TRUE,100,HitEffect1,,,,,,,
Napoleon 'The Grunt',Player_Tank,Bodyguard,,,,,,,Mercenary,11,12,,,,,Street Credible Bat,,Tank,,Sleep,Male_Hair_4,Skin1,Male_Face3,,,,Acute Cowhide Jacket,Cool Camo Pants,,Standard Boots,,,,1200,1200,4000,10000,6000,10000,1000,2000,,120,DeathEffect1,,ExploMan,TRUE,100,HitEffect1,,,,,,,
Eva 'The Cut' Zharen,Player_Healer,Doctor,,,,,,,Mercenary,15,16,,,,,Boosted Revolver,,RogueFemale,,Sleep,Female_Hair_2_black,female_skin1,Female_Face3,,,,Simple Gray Sweater,Excellent White Pants,,Everyday Boots,,,,1200,1200,4000,10000,6000,10000,1000,2000,,120,DeathEffect1,,ExploMan,TRUE,100,HitEffect1,,,,,,,
Jane the Slayer,Player_Damage,Hunter,Unarmored,,,,,,General,16,17,,,,,Fine .32 Pistol,,RogueFemale,,Sleep,Female_Hair_6_blonde,female_skin1,Female_Face1,,,,Marvelous Leather Vest,Radical Studded Pants,,Everyday Boots,,,,1200,1200,4000,10000,6000,10000,1000,2000,,120,DeathEffect1,,ExploMan,TRUE,100,HitEffect1,,,,,,,
Sarah 'Harsh' Watson,Player_Healer,Doctor,Unarmored,,,,,,General,17,18,,,,,Fine Revolver,,RogueFemale,,Sleep,Female_Hair_3,female_skin1,Female_Face1,,,,Marvelous Braided Leather Jacket,Excellent White Pants,,Everyday Boots,,,,1200,1200,4000,10000,6000,10000,1000,2000,,120,DeathEffect1,,ExploMan,TRUE,100,HitEffect1,,,,,,,
Igor 'The Bullethead',Player_Tank,Bodyguard,,,,,,,Mercenary,17,18,Grenade,,,,Fine Wrench,,Tank,,Sleep,Male_Hair_4,Skin1,Male_Face3,Beard_Long,,,Cool Drum Dyed Jacket,Singular Studded Pants,,Standard Boots,,,,1200,1200,4000,10000,6000,10000,1000,2000,,120,DeathEffect1,,ExploMan,TRUE,100,HitEffect1,,,,,,,
Jessica the Cleaner,Player_Damage,Hunter,Unarmored,,,,,,General,20,21,Grenade,,,,Righteous .40 Pistol,,RogueFemale,,Sleep,Female_Hair_3,female_skin1,Female_Face1,,,,Great Studded Anarchy Jacket,Great Orange Pants,,Everyday Boots,,,,1200,1200,4000,10000,6000,10000,1000,2000,,120,DeathEffect1,,ExploMan,TRUE,100,HitEffect1,,,,,,,
Piggy Bob,Boss_Default,,Unarmored,,,,TRUE,,Hooligans,15,15,Grenade,,Plans: Fake Buckles,,Hound Dog,,Fatman,,,Male_Hair_5,Skin2,Male_Face2,,,NPC Aviators,,NPC MALE Hooligans Pants 02,,NPC Male Hooligans Shoes 01,,,,500,,4000,10000,6000,6000,1000,2000,70,100,Decapitation,TRUE,Decapitation,TRUE,125,HitEffect1,VoBossDeathBigThug,,,,,,
,,,,,,,,,,,,Piggy Headshot,,Plans: Swamp Tramplers,,,,,,,,,,,,,,,,,,,,,,,,,,,,,,,,,,,,,,,,,,
O'Malley,Big_HighDamage,,Unarmored,,,,,,Resistance,1,30,,,,,Universal .308 Bolt-Action,,Rogue,,,,Skin4,Male_Face3,,,,NPC Harbor Worker Blue Jacket,NPC MALE Docker Worker Pants 02,,NPC Male Mad Dogs Shoes 01,,,,500,1100,4000,10000,3000,6000,1000,2000,50,75,DeathEffect1,,ExploMan,TRUE,100,HitEffect1,,,,,,,
Thomas,Big_LowDamage,,Unarmored,,,,,,Resistance,1,30,,,,,NPC Wrench,,Tank,,,Male_Hair_1,Skin5,Male_Face1,,,,NPC Harbor Worker Blue Jacket,NPC MALE Docker Worker Pants 02,,NPC Male Mad Dogs Shoes 01,,,,500,1100,4000,10000,3000,6000,1000,2000,50,75,DeathEffect1,,ExploMan,TRUE,100,HitEffect1,,,,,,,
Holden Shunk,Medium_HighDamage,,Unarmored,,,,,,Resistance,1,30,,,,,,,Tank,,,Male_Hair_1,Skin4,Male_Face3,,,,NPC Harbor Worker Blue Jacket,NPC MALE Docker Worker Pants 01,,NPC Male Mad Dogs Shoes 01,,,,,,4000,10000,3000,6000,1000,2000,50,75,DeathEffect1,,ExploMan,TRUE,,HitEffect1,,,,,,,
The Soulless,Boss_Default,,Unarmored,,,,TRUE,,Hooligans,10,10,Slammer,,Plans: Suspect Strap,,,,Fatman,,,Male_Hair_5,Skin2,Male_Face2,beard_yellow_full,,NPC Aviators,NPC MALE Hooligan Jacket 02,NPC MALE Hooligans Pants 03,,NPC Male Hooligans Shoes 02,,,,,,4000,10000,6000,6000,1000,2000,70,100,Decapitation,TRUE,Decapitation,TRUE,125,HitEffect1,VoBossDeathBigThug,,,,,,
Sick Docker,Small_LowDamage,,Unarmored,,,,,,Junkie,,,,,,,Bottle,,Junkie_Sit,,,Male_Hair_6,Skin1,Male_Face2,beard_yellow_full,,,NPC MALE Docker Worker Jacket,NPC GENERIC Jeans,,,,,TRUE,,,,,,,,,,75,,,,,100,,,,,,,,
Sick Diablo Member,Small_LowDamage,,Unarmored,,,,,,Junkie,,,,,,,Bottle,,Junkie_Sit,,,Male_Hair_2,Skin3,Male_Face3,Burt_Mustache,Lame Hat,,NPC MALE 13 Diablos Jacket 01,NPC GENERIC Jeans,,,,,TRUE,,,,,,,,,,75,,,,,100,,,,,,,,
Sick Junkie,Small_LowDamage,,Unarmored,,,,,,Junkie,,,,,,,Bottle,,Junkie_Sleep,,,Male_Hair_3,Skin6,Male_Face1,Beard_Long,,,Poor Orange Worker Coat,NPC GENERIC Jeans,,NPC Male Mad Dogs Shoes 01,,,TRUE,,,,,,,,,,75,,,,,100,,,,,,,,
Milo Pardalos,Big_LowDamage,,Unarmored,,,,,,13 Diablos,1,30,,,,,,,Rogue,,,Male_Hair_3,Skin1,Male_Face3,Beard_Long,,,NPC MALE 13 Diablos Jacket 01,NPC GENERIC Jeans,,NPC Male 13 Diablos Shoes 01,,,,500,750,4000,10000,3000,6000,1000,2000,50,75,DeathEffect1,,ExploMan,TRUE,100,HitEffect1,,,,,,,
Diego Plewa,Big_LowDamage,,Unarmored,,,,,,13 Diablos,1,30,,,,,,,Rogue,,,Male_Hair_1,Skin1,Male_Face3,,,,NPC MALE 13 Diablos Jacket 01,NPC GENERIC Jeans,,NPC Male 13 Diablos Shoes 01,,,,500,750,4000,10000,3000,6000,1000,2000,50,75,DeathEffect1,,ExploMan,TRUE,100,HitEffect1,,,,,,,
Duncan Idaho,Big_HighDamage,,Unarmored,,,,,,Resistance,1,30,,,,,Popular Bat,,Tank,,,Male_Hair_8,Skin3,Male_Face2,,,NPC Aviators,NPC MALE 13 Diablos Jacket 01,NPC MALE 13 Diablos Pants 01,,,,,,500,1100,4000,10000,3000,6000,1000,2000,50,75,,,,,100,,,,,,,,
Pepe Di Amigo,Big_LowDamage,,Unarmored,,,,,,Resistance,1,30,,,,,,,Rogue,,,Male_Hair_1,Skin2,Male_Face1,Fancy_Mustache,,NPC Aviators,NPC Harbor Worker Blue Jacket,NPC MALE Docker Worker Pants 02,,NPC Male Mad Dogs Shoes 01,,,,500,1100,4000,10000,3000,6000,1000,2000,50,75,,,,,100,,,,,,,,
Roy Batty,Big_HighDamage,,Unarmored,,,,,,Resistance,1,30,,,,,Basic Battle Rifle,,Tank,,,Male_Hair_7,Skin3,Male_Face1,,,NPC Aviators,NPC MALE 13 Diablos Jacket 02,NPC MALE 13 Diablos Pants 01,,NPC Male 13 Diablos Shoes 01,,,,500,1100,4000,10000,3000,6000,1000,2000,50,75,,,,,100,,,,,,,,
Equipment Vendor,Big_LowDamage,,Unarmored,,,,,,Resistance,1,30,,,,,,,ChubbyFemale,,,Female_Hair_8,female_skin3,Female_Face1,,,,NPC Harbor Worker Blue Jacket,NPC MALE Docker Worker Pants 02,,NPC Male Mad Dogs Shoes 01,,,,500,1100,4000,10000,3000,6000,1000,2000,50,75,,,,,100,,,,,,,,
Trent Rabido,Big_LowDamage,,Unarmored,,,,,,Resistance,1,30,,,,,,,Rogue,,,Male_Hair_3,Skin6,Male_Face1,Beard_Long,,NPC Aviators,NPC Harbor Worker Blue Jacket,NPC MALE Docker Worker Pants 02,,NPC Male Mad Dogs Shoes 01,,,,500,1100,4000,10000,3000,6000,1000,2000,50,75,,,,,100,,,,,,,,
Drugged Valkyrie,Small_LowDamage,,Unarmored,,,,,,Valkyries,1,30,,,,,,,NPC_F_Junkie,,,Female_Hair_8_blonde,female_skin2,Female_Face2,,,,NPC FEMALE Valkyeries Jacket 01,NPC FEMALE Valkyries Pants 01,,,NPC Belt,,TRUE,,,,,,,1000,2000,50,75,DeathEffect1,,ExploMan,TRUE,100,HitEffect1,,,,,,,
Alex,Small_LowDamage,,Unarmored,,,,,,Resistance,1,30,,,,,,,Junkie,,,Male_Hair_3,Skin5,Male_Face2,Burt_Mustache,,NPC Aviators,NPC MALE Vermillion Jacket 01,NPC GENERIC Black Pants,NPC Normal Gloves,,,,TRUE,,,,,,,,,,75,,,,,100,,,,,,,,
Labycore Bodyguard,Small_HighDamage,,Unarmored,,,,TRUE,,Labycore,1,30,,,,,"Labytech Pistol, LBTP-02",,Rogue,,,Don's Toupee,Skin2,Male_Face2,,,,High-Power Suit Jacket,NPC GENERIC Black Pants,NPC Normal Gloves,Everyday Black Shoes,,,,700,1100,4000,10000,3000,6000,1000,2000,30,50,DeathEffect1,,ExploMan,TRUE,100,HitEffect1,,,,,,,
Mad Dog Dealer,Big_LowDamage,,Unarmored,,,,TRUE,,Mad Dogs,1,30,,,,,NPC Wrench,,Tank,,,Male_Hair_5,Skin1,Male_Face1,,,,Submariner's Suit Jacket,NPC MALE Hooligans Pants 03,,Acute Black Boots,NPC Belt,,,500,1100,400,10000,3000,6000,1000,2000,30,50,DeathEffect1,,ExploMan,TRUE,100,HitEffect1,,,,,,,
Spiderbot Patrol,Big_HighDamage,,Mechanical,,,,TRUE,,Labycore,10,30,Fire Rocket,,,,Regular Minigun,,NPC_Spiderbot,Idle,,,Spiderbot,,,,,,,,,,,,300,1100,4000,10000,3000,6000,1000,2000,50,75,ExploRobot,TRUE,ExploRobot,,100,HitEffect1,,,,,,,
13Diablo Gun Vendor,Big_LowDamage,,Unarmored,,,,,,13 Diablos,1,30,,,,,Basic .32 Pistol,,Rogue,,,,Skin1,Male_Face2,,,NPC Aviators,NPC MALE 13 Diablos Jacket 01,NPC MALE 13 Diablos Pants 02,,NPC Male Mad Dogs Shoes 01,,,,750,1100,4000,10000,3000,6000,,,,75,DeathEffect1,,ExploMan,TRUE,,HitEffect1,,,,,,,
13Diablo Salesman,Big_LowDamage,,Unarmored,,,,,,13 Diablos,1,30,,,,,NPC Wrench,,Rogue,,,Male_Hair_5,Skin1,Male_Face2,,,,NPC MALE 13 Diablos Jacket 01,NPC MALE 13 Diablos Pants 01,,NPC Male Mad Dogs Shoes 01,,,,750,1100,4000,10000,3000,6000,,,,75,DeathEffect1,,ExploMan,TRUE,,HitEffect1,,,,,,,
13Diablo Combat Merchant,Big_HighDamage,,Unarmored,,,,,,13 Diablos,1,30,,,,,Good Jigsaw,,Tank,,,Male_Hair_1,Skin1,Male_Face2,,,NPC Aviators,NPC MALE 13 Diablos Jacket 01,NPC MALE 13 Diablos Pants 02,,NPC Male Mad Dogs Shoes 01,,,,750,1100,4000,10000,3000,6000,,,,75,DeathEffect1,,ExploMan,TRUE,,HitEffect1,,,,,,,
Mr. Roman,Big_LowDamage,,Unarmored,,,,,,13 Diablos,1,30,,,,,,,Tank,,,Male_Hair_2,Skin1,Male_Face2,,,NPC Aviators,NPC MALE 13 Diablos Jacket 01,NPC MALE 13 Diablos Pants 02,,NPC Male Mad Dogs Shoes 01,,,,750,1100,4000,10000,3000,6000,,,,75,DeathEffect1,,ExploMan,TRUE,,HitEffect1,,,,,,,
Claire,Big_LowDamage,,Unarmored,,,,,,Valkyries,1,30,,,,,,,RogueFemale,,,Female_Hair_4,female_skin1,Female_Face2,,,,NPC FEMALE Valkyeries Jacket 01,NPC FEMALE Valkyries Pants 02,NPC Normal Gloves,NPC Female Valkyries Shoes 02,,,,500,1100,4000,10000,3000,6000,1000,2000,50,75,DeathEffect1,,ExploMan,TRUE,100,HitEffect1,,,,,,,
Ivy,Big_LowDamage,,Unarmored,,,,,,Valkyries,1,30,,,,,,,RogueFemale,,,Female_Hair_8,female_skin3,Female_Face1,,,,NPC FEMALE Valkyeries Jacket 01,NPC FEMALE Valkyries Pants 02,NPC Normal Gloves,NPC Female Valkyries Shoes 02,,,,500,1100,4000,10000,3000,6000,1000,2000,50,75,DeathEffect1,,ExploMan,TRUE,100,HitEffect1,,,,,,,
Inaritu Caprio,Big_LowDamage,,Unarmored,,,,,,13 Diablos,1,30,,,,,,,Tank,,,Male_Hair_1,Skin4,Male_Face1,Beard_Long,,,NPC MALE 13 Diablos Jacket 01,,,NPC Male Mad Dogs Shoes 01,,,,750,1100,4000,10000,3000,6000,,,,75,DeathEffect1,,ExploMan,TRUE,,HitEffect1,,,,,,,
Hotel Manager,Big_HighDamage,,Unarmored,,,,TRUE,,Eastern Queens,1,30,,,,,Fine Sword,,ChubbyFemale,,,Female_Hair_6,female_skin3,Female_Face1,,,,NPC FEMALE Eastern Queen Shirt 02,NPC FEMALE Eastern Queen Pants 02,,NPC Female Eastern Queens Shoes 02,,,,375,750,4000,10000,3000,6000,1000,2000,70,75,DeathEffect1,,ExploMan,TRUE,100,HitEffect1,,,,,,,
Emilio Machnik,Big_LowDamage,,Unarmored,,,,,,13 Diablos,1,30,,,,,,,Rogue,,,Male_Hair_4,Skin6,Male_Face3,,,,NPC MALE 13 Diablos Jacket 01,NPC MALE 13 Diablos Pants 02,,NPC Male Mad Dogs Shoes 01,,,,750,1100,4000,10000,3000,6000,,,,75,DeathEffect1,,ExploMan,TRUE,,HitEffect1,,,,,,,
Charlie Casella,Big_LowDamage,,Unarmored,,,,,,13 Diablos,1,30,,,,,,,Rogue,,,Male_Hair_4,Skin6,Male_Face3,,,,NPC MALE 13 Diablos Jacket 01,NPC MALE 13 Diablos Pants 02,,NPC Male Mad Dogs Shoes 01,,,,750,1100,4000,10000,3000,6000,,,,75,DeathEffect1,,ExploMan,TRUE,,HitEffect1,,,,,,,
Fall,Small_LowDamage,,Unarmored,,,,,,Valkyries,1,30,,,,,NPC Wrench,,RogueFemale,,,Female_Hair_4,female_skin1,Female_Face1,,,NPC Aviators,NPC MALE Docker Worker Jacket,NPC FEMALE Eastern Queen Pants,,NPC Male Mad Dogs Shoes 01,,,,500,1100,4000,10000,3000,6000,1000,2000,50,75,DeathEffect1,,ExploMan,TRUE,100,HitEffect1,,,,,,,
Club Flesh Assassin,Small_HighDamage,,Unarmored,,,,TRUE,,Club Flesh,1,30,Wounding Shot,,,,Next-Gen Sniper: LTDC-05,Club Flesh Seeker,Tank,,,Male_Hair_5,Skin3,Male_Face2,,,NPC Aviators,Awesome White Custom Jacket,High-Power White Pants,,Cool Black Shoes,,,,,,4000,10000,4000,8000,1000,2000,70,75,DeathEffect1,,ExploMan,TRUE,,HitEffect1,,,,,,,
,,,,,,,,,,,,Healing Power,,,,,,,,,,,,,,,,,,,,,,,,,,,,,,,,,,,,,,,,,,,,
Club Flesh Skinner,Big_LowDamage,,Unarmored,,,,TRUE,,Club Flesh,1,30,,,,,Fine Sword,,Chef,,,Male_Hair_3,Skin3,Male_Face3,,,,Awesome White Custom Jacket,High-Power White Pants,,NPC Male Mad Dogs Shoes 02,,,,,,4000,10000,6000,6000,1000,2000,70,100,DeathEffect1,,ExploMan,TRUE,,HitEffect1,,,,,,TRUE,
Club Flesh Seeker,Big_LowDamage,,Armored,,,,TRUE,,Club Flesh,1,30,Slammer,,,,,,Rogue,,,Male_Hair_3,Skin4,Male_Face1,,,,Exquisite Armored Jacket,High-Power White Pants,,NPC Male Mad Dogs Shoes 02,,,,,,4000,10000,6000,6000,1000,2000,70,75,DeathEffect1,,ExploMan,TRUE,,HitEffect1,,,,,,,
Voluptuous Valkyrie,Small_HighDamage,,Unarmored,,,,,,Valkyries,1,30,,,,,Wacky 12G Shotgun,,RogueFemale,,,Female_Hair_2,female_skin1,Female_Face1,,,,NPC FEMALE Valkyeries Jacket 01,NPC FEMALE Valkyries Pants 02,,NPC Female Valkyries Shoes 02,,,,500,1100,4000,10000,3000,6000,1000,2000,70,75,DeathEffect1,,ExploMan,TRUE,100,HitEffect1,,,,,,,
Valkyries Mentor,Small_LowDamage,,Unarmored,,,,,,Valkyries,1,30,,,,,Basic .32 Pistol,,RogueFemale,,,Female_Hair_4,female_skin1,Female_Face1,,,,NPC FEMALE Valkyeries Jacket 02,NPC FEMALE Valkyries Pants 02,,NPC Female Valkyries Shoes 02,,,,500,1100,4000,10000,3000,6000,1000,2000,70,75,DeathEffect1,,ExploMan,TRUE,100,HitEffect1,,,,,,,
Lola,Small_LowDamage,,Unarmored,,,,,,Valkyries,1,30,,,,,Basic .32 Pistol,,RogueFemale,,,Female_Hair_8,female_skin1,Female_Face1,,,,NPC FEMALE Valkyeries Jacket 02,NPC FEMALE Valkyries Pants 02,,NPC Female Valkyries Shoes 02,,,,500,1100,4000,10000,3000,6000,1000,2000,70,75,DeathEffect1,,ExploMan,TRUE,100,HitEffect1,,,,,,,
Luscious Valkyrie,Elite_Medium_HighDamage,,Unarmored,,,,,,Valkyries,1,30,,,,,Wacky 12G Shotgun,,RogueFemale,,,Female_Hair_3,female_skin1,Female_Face1,,,,NPC FEMALE Valkyeries Jacket 02,NPC FEMALE Valkyries Pants 01,,NPC Female Valkyries Shoes 02,,,,,,4000,10000,3000,6000,1000,2000,70,75,DeathEffect1,,ExploMan,TRUE,,HitEffect1,,,,,,,
Triggerhappy Hooligan,Medium_HighDamage,,Unarmored,,,,TRUE,,Hooligans,1,30,,,,,Wacky 12G Shotgun,,Rogue,,,Male_Hair_8,Skin1,Male_Face3,Beard_Long,,,,NPC MALE Hooligans Pants 02,,NPC Male Hooligans Shoes 01,,,,500,1100,,2000,3000,6000,1000,2000,50,75,DeathEffect1,,ExploMan,TRUE,,HitEffect1,,,,,,,
Scooter,Small_HighDamage,,Unarmored,,,,,,Hooligans,1,30,,,,,Street Credible Bat,,Rogue,,,Male_Hair_2,Skin2,Male_Face1,Beard_Long,,,,NPC MALE Hooligans Pants 03,,NPC Male Hooligans Shoes 01,NPC Belt,,,500,1100,4000,10000,3000,6000,1000,2000,70,75,DeathEffect1,,ExploMan,TRUE,105,HitEffect1,,,,,,,
Eastern Queen Maniac,Medium_HighDamage,,Armored,,,,TRUE,,Eastern Queens,1,30,Healing Power,,,,Common Sword,,RogueFemale,,,Female_Hair_3_blonde,female_skin1,Female_Face2,,,,Healing Scrubs of Epic,NPC FEMALE Eastern Queen Pants,,NPC Female Eastern Queens Shoes 01,NPC Belt,,,500,1500,4000,10000,6000,6000,1000,2000,70,75,DeathEffect1,,ExploMan,TRUE,100,HitEffect1,,,,,,,
Tina,Small_LowDamage,,Unarmored,,,,,,Valkyries,1,30,,,,,Basic .32 Pistol,,RogueFemale,,,Female_Hair_1,female_skin1,Female_Face1,,,,NPC FEMALE Valkyeries Jacket 02,NPC FEMALE Valkyries Pants 02,,NPC Female Valkyries Shoes 02,,,,500,1100,4000,10000,3000,6000,1000,2000,70,75,DeathEffect1,,ExploMan,TRUE,100,HitEffect1,,,,,,,
Drush,Small_LowDamage,,Unarmored,,,,,,Valkyries,1,30,,,,,Basic .32 Pistol,,RogueFemale,,,Female_Hair_4,female_skin1,Female_Face1,,,,NPC FEMALE Valkyeries Jacket 02,NPC FEMALE Valkyries Pants 02,,NPC Female Valkyries Shoes 02,,,,500,1100,4000,10000,3000,6000,1000,2000,70,75,DeathEffect1,,ExploMan,TRUE,100,HitEffect1,,,,,,,
Mona,Small_LowDamage,,Unarmored,,,,,,Valkyries,1,30,,,,,Basic .32 Pistol,,RogueFemale,,,Female_Hair_7,female_skin1,Female_Face1,,,,NPC FEMALE Valkyeries Jacket 02,NPC FEMALE Valkyries Pants 02,,NPC Female Valkyries Shoes 02,,,,500,1100,4000,10000,3000,6000,1000,2000,70,75,DeathEffect1,,ExploMan,TRUE,100,HitEffect1,,,,,,,
Demolisherbot,Boss_Default,,Mechanical,,,,TRUE,,Labycore,15,15,Demolishers Stun Grenade,,Plans: Bot Master Boots,,Weldingbot_Minigun,,NPC_Weldingbot,,,,Weldingb,,,,,,,,,,,,,,4000,10000,3000,6000,1000,2000,50,75,ExploRobot,TRUE,ExploRobot,,,HitEffect1,VoBossDeathMechanical,,,,,,
,,,,,,,,,,,,,,Plans: Bot Trampling Boots,,,,,,,,,,,,,,,,,,,,,,,,,,,,,,,,,,,,,,,,,,
Suzie 'The Angel',Player_Damage,Hunter,,,,,,,Mercenary,21,22,Grenade,,,,Great .308 Bolt-Action,,RogueFemale,,Sleep,Female_Hair_3,female_skin1,Female_Face2,,,,First-Class Camo Shirt,Acute Camo Pants,,Everyday Boots,,,,1200,1200,4000,10000,6000,10000,1000,2000,,120,DeathEffect1,,ExploMan,TRUE,100,HitEffect1,,,,,,,
Octavia 'The Night',Player_Healer,Doctor,,,,,,,Mercenary,19,20,,,,,Fine Revolver,,TankFemale,,Sleep,Female_Hair_6,female_skin1,Female_Face2,,,,Good Distressed Jacket,Good Dark Trousers,,Standard Boots,,,,1200,1200,4000,10000,6000,10000,1000,2000,,120,DeathEffect1,,ExploMan,TRUE,100,HitEffect1,,,,,,,
Jade 'Apple' Shively,Player_Damage,Hunter,Unarmored,,,,,,General,9,10,,,,,Boosted Revolver,,RogueFemale,,Sleep,Female_Hair_1,female_skin2,Female_Face1,,,,Special Gang Vest,Credible Brown Jeans,,Everyday Boots,,,,1200,1200,4000,10000,6000,10000,1000,2000,,120,DeathEffect1,,ExploMan,TRUE,100,HitEffect1,,,,,,,
Sierra 'Jazz' Pointer,Suicide_Mob,Hunter,Unarmored,,,,,TRUE,Resistance,1,1,,,,,,,CyberGirl,,,Female_Hair_4,female_skin3,Female_Face3,,,,Dawnbreak T-Shirt,Dawnbreak Trousers,,Everyday Boots,,,,1200,1200,4000,10000,6000,10000,1000,2000,,120,DeathEffect1,,ExploMan,TRUE,100,HitEffect1,,,,,,,
Sydney 'Nine Fingers',Player_Tank,Bodyguard,,,,,,,Mercenary,23,24,,,,,Advanced Chainsaw,,TankFemale,,Sleep,Female_Hair_7_black,female_skin1,Female_Face2,,,,Street Wise Open Blouse,Jagged White Pants,,Standard Boots,,,,1200,1200,4000,10000,6000,10000,1000,2000,,120,DeathEffect1,,ExploMan,TRUE,100,HitEffect1,,,,,,,
Michaela,Tutorial_Mob,Bodyguard,,,,,,TRUE,General,1,30,Michaela Slammer,,,,Illegal Plank,,TankFemale,,Sleep,Female_Hair_4_black,female_skin2,Female_Face3,,,,Street Wise Open Blouse,Special Striped Trousers,,Standard Boots,,,,1200,1200,4000,10000,6000,10000,1000,2000,,120,DeathEffect1,,ExploMan,TRUE,100,HitEffect1,,,,,,,
Rosalee 'Death' Loving,Player_Healer,Doctor,Unarmored,,,,,,General,30,30,,,,,Singular Sword,,RogueFemale,,Sleep,Female_Hair_3,female_skin1,Female_Face1,,,,Outstanding Armored Jacket,Cool Dark Jeans,,Standard Boots,,,,1200,1200,4000,10000,6000,10000,1000,2000,,120,DeathEffect1,,ExploMan,TRUE,100,HitEffect1,,,,,,,
Jeanna 'Mamba' Matteson,Player_Tank,Bodyguard,Unarmored,,,,,,General,30,30,,,,,Massive Chainsaw,,RogueFemale,,Sleep,Female_Hair_3,female_skin1,Female_Face1,,,,First-Class Dark Trench Coat,Special Armored Pants,,Standard Boots,,,,1200,1200,4000,10000,6000,10000,1000,2000,,120,DeathEffect1,,ExploMan,TRUE,100,HitEffect1,,,,,,,
Drusilla 'The Caramba',Player_Healer,Doctor,,,,,,,Mercenary,30,30,,,,,High-Power SMG,,RogueFemale,,Sleep,Female_Hair_5,female_skin2,Female_Face3,,,NPC Aviators,Boosted Sporty Vest,Credible Denim Shorts,,Everyday Boots,,,,1200,1200,4000,10000,6000,10000,1000,2000,,120,DeathEffect1,,ExploMan,TRUE,100,HitEffect1,,,,,,,
Catrina 'The Cannon',Player_Damage,Hunter,,,,,,,Mercenary,27,28,,,,,Brutal Revolver,,TankFemale,,Sleep,Female_Hair_4_blonde,female_skin1,Female_Face1,,,,Fine Sporty Vest,Elegant Black Trousers,,Standard Boots,,,,1200,1200,4000,10000,6000,10000,1000,2000,,120,DeathEffect1,,ExploMan,TRUE,100,HitEffect1,,,,,,,
Mark 'The Orphan',Player_Damage,Hunter,,,,,,,Mercenary,13,14,,,,,Acute SMG,,Rogue,,Sleep,Male_Hair_2_black,Skin4,Male_Face7,beard_black_full,,,Credible Distressed Jacket,Outstanding Branded Jeans,,Everyday Boots,,,,1200,1200,4000,10000,6000,10000,1000,2000,,120,DeathEffect1,,ExploMan,TRUE,100,HitEffect1,,,,,,,
Trey 'The Alpha',Player_Damage,Hunter,,,,,,,Mercenary,30,30,,,,,Nifty Battle Rifle,,Tank,,Sleep,Male_Hair_6_black,Skin1,Male_Face3,Chin_Beard,,,Genuine Suit Jacket,Acute Branded Jeans,,Standard Boots,,,,1200,1200,4000,10000,6000,10000,1000,2000,,120,DeathEffect1,,ExploMan,TRUE,100,HitEffect1,,,,,,,
Mike The Maniac,Player_Tank,Bodyguard,Unarmored,,,,,,General,27,30,,,,,Illegal Plank,,Tank,,Sleep,Male_Hair_2,Skin5,Male_Face3,Lemmy_Sideburners,,,High-Power Armored Jacket,Singular White Camo Pants,,Standard Boots,,,,1200,1200,4000,10000,6000,10000,1000,2000,,120,DeathEffect1,,ExploMan,TRUE,100,HitEffect1,,,,,,,
Leo The Snitch,Player_Damage,Hunter,Unarmored,,,,,,General,28,30,,,,,Worthy Revolver,,Rogue,,Sleep,Male_Hair_6_blonde,Skin1,Male_Face5,Burt_Mustache_Blonde,,,Boosted Suit Jacket,Special Armored Pants,,Everyday Boots,,,,1200,1200,4000,10000,6000,10000,1000,2000,,120,DeathEffect1,,ExploMan,TRUE,100,HitEffect1,,,,,,,
Milford 'Firepick' Pan,Suicide_Mob,Hunter,Unarmored,,,,,TRUE,Resistance,1,2,,,,,High-Power SMG,,Rogue,,Sleep,Male_Hair_4,Skin1,Male_Face3,,,,Good Torso Protector,High-Power Custom Pants,,Everyday Boots,,,,1200,1200,4000,10000,6000,10000,1000,2000,,120,DeathEffect1,,ExploMan,TRUE,100,HitEffect1,,,,,,,
Sang 'The Butcher',Player_Tank,Bodyguard,,,,,,,Mercenary,5,6,,,,,Good Cleaver,,Tank,,Sleep,Male_Hair_3_blonde,Skin6,Male_Face2,,,,Popular Multicolor T-shirt,Credible Black Jeans,,Standard Boots,,,,1200,1200,4000,10000,6000,10000,1000,2000,,120,DeathEffect1,,ExploMan,TRUE,100,HitEffect1,,,,,,,
Jason The Blade,Player_Damage,Hunter,Unarmored,,,,,,General,11,13,,,,,Radical Assault Rifle,,Rogue,,Sleep,Male_Hair_6_blonde,Skin4,Male_Face2,,,,Great Anarchy Jacket,First-Class Branded Jeans,,Everyday Boots,,,,1200,1200,4000,10000,6000,10000,1000,2000,,120,DeathEffect1,,ExploMan,TRUE,100,HitEffect1,,,,,,,
Christopher 'The Hawk',Player_Healer,Doctor,,,,,,,Mercenary,5,5,,,,,Okayish 7.62mm Gas-Operated,,Rogue,,Sleep,Male_Hair_3,Skin4,Male_Face1,,,,Worthy Faux Leather Jacket,Acute Black Jeans,,Everyday Boots,,,,1200,1200,4000,10000,6000,10000,1000,2000,,120,DeathEffect1,,ExploMan,TRUE,100,HitEffect1,,,,,,,
Lyman 'Ogre' Covert,Player_Tank,Bodyguard,Unarmored,,,,,,General,30,30,Grenade,,,,Illegal Minigun,,Tank,,Sleep,Male_Hair_7,Skin1,Male_Face3,Basic_Mustache,,,Superfine Smart Jacket,Marvelous Custom Pants,,Everyday Boots,,,,1200,1200,4000,10000,6000,10000,1000,2000,,120,DeathEffect1,,ExploMan,TRUE,100,HitEffect1,,,,,,,
Joshua 'Wishbone' Mill,Player_Damage,Hunter,Unarmored,,,,,,General,21,24,,,,,Excellent Bat,,Rogue,,Sleep,Male_Hair_1,Skin4,Male_Face11,,,,Radical Zipped Gray Jacket,Hustla's Dark Trousers,,Everyday Boots,,,,1200,1200,4000,10000,6000,10000,1000,2000,,120,DeathEffect1,,ExploMan,TRUE,100,HitEffect1,,,,,,,
Brant 'The Lemming',Player_Healer,Doctor,,,,,,,Mercenary,25,26,,,,,Credible 12G Double,,Rogue,,Sleep,Male_Hair_4,Skin1,Male_Face3,,,,Credible Patterned Jacket,Genuine Camo Pants,,Everyday Boots,,,,1200,1200,4000,10000,6000,10000,1000,2000,,120,DeathEffect1,,ExploMan,TRUE,100,HitEffect1,,,,,,,
Wilton 'Bullet' Bites,Player_Tank,Bodyguard,Unarmored,,,,,,General,30,30,Grenade,,,,Boosted 7.62mm Recoil-based,,Tank,,Sleep,Male_Hair_2_black,Skin2,Male_Face10,Thin_Mustache_red,,,First-Class Protective Vest,Credible Black Trousers,,Everyday Boots,,,,1200,1200,4000,10000,6000,10000,1000,2000,,120,DeathEffect1,,ExploMan,TRUE,100,HitEffect1,,,,,,,
Insane Hooligan,Elite_Medium_HighDamage,,Unarmored,,,,TRUE,,Hooligans,1,30,,,,,Regular Assault Rifle,,Tank,,,Male_Hair_2_blonde,Skin3,Male_Face2,Chin_Beard_blonde,,,,NPC MALE Hooligans Pants 01,NPC Normal Gloves,NPC Male Hooligans Shoes 01,,,,,,4000,10000,6000,10000,1000,2000,,120,DeathEffect1,,ExploMan,TRUE,,HitEffect1,,,,,,,
Grim Gonzales,Mini_Boss_Default,,Unarmored,,,,TRUE,,Labycore,5,5,Grim Rage,TRUE,Plans: Sparrow Hawk,,Basic Minigun,,Tank,,,Male_Hair_12_black,Skin2,Male_Face10,Beard_Long,,Everyday Shutter Shades,NPC MALE Prison Warder Jacket,NPC GENERIC Black Pants,NPC Normal Gloves,NPC Male Hooligans Shoes 01,,,,500,1100,4000,10000,6000,10000,1000,2000,,120,Decapitation,TRUE,Decapitation,TRUE,120,HitEffect1,VoBossDeathBigThug,,,,,,
,,,,,,,,,,,,Grim Taunt,,Plans: Tooth Pick,,,,,,,,,,,,,,,,,,,,,,,,,,,,,,,,,,,,,,,,,,
"Carolyn, Dawnbreak Tour Guide",Small_LowDamage,,,,,,TRUE,,Neutral,1,30,Burning Zombie,,,,Zombie Fire,,Rogue,,,,Zombie_skin3,Zombie_Face2,,,,,,,,,,TRUE,1200,1200,0,0,0,0,0,0,,120,DeathEffect1,,ExploMan,TRUE,100,HitEffect1,,,,,,,
Fireman Dave,Big_LowDamage,,,,,,,,Neutral,1,30,,,,,Fire Axe,,Tank,,,Male_Hair_8_black,Skin1,Male_Face1,,,,NPC MALE Docker Worker Jacket,NPC MALE Docker Worker Pants 01,NPC Normal Gloves,NPC Male Hooligans Shoes 01,,,,,,,,,,,,,,,,,,90,,,,,,,,
Billie Biker,Small_LowDamage,,,,,,,,Neutral,1,30,,,,,Brittle .32 Pistol,,RogueFemale,,,Female_Hair_1_black,female_skin1,Female_Face1,,,,Acid-splashed Leather Vest,Basic Leather Trousers,,NPC Female Valkyries Shoes 01,,,,,,,,,,,,,,,,,,,,,,,,,,
Gang Member Zombie,Small_LowDamage,,,,,,TRUE,,Undead,1,30,,,,,,,Zombie,,,Male_Hair_10_black,Zombie_skin3,Zombie_Face4,,,,Acute Anarchy Jacket,NPC GENERIC Black Pants,,,,,TRUE,400,400,4000,10000,6000,10000,1000,2000,,120,DeathEffect1,,ExploMan,TRUE,100,HitEffect1,,,,,,,
Slick Jimmy,Small_LowDamage,,,,,,,,Neutral,1,30,,,,,Antiquated Knife,,Rogue,,,Male_Hair_14_black,Skin1,Male_Face11,,,NPC Aviators,Acute Anarchy Jacket,Blue Jeans,NPC Normal Gloves,Leather Footstraps,,,,,,,,,,,,,,,,,,,,,,,,,,
Plumber Joe,Small_LowDamage,,,,,,,,Neutral,1,30,,,,,Atomic Wrench,,Tank,,,Male_Hair_5_black,Skin2,Male_Face4,Basic_Mustache,,,Average Green Sweater,Acute Camo Pants,NPC Yellow Working Gloves,NPC Male Hooligans Shoes 01,,,,,,,,,,,,,,,,,,,,,,,,,,
IzaK,Small_LowDamage,,,,,,,,Neutral,1,30,,,,,,,Rogue,,,Male_Hair_6_blonde,Skin3,Male_Face9,,,Aiming Visor,Dawnbreak T-Shirt,Good Denim Shorts,All-weather Gloves,Acute Sneakers,,Fine Scarf,,,,,,,,,,,,,,,,,,,,,,,,
Engineer Eddie,Small_LowDamage,,,,,,,,Neutral,1,30,,,,,Acute Revolver,,Rogue,,,Male_Hair_10,Skin5,Male_Face5,,,Sungazers,Fine Patterned Jacket,Acute Brown Jeans,,,,,,,,,,,,,,,,,,,,,,,,,,,,
Nurse Nellie,Small_LowDamage,,,,,,,,Neutral,1,30,,,,,,,RogueFemale,,,Female_Hair_1_black,female_skin2,Female_Face2,,Basic Nurse Hat,,Cool White Sweater,Excellent White Pants,,NPC Male Hooligans Shoes 01,,,,,,,,,,,,,,,,,,,,,,,,,,
Assistant Stan,Big_HighDamage_Escort,,,,,,,,Neutral,1,30,,,,,Awesome Shovel,,Tank,,,,Skin4,Male_Face8,,Acute Helmet,,Everyday Orange Worker Coat,Labycore Worker's Trousers,,,Awesome Utility Belt,,,,,4000,10000,3000,6000,1000,2000,70,75,DeathEffect1,,Decapitation,TRUE,90,,,,,,,,
Mister Zee,Medium_HighDamage,,Unarmored,,,,,,Neutral,1,30,,,,,Advanced SMG,,Rogue,,,Male_Hair_3_black,Skin1,Male_Face9,Burt_Mustache,Fine Hat,,Acid-splashed Casual Vest,Casual Slacks,Acute Black Gloves,Wooden Heelers,,,,,,4000,10000,3000,6000,1000,2000,70,75,DeathEffect1,,Decapitation,TRUE,90,,,,,,,,
Haggard Harriet,Small_LowDamage,,,,,,,,Neutral,1,30,,,,,Sawn-off Shotgun,,RogueFemale,,,Female_Hair_1_black,female_skin1,Female_Face3,,Loglady Hat,NPC Aviators,Yellow Long Jacket,NPC GENERIC Black Pants,,NPC Male Hooligans Shoes 01,,,,,,4000,10000,3000,6000,1000,2000,70,75,DeathEffect1,,Decapitation,,,,,,,,,,
Hermit Henry,Medium_HighDamage_Escort,,Armored,,,,,,Neutral,1,30,,,,,Advanced Crowbar,,Rogue,,,Male_Hair_6_black,Skin2,Male_Face6,Beard_Long,,,Bomb Shelter,NPC GENERIC Black Pants,,,,,,,,4000,10000,3000,6000,1000,2000,70,75,DeathEffect1,,Decapitation,,,,,,,,,,
Scout Sam,Small_LowDamage,,,,,,,,Neutral,1,30,,,,,,,Rogue,,,Male_Hair_6_blonde,Skin6,Male_Face5,,Greater Cap,NPC Aviators,NPC Hired Gung T-Shirt,NPC GENERIC Black Pants,,NPC Male Hooligans Shoes 01,,,,,,,,,,,,,,,,,,,,,,,,,,
Militant Mia,Small_LowDamage,,,,,,,,Neutral,1,30,,,,,,,RogueFemale,,,Female_Hair_1_black,female_skin1,Female_Face1,,,Battle Visors,Armored Jacket,NPC GENERIC Black Pants,NPC Normal Gloves,NPC Male Hooligans Shoes 01,,,,,,,,,,,,,,,,,,,,,,,,,,
Little Lisa,Small_LowDamage,,,,,,,,Neutral,1,30,,,,,,,RogueFemale,,,Female_Hair_1_black,female_skin2,Female_Face2,,,NPC Aviators,NPC FEMALE Tour Guide,NPC GENERIC Black Pants,NPC Normal Gloves,NPC Male Hooligans Shoes 01,,,,,,,,,,,,,,,,,,,,,,,,,,
Big Bertha,Small_LowDamage,,,,,,,,Neutral,1,30,,,,,,,ChubbyFemale,,,Female_Hair_4_blonde,female_skin1,Female_Face3,,,,Regular Multicolor Shirt,NPC GENERIC Black Pants,,NPC Male Hooligans Shoes 01,,,,,,,,,,,,,,,,,,,,,,,,,,
Sweet Pete,Small_LowDamage,,,,,,,,Neutral,1,30,,,,,,,Tank,,,Male_Hair_9_black,Skin2,Male_Face6,beard_black_full,Acute Ivy Cap,,Singular Skull T-shirt,NPC GENERIC Black Pants,,NPC Male Hooligans Shoes 01,,,,,,,,,,,,,,,,,,,,,,,,,,
Chainsaw Charlie,Big_LowDamage,,Unarmored,,,,,,Neutral,1,30,,,,,Chainsaw,,Rogue,,,Male_Hair_3,Skin6,Male_Face1,Beard_Long,,NPC Aviators,Usual Multicolor Shirt,Popular Dark Pants,,Average Boots,,,,500,1100,4000,10000,3000,6000,1000,2000,50,75,,,,,100,,,,,,,,
Murdocks General Goods,Big_LowDamage,,Unarmored,,,,,,Neutral,1,30,,,,,,,Tank,,,Male_Hair_3,Skin6,Male_Face1,,,NPC Aviators,NPC Harbor Worker Blue Jacket,NPC MALE Docker Worker Pants 02,,NPC Male Mad Dogs Shoes 01,,,,500,1100,4000,10000,3000,6000,1000,2000,50,75,,,,,100,,,,,,,,
Reids General Goods,Big_LowDamage,,Unarmored,,,,,,Neutral,11,15,,,,,,,Rogue,,,Male_Hair_3,Skin6,Male_Face1,Beard_Long,,NPC Aviators,Universal Two Tone T-shirt,NPC MALE Docker Worker Pants 02,,NPC Male Mad Dogs Shoes 01,,,,500,1100,4000,10000,3000,6000,1000,2000,50,75,,,,,100,,,,,,,,
Jordans General Goods,Big_LowDamage,,Unarmored,,,,,,Neutral,16,20,,,,,,,Tank,,,Male_Hair_3,Skin6,Male_Face1,Thin_Mustache,,NPC Aviators,Typical Yellow Sweater,NPC MALE Docker Worker Pants 02,,NPC Male Mad Dogs Shoes 01,,,,500,1100,4000,10000,3000,6000,1000,2000,50,75,,,,,100,,,,,,,,
Parkers General Goods,Big_LowDamage,,Unarmored,,,,,,Neutral,21,25,,,,,,,Rogue,,,Male_Hair_4_black,Skin1,Male_Face2,beard_red_full,,,Plain Red Sweater,Basic Suit Trousers,,NPC Male Mad Dogs Shoes 01,,,,500,1100,4000,10000,3000,6000,1000,2000,50,75,,,,,100,,,,,,,,
Danvers General Goods,Small_LowDamage,,Unarmored,,,,,,Neutral,26,30,,,,,,,RogueFemale,,,Female_Hair_3_blonde,female_skin2,Female_Face2,,,NPC Aviators,Basic Green Sport Coat,Plain Butcher's Pants,,Poor Open Shoes,,,,500,1100,4000,10000,3000,6000,1000,2000,50,75,,,,,100,,,,,,,,
Dean,Big_HighDamage_Escort,,Unarmored,,,,,,Resistance,1,30,,,,,,,Fatman,,,,Skin5,Male_Face3,Beard_Long,,NPC Aviators,NPC Harbor Worker Blue Jacket,NPC MALE Docker Worker Pants 02,NPC Yellow Working Gloves,NPC Male Mad Dogs Shoes 01,,,,500,1100,4000,10000,3000,6000,1000,2000,50,75,DeathEffect1,,ExploMan,TRUE,100,HitEffect1,,,,,,,
Engineer,Small_LowDamage,,Unarmored,,,,TRUE,,Labycore,1,30,,,,,NPC_Police Baton,,Rogue,,,Don's Toupee,Skin2,Male_Face2,,,NPC Aviators,High-Power Suit Jacket,NPC GENERIC Black Pants,NPC Normal Gloves,Acute Black Boots,,,,700,1100,4000,10000,3000,6000,1000,2000,30,50,DeathEffect1,,ExploMan,TRUE,100,HitEffect1,,,,,,,
Club Flesh Hedonist,Medium_HighDamage,,Unarmored,,,,TRUE,,Club Flesh,1,30,Hired Guns Movement,,,,Basic .40 Pistol,,DualPistol,,,Male_Hair_8,Skin2,Male_Face3,,,NPC Aviators,Radical Dark Trench Coat,Greater White Pants,,NPC Male Mad Dogs Shoes 02,,,,,,4000,10000,6000,6000,1000,2000,70,100,DeathEffect1,,ExploMan,TRUE,,HitEffect1,,,,,,TRUE,
,,,,,,,,,,,,Push,,,,,,,,,,,,,,,,,,,,,,,,,,,,,,,,,,,,,,,,,,,,
,,,,,,,,,,,,John Woo Attack,,,,,,,,,,,,,,,,,,,,,,,,,,,,,,,,,,,,,,,,,,,,
Pimp Mother,Boss_Default,,Unarmored,,,,TRUE,,Eastern Queens,20,20,Roar,,Plans: Infiltrator's Bandana,,SonicGun,,ChubbyFemale,,,Female_Hair_1,female_skin2,Female_Face2,,,,NPC FEMALE Eastern Queen Shirt 02,NPC FEMALE Eastern Queen Pants 02,,NPC Female Eastern Queens Shoes 02,,,,,,4000,10000,3000,6000,1000,2000,70,75,Decapitation,TRUE,Decapitation,TRUE,100,HitEffect1,VoBossDeathBigWoman,,,,,,
,,,,,,,,,,,,Sonic Burst,,,,,,,,,,,,,,,,,,,,,,,,,,,,,,,,,,,,,,,,,,,,
,,,,,,,,,,,,Sonic Stomp,,,,,,,,,,,,,,,,,,,,,,,,,,,,,,,,,,,,,,,,,,,,
Raging Ralph,Big_HighDamage,,Armored,,,,TRUE,,Hooligans,1,30,,,,,Massive Plank,,Fatman,,,Male_Hair_1_blonde,Skin3,Male_Face1,,,,NPC MALE Hooligan Jacket 02,NPC MALE Hooligans Pants 03,,NPC Male Hooligans Shoes 01,,,,,,4000,10000,6000,6000,1000,2000,70,100,DeathEffect1,,ExploMan,TRUE,,HitEffect1,,,,,,,
Captain Blackbeard,Boss_Default,,Armored,,,,TRUE,,Raiders,14,14,ElectricSlam,,Plans: World Audio Club,,Electric Hammer,,Fatman,,,NPC_Male_Hair_Mohawk,NPC Desert Hooligan skin1,Male_Face5,Beard_Long,,,,,,,NPC Desert Hooligans belt,,,,,4000,10000,6000,6000,1000,2000,85,100,Decapitation,TRUE,Decapitation,TRUE,130,ElectricHammerHitFx,VoBossDeathBigThug,,,,,,
,,,,,,,,,,,,ShootElectric,,Plans: Steel Helmet,,,,,,,,,,,,,,,,,,,,,,,,,,,,,,,,,,,,,,,,,,
,,,,,,,,,,,,Heman,,,,,,,,,,,,,,,,,,,,,,,,,,,,,,,,,,,,,,,,,,,,
Hired Guns Engineer,Small_LowDamage,,Unarmored,,,,TRUE,,Hired Guns,1,30,,,,,Crude Knife,,Rogue,,,Male_Hair_8,Skin2,Male_Face1,Burt_Mustache,,NPC Aviators,NPC Hired Gung T-Shirt,NPC MALE Hired Guns Pants 01,,NPC Male Hooligans Shoes 01,NPC Belt,,,500,1100,4000,10000,3000,6000,1000,2000,70,75,DeathEffect1,,ExploMan,TRUE,105,HitEffect1,,,,,,,
Roco Mattia,Big_HighDamage,,Unarmored,,,,,,13 Diablos,1,30,,,,,Crappy 12G Shotgun,,Rogue,,,Male_Hair_1,Skin1,Male_Face3,Burt_Mustache,,,NPC MALE 13 Diablos Jacket 01,NPC GENERIC Jeans,,NPC Male 13 Diablos Shoes 01,,,,500,750,4000,10000,3000,6000,1000,2000,50,75,DeathEffect1,,ExploMan,TRUE,100,HitEffect1,,,,,,,
Reisman,Small_LowDamage,,Unarmored,,,,,,Resistance,8,8,,,,,,,Tank,,,,Skin3,Male_Face2,,,,Dawnbreak Shirt,Regular Stonewashed,,NPC Male Mad Dogs Shoes 01,NPC Belt,,,500,1100,4000,10000,3000,6000,1000,2000,50,75,DeathEffect1,,ExploMan,TRUE,100,HitEffect1,,,,,,,
Worden,Small_LowDamage,,Unarmored,,,,,,Resistance,30,30,,,,,,,Tank,,,Male_Hair_6_blonde,Skin1,Male_Face5,,,,Crappy Blue Sweater,Greater White Pants,,NPC Male Mad Dogs Shoes 01,NPC Belt,,,500,1100,4000,10000,3000,6000,1000,2000,50,75,DeathEffect1,,ExploMan,TRUE,100,HitEffect1,,,,,,,
Wladislaw,Small_LowDamage,,Unarmored,,,,,,Resistance,12,12,,,,,,,Tank,,,Male_Hair_5,Skin2,Male_Face4,Burt_Mustache_Red,,NPC Aviators,Dawnbreak Shirt,Regular Stonewashed,,NPC Male Mad Dogs Shoes 01,NPC Belt,,,500,1100,4000,10000,3000,6000,1000,2000,50,75,DeathEffect1,,ExploMan,TRUE,100,HitEffect1,,,,,,,
Franko,Small_LowDamage,,Unarmored,,,,,,Resistance,14,14,,,,,,,Tank,,,Male_Hair_8_black,Skin2,Male_Face2,Burt_Mustache,,,Dawnbreak Shirt,Regular Stonewashed,,NPC Male Mad Dogs Shoes 01,NPC Belt,,,500,1100,4000,10000,3000,6000,1000,2000,50,75,DeathEffect1,,ExploMan,TRUE,100,HitEffect1,,,,,,,
Jefferson,Small_LowDamage,,Unarmored,,,,,,Resistance,16,16,,,,,,,Tank,,,,Skin2,Male_Face2,Beard_Long,,NPC Aviators,Dawnbreak Shirt,Regular Stonewashed,,NPC Male Mad Dogs Shoes 01,NPC Belt,,,500,1100,4000,10000,3000,6000,1000,2000,50,75,DeathEffect1,,ExploMan,TRUE,100,HitEffect1,,,,,,,
Browen,Small_LowDamage,,Unarmored,,,,,,Resistance,18,18,,,,,,,Tank,,,Male_Hair_6_blonde,Skin3,Male_Face2,,,,Dawnbreak Shirt,Regular Stonewashed,,NPC Male Mad Dogs Shoes 01,NPC Belt,,,500,1100,4000,10000,3000,6000,1000,2000,50,75,DeathEffect1,,ExploMan,TRUE,100,HitEffect1,,,,,,,
Armbruster,Small_LowDamage,,Unarmored,,,,,,Resistance,20,20,,,,,,,Tank,,,,Skin6,Male_Face4,,,NPC Aviators,Dawnbreak Shirt,Regular Stonewashed,,NPC Male Mad Dogs Shoes 01,NPC Belt,,,500,1100,4000,10000,3000,6000,1000,2000,50,75,DeathEffect1,,ExploMan,TRUE,100,HitEffect1,,,,,,,
Jiminez,Small_LowDamage,,Unarmored,,,,,,Resistance,22,22,,,,,,,RogueFemale,,,Female_Hair_4,female_skin2,Female_Face1,,,,Dawnbreak Shirt,Regular Stonewashed,,NPC Male Mad Dogs Shoes 01,,,,500,1100,,2000,3000,6000,1000,2000,50,75,DeathEffect1,,ExploMan,TRUE,100,HitEffect1,,,,,,,
Kinder,Small_LowDamage,,Unarmored,,,,,,Resistance,24,24,,,,,,,TankFemale,,,Female_Hair_5_black,female_skin3,Female_Face3,,,NPC Aviators,Dawnbreak Shirt,Regular Stonewashed,,NPC Male Mad Dogs Shoes 01,NPC Belt,Outstanding Scarf,,500,1100,4000,10000,3000,6000,1000,2000,50,75,DeathEffect1,,ExploMan,TRUE,100,HitEffect1,,,,,,,
Dasher,Small_LowDamage,,Unarmored,,,,,,Resistance,26,26,,,,,,,Tank,,,Male_Hair_2_blonde,Skin5,Male_Face4,,,,Dawnbreak Shirt,Regular Stonewashed,,NPC Male Mad Dogs Shoes 01,NPC Belt,,,500,1100,4000,10000,3000,6000,1000,2000,50,75,DeathEffect1,,ExploMan,TRUE,100,HitEffect1,,,,,,,
Maggott,Small_LowDamage,,Unarmored,,,,,,Resistance,28,28,,,,,,,Tank,,,Male_Hair_2,Skin1,Male_Face2,,,NPC Aviators,Dawnbreak Shirt,Regular Stonewashed,,NPC Male Mad Dogs Shoes 01,NPC Belt,,,500,1100,4000,10000,3000,6000,1000,2000,50,75,DeathEffect1,,ExploMan,TRUE,100,HitEffect1,,,,,,,
Pinkley,Small_LowDamage,,Unarmored,,,,,,Resistance,30,30,,,,,,,Tank,,,Male_Hair_1_black,Skin3,Male_Face2,,,NPC Aviators,Dawnbreak Shirt,Regular Stonewashed,,NPC Male Mad Dogs Shoes 01,NPC Belt,,,500,1100,4000,10000,3000,6000,1000,2000,50,75,DeathEffect1,,ExploMan,TRUE,100,HitEffect1,,,,,,,
Vladek,Small_LowDamage,,Unarmored,,,,,,Resistance,1,30,,,,,,,Tank,,,,Skin5,Male_Face2,,,NPC Aviators,Dawnbreak Shirt,Regular Stonewashed,,NPC Male Mad Dogs Shoes 01,NPC Belt,,,500,1100,4000,10000,3000,6000,1000,2000,50,75,DeathEffect1,,ExploMan,TRUE,100,HitEffect1,,,,,,,
Tankinator,Boss_Default,,Unarmored,,,,TRUE,,Labycore,9,9,RoboMissile,,Plans: Infiltrator's Shades,,Regular Minigun,,NPC_Robotank,,,,Robotank,,,,,,,,,,,,,,2000,4000,6000,6000,1000,2000,80,80,ExploRobot,TRUE,ExploRobot,TRUE,100,,VoBossDeathMechanical,,,,,,
,,,,,,,,,,,,RoboSlammer,,,,,,,,,,,,,,,,,,,,,,,,,,,,,,,,,,,,,,,,,,,,
Charley Malloy,Big_LowDamage,,Unarmored,,,,,,Resistance,1,30,,,,,,,Tank,,,Male_Hair_1_blonde,Skin3,Male_Face3,,,,Dawnbreak T-Shirt,Dawnbreak Trousers,,NPC Poor Shoes,,,,800,1200,2000,4000,6000,6000,1000,2000,80,80,,,,,100,,,,,,,,
Stiletto-82,Big_HighDamage,,Mechanical,,,,TRUE,,Labycore,1,30,Somersault,,,,,,CyberGirl,,Sleep,Female_Hair_8,CyberGirl_skin,Female_Face1,,,,,,,,,,,,,,,3000,6000,1000,2000,,120,DeathEffect1,,ExploMan,TRUE,,HitEffect1,,,,,,,
,,,,,,,,,,,,Wushu Stun,,,,,,,,,,,,,,,,,,,,,,,,,,,,,,,,,,,,,,,,,,,,
,,,,,,,,,,,,Wushu Push,,,,,,,,,,,,,,,,,,,,,,,,,,,,,,,,,,,,,,,,,,,,
,,,,,,,,,,,,Wushu Hit,,,,,,,,,,,,,,,,,,,,,,,,,,,,,,,,,,,,,,,,,,,,
Mad Dog Architect,Big_LowDamage,,Unarmored,,,,,,Mad Dogs,1,30,,,,,,,Tank,,,Male_Hair_4_black,Skin1,Male_Face1,Lemmy_Sideburners,,,NPC MALE Mad Dogs Jacket 02,NPC MALE Mad Dogs Pants 02,,NPC Male Mad Dogs Shoes 01,,,,500,1200,4000,10000,6000,6000,1000,2000,70,100,DeathEffect1,,ExploMan,TRUE,100,HitEffect1,,,,,,,
Rubert Jenkins,Big_LowDamage,,Unarmored,,,,,,Resistance,1,30,,,,,,,Rogue,,,Male_Hair_5,Skin6,Male_Face2,Chin_Beard_red,,,NPC Harbor Worker Blue Jacket,NPC MALE Docker Worker Pants 02,,NPC Male Hooligans Shoes 01,,,,500,1200,4000,10000,6000,6000,1000,2000,70,100,,,,,,,,,,,,,
Josh Hites,Big_LowDamage,,Unarmored,,,,,,Resistance,1,30,,,,,,,Rogue,,,,Skin3,Male_Face2,Beard_Long,,,NPC Harbor Worker Blue Jacket,NPC MALE Docker Worker Pants 01,NPC Yellow Working Gloves,Standard Boots,,,,500,1200,4000,10000,6000,6000,1000,2000,70,100,,,,,100,,,,VoItalianMaleGreetings,,,,
Voodoo Ritualist,Small_LowDamage,,Unarmored,,,,TRUE,,Sewer Voodoo,1,30,Healing Power,,,,Simple Knife,,RogueFemale,,,Female_Hair_2_black,female_skin3,Female_Face1,,,NPC Aviators,NPC MALE Voodoo Jacket 01,NPC MALE Voodoo Pants 01,,NPC Female Valkyries Shoes 02,NPC Belt,,,500,750,4000,10000,3000,6000,1000,2000,50,75,DeathEffect1,,ExploMan,TRUE,105,HitEffect1,,,,,,,
Chef,Big_LowDamage,,Unarmored,,,,TRUE,,Hooligans,1,30,Push,,,,Great Knife,,Chef,,,Male_Hair_8,Skin1,Male_Face3,,,,NPC Chef Jacket,NPC Chef Trousers,,NPC Male Hooligans Shoes 02,,,,750,1100,,2000,3000,6000,1000,2000,50,75,DeathEffect1,,ExploMan,TRUE,100,HitEffect1,,,,,,TRUE,
,,,,,,,,,,,,Taunt,,,,,,,,,,,,,,,,,,,,,,,,,,,,,,,,,,,,,,,,,,,,
Officer Carlton,Big_LowDamage,,Armored,,,,,,Prison Warder,1,30,,,,,NPC_Police Baton,,Tank,,,Male_Hair_2_black,Skin2,Male_Face1,,,,NPC MALE Prison Warder Jacket,NPC MALE Prison Warder Pants,,NPC MALE Prison Warder Shoes,,,,500,1200,4000,10000,6000,6000,1000,2000,70,100,DeathEffect1,,ExploMan,TRUE,,HitEffect1,,,,,,,
Officer Barnes,Big_LowDamage,,Armored,,,,,,Prison Warder,1,30,,,,,NPC_Police Baton,,Tank,,,Male_Hair_2_blonde,Skin3,Male_Face2,,,,NPC MALE Prison Warder Jacket,NPC MALE Prison Warder Pants,,NPC MALE Prison Warder Shoes,,,,500,1200,4000,10000,6000,6000,1000,2000,70,100,DeathEffect1,,ExploMan,TRUE,,HitEffect1,,,,,,,
Officer Wade,Big_LowDamage,,Armored,,,,,,Prison Warder,1,30,,,,,NPC_Police Baton,,Tank,,,Male_Hair_2,Skin4,Male_Face3,,,,NPC MALE Prison Warder Jacket,NPC MALE Prison Warder Pants,,NPC MALE Prison Warder Shoes,,,,500,1200,4000,10000,6000,6000,1000,2000,70,100,DeathEffect1,,ExploMan,TRUE,,HitEffect1,,,,,,,
Jeffrey Ditmore,Big_LowDamage,,Unarmored,,,,,,Inmate,1,30,,,,,,,Rogue,,,Male_Hair_1,Skin4,Male_Face4,,,,Labycore Worker's Coat,Labycore Worker's Pants,,Dawnbreak Sneakers,,,,500,1200,4000,10000,6000,6000,1000,2000,70,100,,,,,100,,,,,,,,
Death Row Prisoner,Big_LowDamage,,Unarmored,,,,,,Inmate,1,30,,,,,,,Tank,,,Male_Hair_2,Skin5,Male_Face8,Stub3,,,Labycore Worker's Orange Coat,Labycore Worker's Trousers,,Dawnbreak Sneakers,,,,500,1200,4000,10000,6000,6000,1000,2000,70,100,,,,,100,,,,,,,,
Maude Statham,Big_LowDamage,,Unarmored,,,,,,Inmate,1,30,Minor Grenade,,,,,,RogueFemale,,,Female_Hair_8_black,female_skin1,Female_Face1,,,,Labycore Worker's Coat,Labycore Worker's Pants,,Dawnbreak Sneakers,,,,500,1200,4000,10000,6000,6000,1000,2000,70,100,,,,,100,,,,,,,,
Labycore Officer,Small_LowDamage,,Armored,,,,TRUE,,Labycore,1,30,,,,,NPC_Police Baton,,Tank,,,Male_Hair_9,Skin1,Male_Face6,,,,NPC MALE Prison Warder Jacket,NPC MALE Prison Warder Pants,,NPC MALE Prison Warder Shoes,,,,,,4000,10000,6000,6000,1000,2000,70,75,DeathEffect1,,ExploMan,TRUE,105,HitEffect1,,,,,,,
Goodspeed,Big_HighDamage,,Unarmored,,,,,,Inmate,1,30,,,,,Usual Assault Rifle,,Rogue,,,Male_Hair_6,Skin6,Male_Face2,,,,Labycore Worker's Orange Coat,Labycore Worker's Pants,,Dawnbreak Sneakers,,,,500,1200,4000,10000,6000,6000,1000,2000,70,100,,,,,100,,,,,,,,
Hired Guns Warmonger,Elite_Big_LowDamage,,Unarmored,,,,TRUE,,Hired Guns,1,30,Slammer,,,,Street Credible Chainsaw,Hired Guns Marksman,Tank,,,Don's Toupee,Skin2,Male_Face3,Burt_Mustache,Usual Green Cap,,NPC MALE Hired Guns Jacket 02,NPC MALE Hired Guns Pants 01,,NPC Male Hired Guns Shoes 02,,,,,,4000,10000,6000,6000,1000,2000,70,75,DeathEffect1,,ExploMan,TRUE,115,HitEffect1,,,,,,,
Hired Guns Marksman,Elite_Big_HighDamage,,Unarmored,,,,TRUE,,Hired Guns,1,30,Quick Shot,,,,Next-Gen Sniper: LTDC-30,,Tank,,,Don's Toupee,Skin2,Male_Face3,beard_red_full,Usual Green Cap,,,NPC MALE Hired Guns Pants 02,,NPC Male Hired Guns Shoes 02,,,,,,4000,10000,6000,6000,1000,2000,70,75,DeathEffect1,,ExploMan,TRUE,,HitEffect1,,,,,,,
Hired Guns Specialist,Elite_Medium_HighDamage,,Armored,,,,TRUE,,Hired Guns,1,30,Grenade,,,,"Labytech Pistol, LBTP-05",,Rogue,,,,Skin4,Male_Face2,,Usual Green Cap,NPC Aviators,NPC MALE Hired Guns Jacket 01,NPC MALE Hired Guns Pants 02,,NPC Male Hired Guns Shoes 02,NPC Belt,,,,,4000,10000,4000,8000,1000,2000,70,75,DeathEffect1,,ExploMan,TRUE,,HitEffect1,,,,,,,
Mason,Small_HighDamage,,Unarmored,,,,,,Resistance,1,30,,,,,Street Wise Assault Rifle,,Tank,,,Male_Hair_8,Skin1,Male_Face3,Fancy_Mustache_red,,,NPC MALE Prison Warder Jacket,NPC MALE Prison Warder Pants,,Average Boots,,,,500,1200,4000,10000,6000,6000,1000,2000,70,100,,,,,100,,,,,,,,
Ed Cavins,Small_HighDamage,,Unarmored,,,,,,Resistance,1,30,,,,,Street Wise Assault Rifle,,Rogue,,,Male_Hair_2,Skin5,Male_Face3,Chin_Beard_red,,,Dawnbreak Shirt,Regular Stonewashed,,Average Boots,,,,500,1200,4000,10000,6000,6000,1000,2000,70,100,,,,,100,,,,,,,,
Anton Rathjen,Small_HighDamage,,Unarmored,,,,,,Resistance,1,30,,,,,Street Wise Assault Rifle,,Tank,,,Male_Hair_1,Skin4,Male_Face5,Fancy_Mustache_red,,,Dawnbreak Shirt,Regular Stonewashed,,Average Boots,,Outstanding Scarf,,500,1200,4000,10000,6000,6000,1000,2000,70,100,,,,,100,,,,,,,,
Verna Ditmore,Small_LowDamage,,Unarmored,,,,,,Inmate,1,30,,,,,,,RogueFemale,,,Female_Hair_7_blonde,female_skin2,Female_Face1,,,,Labycore Worker's Orange Jacket,Labycore Worker's Pants,,Dawnbreak Sneakers,,,,500,1200,4000,10000,6000,6000,1000,2000,70,100,,,,,100,,,,,,,,
Rooster,Small_LowDamage,,Unarmored,,,,,,Inmate,1,30,,,,,,,Tank,,,Male_Hair_7,Skin1,Male_Face4,beard_black_full,,,Dawnbreak Shirt,Regular Stonewashed,,Average Boots,,,,500,1200,4000,10000,6000,6000,1000,2000,70,100,,,,,100,,,,,,,,
Barton Brin,Small_LowDamage,,Unarmored,,,,,,Junkie,1,30,,,,,,,Junkie,,,Male_Hair_6,Skin5,Male_Face3,,,,Labycore Worker's Coat,Labycore Worker's Trousers,,Dawnbreak Sneakers,,,TRUE,,,4000,10000,,,,,,75,DeathEffect1,,ExploMan,TRUE,100,HitEffect1,,,,,,,
Curly Charlie,Small_LowDamage,,Unarmored,,,,,,Junkie,1,30,,,,,,,Junkie_Sit,,,Male_Hair_1,Skin1,Male_Face4,,,,Labycore Worker's Orange Coat,Labycore Worker's Trousers,,Dawnbreak Sneakers,,,TRUE,,,4000,10000,,,,,,75,DeathEffect1,,ExploMan,TRUE,100,HitEffect1,,,,,,,
Convict Lou,Small_LowDamage,,Unarmored,,,,,,Junkie,1,30,,,,,,,Junkie,,,Male_Hair_3,Skin6,Male_Face10,,,,Labycore Worker's Orange Coat,Labycore Worker's Trousers,,Dawnbreak Sneakers,,,TRUE,,,4000,10000,,,,,,75,DeathEffect1,,ExploMan,TRUE,100,HitEffect1,,,,,,,
Life Term Prisoner,Small_LowDamage,,Unarmored,,,,,,Junkie,1,30,,,,,,,Rogue,,,Male_Hair_2,Skin2,Male_Face3,,,,Labycore Worker's Orange Coat,Labycore Worker's Trousers,,Dawnbreak Sneakers,,,TRUE,,,4000,10000,,,,,,75,DeathEffect1,,ExploMan,TRUE,100,HitEffect1,,,,,,,
Leland Osborne,Small_LowDamage,,Unarmored,,,,,,Junkie,1,30,,,,,,,Junkie_Sit,,,Male_Hair_5_blonde,Skin4,Male_Face7,,,,Labycore Worker's Orange Coat,Labycore Worker's Trousers,,Dawnbreak Sneakers,,,TRUE,,,4000,10000,,,,,,75,DeathEffect1,,ExploMan,TRUE,100,HitEffect1,,,,,,,
Harry Lohman,Small_LowDamage,,Unarmored,,,,,,Junkie,1,30,,,,,,,Junkie,,,Male_Hair_5_black,Skin2,Male_Face5,,,,Labycore Worker's Orange Coat,Labycore Worker's Trousers,,Dawnbreak Sneakers,,,TRUE,,,4000,10000,,,,,,75,DeathEffect1,,ExploMan,TRUE,100,HitEffect1,,,,,,,
Convict Judith,Small_LowDamage,,Unarmored,,,,,,Junkie,1,30,,,,,,,NPC_F_Junkie,,,Female_Hair_6_blonde,female_skin2,Female_Face2,,,,Labycore Worker's Orange Coat,Labycore Worker's Trousers,,Dawnbreak Sneakers,,,TRUE,,,4000,10000,,,,,,75,DeathEffect1,,ExploMan,TRUE,100,HitEffect1,,,,,,,
Immigration Officer,Medium_LowDamage,,Armored,,,,,,Prison Warder,1,30,,,,,NPC_Police Baton,,Tank,,,Male_Hair_8,Skin1,Male_Face6,,,,NPC MALE Prison Warder Jacket,NPC MALE Prison Warder Pants,,NPC MALE Prison Warder Shoes,,,,,,4000,10000,6000,6000,1000,2000,70,,DeathEffect1,,ExploMan,TRUE,105,HitEffect1,,,,,,,
Fierce Eastern Queen,Elite_Medium_LowDamage,,Unarmored,,,,TRUE,,Eastern Queens,1,30,,,,,Broken Sword,,RogueFemale,,,Female_Hair_3,female_skin1,Female_Face2,,,,NPC FEMALE Eastern Queen Shirt 01,NPC FEMALE Eastern Queen Pants,,NPC Female Eastern Queens Shoes 01,NPC Belt,,,,,4000,10000,6000,6000,1000,2000,70,75,DeathEffect1,,ExploMan,TRUE,,HitEffect1,,,,,,,
Defiant Eastern Queen,Elite_Medium_HighDamage,,Unarmored,,,,TRUE,,Eastern Queens,1,30,Healing Shot,,,,Okayish 20G Shotgun of Hurt,,TankFemale,,,Female_Hair_1,female_skin3,Female_Face1,,,,NPC FEMALE Eastern Queen Shirt 01,NPC FEMALE Eastern Queen Pants,,NPC Female Eastern Queens Shoes 02,,,,,,4000,10000,4000,8000,1000,2000,70,75,DeathEffect1,,ExploMan,TRUE,,HitEffect1,,,,,,,
Aggressive Immigration Officer,Small_LowDamage,,Armored,,,,TRUE,,Prison Warder,1,30,,,,,NPC_Police Baton,,Tank,,,Male_Hair_8,Skin1,Male_Face6,,,,NPC MALE Prison Warder Jacket,NPC MALE Prison Warder Pants,,NPC MALE Prison Warder Shoes,,,,,,4000,10000,6000,6000,1000,2000,70,,DeathEffect1,,ExploMan,TRUE,105,HitEffect1,,,,,,,
Unconscious Guard,Big_LowDamage,,Unarmored,,,,,,Knocked down,,,,,,,,,TankKnockedout,,,,Skin5,Male_Face1,,,,NPC MALE Prison Warder Jacket,NPC MALE Prison Warder Pants,,NPC MALE Prison Warder Shoes,,,TRUE,,,,,,,,,,,,,,,100,,,,,,,,
Heavy Security Trooper,Big_HighDamage,,Armored,,,,TRUE,,Labycore,1,30,,,,,Basic Minigun,,NPC_M_Antiriot_Cop,,,,Labycorp_AntiRiot_Suit,,,,,,,,,,,,500,1100,1100,4000,10000,3000,6000,1000,75,75,DeathEffect1,,ExploMan,TRUE,110,HitEffect1,,,,,,TRUE,
Warder Immigration Officer,Suicide_Mob,,Armored,,,,TRUE,,Prison Warder,1,30,,,,,NPC_Police Baton,,Tank,,,Male_Hair_8,Skin1,Male_Face6,,,,NPC MALE Prison Warder Jacket,NPC MALE Prison Warder Pants,,NPC MALE Prison Warder Shoes,,,,,,4000,10000,6000,6000,1000,2000,70,100,DeathEffect1,,ExploMan,TRUE,,HitEffect1,,,,,,,
Rachel Coen,Small_HighDamage,,Unarmored,,,,,,Resistance,1,30,,,,,Street Wise Assault Rifle,,RogueFemale,,,Female_Hair_8,female_skin1,Female_Face1,,,Good Aviator Shades,Dawnbreak Shirt,Regular Stonewashed,,Average Boots,,Sentry's Scarf,,500,1200,4000,10000,6000,6000,1000,2000,70,100,,,,,100,,,,,,,,
VoBossDeathMechanical,Boss_Default,,Unarmored,,,,TRUE,,Eastern Queens,20,20,Slammer,,Plans: Suspect Strap,,,,Fatman,,,Male_Hair_3,Skin1,Male_Face3,Burt_Mustache,,NPC Aviators,NPC MALE Mad Dogs Jacket 01,NPC MALE Mad Dogs Pants 02,,NPC Male Mad Dogs Shoes 01,,,,500,1200,4000,10000,6000,6000,1000,2000,70,100,Decapitation,TRUE,Decapitation,TRUE,125,HitEffect1,VoBossDeathBigThug,,,,,,
Druglord Panzer,Elite_Big_LowDamage,,Armored,,,,TRUE,,Mad Dogs,8,8,Stun Grenade,,,,,,Tank,,,Male_Hair_8,Skin6,Male_Face4,,,,Exquisite Armored Jacket,Cool Armored Pants,,Standard Boots,,,,500,800,4000,10000,3000,6000,1000,2000,70,100,DeathEffect1,,ExploMan,TRUE,,HitEffect1,VoBossDeathBigThug,,,,,,
Larry Newandyke,Small_LowDamage,,Unarmored,,,,,,Resistance,1,30,,,,,Regular Knife,,Rogue,,,Male_Hair_4,Skin2,Male_Face2,Burt_Mustache,,,Acute Suit Jacket,NPC GENERIC Black Pants,NPC Normal Gloves,NPC Male Mad Dogs Shoes 01,,,,500,1100,4000,10000,3000,6000,1000,2000,50,75,DeathEffect1,,ExploMan,TRUE,100,HitEffect1,,,,,,,
Tom,Small_HighDamage,,Unarmored,,,,,,Resistance,1,30,,,,,Street Wise Assault Rifle,,Tank,,,Male_Hair_2,Skin2,Male_Face1,Fancy_Mustache_red,,,Dawnbreak Shirt,Regular Stonewashed,,Average Boots,,,,500,1200,4000,10000,6000,6000,1000,2000,70,100,,,,,100,HitEffect1,,,,,,,
Avis Hyman,Small_HighDamage,,Unarmored,,,,,,Resistance,1,30,,,,,Street Wise Assault Rifle,,Rogue,,,Male_Hair_8,Skin3,Male_Face5,,,,Dawnbreak Shirt,Regular Stonewashed,,Average Boots,,,,500,1200,4000,10000,6000,6000,1000,2000,70,100,,,,,100,HitEffect1,,,,,,,
Quartermaster Bruce,Big_HighDamage,,Unarmored,,,,,,Resistance,1,30,,,,,Street Wise Assault Rifle,,Tank,,,Male_Hair_1,Skin5,Male_Face2,Fancy_Mustache_red,,,Dawnbreak Shirt,Regular Stonewashed,,Average Boots,,Outstanding Scarf,,500,1200,4000,10000,6000,6000,1000,2000,70,100,,,,,100,HitEffect1,,,,,,,
Kay Carmady,Big_HighDamage,,Unarmored,,,,,,Resistance,1,30,,,,,Boosted Battle Rifle,,RogueFemale,,,Female_Hair_7_blonde,female_skin2,Female_Face1,,,,Dawnbreak Shirt,Regular Stonewashed,,Dawnbreak Sneakers,,,,500,1200,4000,10000,6000,6000,1000,2000,70,100,,,,,100,HitEffect1,,,,,,,
Arnie Blackfield,Big_LowDamage,,Unarmored,,,,,,Resistance,1,30,,,,,,,Junkie,,,Male_Hair_3,Skin4,Male_Face5,Chin_Beard_red,,,NPC Harbor Worker Blue Jacket,NPC MALE Docker Worker Pants 02,,NPC Male Hooligans Shoes 01,,,,500,1200,4000,10000,6000,6000,1000,2000,70,100,,,,,100,HitEffect1,,,,,,,
Cyril Lasko,Big_LowDamage,,Unarmored,,,,,,Resistance,1,30,,,,,,,Rogue,,,Male_Hair_4,Skin5,Male_Face2,,,,NPC Harbor Worker Blue Jacket,NPC MALE Docker Worker Pants 02,,NPC Male Hooligans Shoes 01,,,,500,1200,4000,10000,6000,6000,1000,2000,70,100,,,,,100,HitEffect1,,,,,,,
Hank,Small_LowDamage,,Unarmored,,,,,,Resistance,1,30,,,,,Simple Bat,,Rogue,,,Male_Hair_4,Skin6,Male_Face2,Chin_Beard_red,,,Dawnbreak Shirt,Regular Stonewashed,,Average Boots,,,,500,1200,4000,10000,6000,6000,1000,2000,70,100,,,,,100,HitEffect1,,,,,,,
ED-187,Boss_Default,,Mechanical,,,,TRUE,,Labycore,18,18,Fire Rocket,,Plans: Pirate Vis-arrrrrrh!,,Regular Minigun,,NPC_Sentrybot,,,,Sentrybot_white,,,,,,,,,,,,,,2000,4000,6000,6000,1000,2000,70,75,ExploRobot,TRUE,ExploRobot,,100,,VoBossDeathMechanical,,,,,,
,,,,,,,,,,,,SentryBot Slammer,,,,,,,,,,,,,,,,,,,,,,,,,,,,,,,,,,,,,,,,,,,,
Resistance Leader Larry,Small_LowDamage,,Unarmored,,,,,,Resistance,1,30,,,,,,,Tank,,,Male_Hair_4,Skin5,Male_Face1,Fancy_Mustache_red,,,Dawnbreak Shirt,Regular Stonewashed,,Average Boots,,Outstanding Scarf,,500,1200,4000,10000,6000,6000,1000,2000,70,100,,,,,100,HitEffect1,,,,,,,
Bree Furness,Big_HighDamage,,Unarmored,,,,,,Resistance,1,30,,,,,Boosted Battle Rifle,,RogueFemale,,,Female_Hair_3_blonde,female_skin1,Female_Face2,,,,Dawnbreak Shirt,Regular Stonewashed,,Dawnbreak Sneakers,,Outstanding Scarf,,500,1200,4000,10000,6000,6000,1000,2000,70,100,,,,,100,HitEffect1,,,,,,,
Sarah,Small_LowDamage,,Unarmored,,,,,,Valkyries,1,30,,,,,,,TankFemale,,,Female_Hair_7,female_skin2,Female_Face1,,,,NPC FEMALE Valkyeries Jacket 01,NPC FEMALE Valkyries Pants 01,,NPC Male Mad Dogs Shoes 01,,,,500,750,4000,10000,3000,6000,1000,2000,50,75,,,,,100,,,,,,,,
Michelle,Small_LowDamage,,Unarmored,,,,,,Valkyries,1,30,,,,,,,TankFemale,,,Female_Hair_3,female_skin1,Female_Face3,,,,NPC FEMALE Valkyeries Jacket 01,NPC FEMALE Valkyries Pants 01,,NPC Male Mad Dogs Shoes 01,,,,500,750,4000,10000,3000,6000,1000,2000,50,75,,,,,100,,,,,,,,
Rio Rodriguez,Small_HighDamage,,Unarmored,,,,,,Resistance,1,30,,,,,Street Wise Assault Rifle,,Rogue,,,Male_Hair_1,Skin1,Male_Face2,,,,Dawnbreak Shirt,Regular Stonewashed,,Average Boots,,,,500,1200,4000,10000,6000,6000,1000,2000,70,100,,,,,100,HitEffect1,,,,,,,
Scott Strong,Small_HighDamage,,Unarmored,,,,,,Resistance,1,30,,,,,Street Wise Assault Rifle,,Tank,,,Male_Hair_1,Skin6,Male_Face3,Fancy_Mustache_red,,,Dawnbreak Shirt,Regular Stonewashed,,Average Boots,,,,500,1200,4000,10000,6000,6000,1000,2000,70,100,,,,,100,HitEffect1,,,,,,,
Unconscious Resistance Member,Big_LowDamage,,Unarmored,,,,,,Knocked down,,,,,,,,,TankKnockedout,,,,Skin5,Male_Face1,,,,Dawnbreak Shirt,Regular Stonewashed,,,,Outstanding Scarf,TRUE,,,,,,,,,,,,,,,100,,,,,,,,
Wilson Yarnell,Small_LowDamage,,Unarmored,,,,,,Resistance,1,30,,,,,,,Tank,,,Male_Hair_1,Skin3,Male_Face4,,,,Dawnbreak Shirt,Regular Stonewashed,,Average Boots,,,,500,1200,4000,10000,6000,6000,1000,2000,70,100,,,,,100,HitEffect1,,,,,,,
Resistance Vendor,Big_LowDamage,,Unarmored,,,,,,Neutral,1,5,,,,,,,Rogue,,,Male_Hair_3,Skin6,Male_Face1,,,NPC Aviators,Dawnbreak Shirt,Regular Stonewashed,,Average Boots,,,,500,1100,4000,10000,3000,6000,1000,2000,50,75,,,,,100,,,,,,,,
Dante,Big_LowDamage,,Unarmored,,,,,,Labycore,1,30,,,,,,,Tank,,,Male_Hair_2_black,Skin1,Male_Face1,,,NPC Aviators,High-Power Suit Jacket,Average Suit Trousers,,Everyday Black Shoes,,,,500,1100,4000,10000,3000,6000,1000,2000,50,75,DeathEffect1,,ExploMan,TRUE,100,HitEffect1,,,,,,,
Officer Randall,Big_LowDamage,,Unarmored,,,,,,Labycore,1,30,,,,,,,Rogue,,,Male_Hair_5,Skin2,Male_Face6,,,,NPC MALE Prison Warder Jacket,NPC MALE Prison Warder Pants,,NPC MALE Prison Warder Shoes,,,,500,1100,4000,10000,3000,6000,1000,2000,50,75,DeathEffect1,,ExploMan,TRUE,100,HitEffect1,,,,,,,
Chad Hagstrom,Small_LowDamage,,Unarmored,,,,,,Junkie,1,30,,,,,,,Junkie,,,Male_Hair_5_black,Skin4,Male_Face4,,,,Labycore Worker's Orange Coat,Labycore Worker's Trousers,,Dawnbreak Sneakers,,,TRUE,,,,,,,,,,75,DeathEffect1,,ExploMan,TRUE,100,HitEffect1,,,,,,,
Brian McDunnough,Small_LowDamage,,Unarmored,,,,,,Junkie,1,30,,,,,,,Rogue,,,Male_Hair_3,Skin1,Male_Face4,Beard_Long_Red,,,Labycore Worker's Orange Coat,Labycore Worker's Trousers,,Dawnbreak Sneakers,,,TRUE,,,,,,,,,,75,DeathEffect1,,ExploMan,TRUE,100,HitEffect1,,,,,,,
Edwina Bryant,Small_LowDamage,,Unarmored,,,,,,Junkie,1,30,,,,,,,TankFemale,,,Female_Hair_2_black,female_skin1,Female_Face2,,,,Labycore Worker's Orange Coat,Labycore Worker's Trousers,,Dawnbreak Sneakers,,,TRUE,,,,,,,,,,75,DeathEffect1,,ExploMan,TRUE,100,HitEffect1,,,,,,,
Hired Guns Chief,Medium_LowDamage,,Unarmored,,,,TRUE,,Hired Guns,1,30,,,,,,,Rogue,,,Male_Hair_2_black,Skin1,Male_Face3,Burt_Mustache,,,NPC MALE Hired Guns Jacket 01,NPC MALE Hired Guns Pants 02,,NPC Male Mad Dogs Shoes 01,NPC Belt,,,,,400,10000,3000,6000,1000,2000,70,75,DeathEffect1,,ExploMan,TRUE,,HitEffect1,,,,,,,
Simon Hibbert,Small_HighDamage,,Unarmored,,,,,,Resistance,1,30,,,,,Street Wise Assault Rifle,,Tank,,,Male_Hair_2,Skin3,Male_Face3,Fancy_Mustache_red,,,Dawnbreak Shirt,Regular Stonewashed,,Average Boots,,,,500,1200,4000,10000,6000,6000,1000,2000,70,100,,,,,100,,,,,,,,
Reggie Westwood,Medium_HighDamage_Escort,,Armored,,,,,,Resistance,1,30,,,,,Street Wise Assault Rifle,,Tank,,,Male_Hair_8,Skin6,Male_Face3,Fancy_Mustache_red,,,Dawnbreak Shirt,Regular Stonewashed,,Average Boots,,,,500,1200,4000,10000,6000,6000,1000,2000,70,100,,,,,100,,,,,,,,
Herder Hooligan,Small_HighDamage,,Unarmored,,,,TRUE,,Hooligans,1,30,Healing Power,,,,Simple Jungle Knife,Dynamite Pig,Rogue,,,Male_Hair_3_black,Skin5,Male_Face3,,Popular Cap,,,NPC MALE Hooligans Pants 02,,NPC Male Hooligans Shoes 01,,,,750,1100,,2000,3000,6000,1000,2000,50,75,DeathEffect1,,ExploMan,TRUE,100,HitEffect1,,,,,,,
Lindsay,Big_LowDamage_Escort,,Unarmored,,,,,,Inmate,1,30,,,,,,,RogueFemale,,,Female_Hair_2_black,female_skin2,Female_Face2,,,,Labycore Worker's Orange Jacket,Labycore Worker's Pants,,Dawnbreak Sneakers,,,,500,1200,4000,10000,6000,6000,1000,2000,70,100,,,,,100,,,,,,,,
Guardian Turret,Medium_LowDamage,,Mechanical,,,,TRUE,,Labycore,1,1,,,,,Turret_Minigun,,NPC_Turret_Gun,,,,Turret,,,,,,,,,,,TRUE,,,,,,,,,,75,ExploRobotSmall,TRUE,ExploRobotSmall,TRUE,,,,,,,,,
Trooper Officer,Medium_HighDamage,,Unarmored,,,,TRUE,,Labycore,1,30,,,,,Basic .40 Pistol,,Tank,,,Male_Hair_8,Skin1,Male_Face6,,,,NPC MALE Prison Warder Jacket,NPC MALE Prison Warder Pants,,NPC MALE Prison Warder Shoes,,,,450,750,4000,10000,6000,6000,1000,2000,70,100,DeathEffect1,,ExploMan,TRUE,105,HitEffect1,,,,,,,
Brutal Trooper,Small_LowDamage,,Unarmored,,,,TRUE,,Labycore,1,30,,,,,NPC Wrench,,NPC_M_Antiriot_Cop_Agressive,,,,Labycorp_AntiRiot_Suit,,,,,,,,,,,TRUE,450,750,4000,10000,6000,6000,1000,2000,70,100,DeathEffect1,,ExploMan,TRUE,100,HitEffect1,,,,,,,
Helpless Prisoner,Big_LowDamage,,Unarmored,,,,,,Inmate,,,,,,,,,Junkie_Prisoner,,,,Skin4,,,,,,,,,,,TRUE,,,,,,,,,,,,,,,100,,,,,,,,
Tied Up Prisoner,Small_LowDamage,,Unarmored,,,,,,Dead,1,30,,,,,,,Junkie_Prisoner,,,Male_Hair_1,Skin1,Male_Face3,,,,Labycore Worker's Orange Jacket,Labycore Worker's Trousers,,Dawnbreak Shoes,,,TRUE,,,,,,,,,,75,DeathEffect1,,ExploMan,TRUE,100,HitEffect1,,,,,,,
Warehousebot,Small_HighDamage,,Mechanical,,,,TRUE,,Mad Dogs,1,30,Warehousebot ShootElectric,,,,Warehousebot_Minigun,,NPC_Warehousebot,,,,Warehousebot,,,,,,,,,,,,450,750,4000,10000,6000,6000,1000,2000,70,100,,,ExploRobotSmall,,,,,,,,,,Warehousebot ShootElectric
,,,,,,,,,,,,Warehousebot ElectricBlast,,,,,,,,,,,,,,,,,,,,,,,,,,,,,,,,,,,,,,,,,,,,
Mac the Janitor,Big_LowDamage,,Armored,,,,,,Labycore,1,30,,,,,,,NPC_M_Antiriot_Cop,,,,Labycorp_AntiRiot_Suit,,,,,,,,,,,,500,1100,4000,10000,6000,6000,1000,2000,70,100,DeathEffect1,,ExploMan,TRUE,100,HitEffect1,,,VoGenericMaleGreetings,,,,
Doctor Seiter,Mini_Boss_Default,,Unarmored,,,,TRUE,,Labycore,1,30,,,,,,,Rogue,,,Male_Hair_5_black,Skin4,Male_Face1,,,NPC Aviators,NPC MALE Scientist Jacket,NPC GENERIC Black Pants,,Standard Boots,,,,500,1100,,2000,3000,6000,1000,2000,50,75,Decapitation,TRUE,Decapitation,TRUE,100,HitEffect1,,,,,,,
Jimbo,Small_LowDamage,,Unarmored,,,,,,Resistance,1,30,,,,,,,Tank,,,Male_Hair_2,Skin1,Male_Face1,,,,Good Brown Leather Jacket,Regular Stonewashed,,NPC Male Mad Dogs Shoes 01,,,,500,1100,4000,10000,3000,6000,1000,2000,50,75,DeathEffect1,,ExploMan,TRUE,100,HitEffect1,,,,,,,
Tege,Small_LowDamage,,Unarmored,,,,,,Resistance,1,30,,,,,Credible Monkey Wrench,,Fatman,,,,Skin3,Male_Face3,Chin_Beard,,NPC Aviators,Dawnbreak Shirt,Regular Stonewashed,,NPC Male Mad Dogs Shoes 01,,,,500,1100,4000,10000,3000,6000,1000,2000,50,75,DeathEffect1,,ExploMan,TRUE,100,HitEffect1,,,,,,,
Hugo,Small_HighDamage,,Unarmored,,,,,,Resistance,1,30,,,,,First-Class Hydraulic Hammer,,Tank,,,Male_Hair_3,Skin1,Male_Face3,Burt_Mustache,,,Dawnbreak Shirt,Regular Stonewashed,,NPC Male Mad Dogs Shoes 01,,,,500,1100,4000,10000,3000,6000,1000,2000,50,75,DeathEffect1,,ExploMan,TRUE,100,HitEffect1,,,,,,,
Yamesh,Small_HighDamage,,Unarmored,,,,,,Resistance,1,30,,,,,Good Jungle Knife,,Rogue,,,Male_Hair_1,Skin6,Male_Face1,,,NPC Aviators,Dawnbreak Shirt,Regular Stonewashed,,NPC Male Mad Dogs Shoes 01,,High-Power Scarf,,500,1100,4000,10000,3000,6000,1000,2000,50,75,DeathEffect1,,ExploMan,TRUE,100,HitEffect1,,,,,,,
The Aimer,Small_HighDamage,,Unarmored,,,,,,Resistance,1,30,,,,,SWAT Shotgun HO-30,,Rogue,,,Male_Hair_4_black,Skin1,Male_Face2,Chin_Beard_red,,,Dawnbreak Shirt,Regular Stonewashed,,NPC Male Mad Dogs Shoes 01,,Greater Scarf,,500,1100,4000,10000,3000,6000,1000,2000,50,75,DeathEffect1,,ExploMan,TRUE,100,HitEffect1,,,,,,,
Gimmel,Small_LowDamage,,Unarmored,,,,,,Resistance,1,30,,,,,,,RogueFemale,,,Female_Hair_7_blonde,female_skin1,Female_Face2,,,NPC Aviators,Dawnbreak Shirt,Regular Stonewashed,,NPC Male Mad Dogs Shoes 01,,,,500,1100,4000,10000,3000,6000,1000,2000,50,75,DeathEffect1,,ExploMan,TRUE,100,HitEffect1,,,,,,,
Dr. Dirt,Small_LowDamage,,Unarmored,,,,,,Resistance,,,,,,,,,Rogue,,,Male_Hair_2_blonde,Skin1,Male_Face1,,,,Regular Butcher's Jacket,Regular Stonewashed,,NPC Male Mad Dogs Shoes 01,,,,500,1100,4000,10000,3000,6000,1000,2000,50,75,DeathEffect1,,ExploMan,TRUE,100,HitEffect1,,,,,,,
Sarge,Small_LowDamage,,Unarmored,,,,,,Resistance,,,,,,,,,Tank,,,Male_Hair_2,Skin1,Male_Face1,,Everyday Cap,NPC Aviators,Standard Green Sweater,NPC GENERIC Black Pants,,NPC Male Mad Dogs Shoes 01,,,,500,1100,4000,10000,3000,6000,1000,2000,50,75,DeathEffect1,,ExploMan,TRUE,100,HitEffect1,,,,,,,
Dead Docker,Big_LowDamage,,Unarmored,,,,,,Knocked down,,,,,,,,,TankKnockedout,,,,Skin5,Male_Face1,,,,NPC MALE Docker Worker Jacket,NPC MALE Docker Worker Pants 02,,NPC MALE Prison Warder Shoes,,,TRUE,,,,,,,,,,,,,,,100,,,,,,,,
Will Bumbergh,Small_LowDamage,,Unarmored,,,,,,Resistance,,,,,,,,,TankKnockedout,,,Male_Hair_2,Skin1,Male_Face1,,,,NPC Harbor Worker Blue Jacket,NPC MALE Docker Worker Pants 01,,NPC Male Mad Dogs Shoes 01,,,TRUE,,,,,,,,,,,DeathEffect1,,ExploMan,TRUE,100,HitEffect1,,,VoGenericMaleDeath,VoGenericMaleDeath,,,
AI,Small_HighDamage,,Mechanical,,,,,,Labycore,1,30,AI ShootElectric,,,,Warehousebot_Minigun,,NPC_AI,,,,AI,,,,,,,,,,,TRUE,,,4000,10000,6000,6000,1000,2000,75,100,,,,,,,,,,,,,
Bernilla,Small_LowDamage,,Unarmored,,,,,,Neutral,3,30,,,,,,,RogueFemale,,,Female_Hair_2_blonde,female_skin1,Female_Face1,,,,Worthy Anarchy Jacket,NPC FEMALE Valkyries Pants 01,,NPC Male Voodoo Shoes 02,,,,500,750,4000,10000,3000,6000,1000,2000,50,75,,,,,,,,,,,,,
Dog,Small_LowDamage,,Unarmored,,,,TRUE,,Mad Dogs,1,30,Push,,,,UnarmedDog,,NPC_Dog,,,,Dog,,,,,,,,,,,,500,1300,8000,20000,3000,6000,,0,120,100,DeathEffect1,,ExploPig,,100,HitEffect1,VoDogDeath,,,,,,
Aurora,Small_LowDamage,,Unarmored,,,,,,Valkyries,1,30,,,,,,,NPC_F_SleaveGirl,,,Female_Hair_1_black,female_skin3,Female_Face2,,,,Labycore Worker's Orange Jacket,,,Dawnbreak Sneakers,,,TRUE,,1200,4000,10000,6000,6000,1000,2000,70,100,,,,,100,,,,,,,,
Stella,Small_LowDamage,,Unarmored,,,,,,Valkyries,1,30,,,,,,,NPC_F_SleaveGirl,,,Female_Hair_4_blonde,female_skin2,Female_Face2,,,,Labycore Worker's Orange Jacket,,,Dawnbreak Sneakers,,,TRUE,,1200,4000,10000,6000,6000,1000,2000,70,100,,,,,100,,,,,,,,
Luna,Small_LowDamage,,Unarmored,,,,,,Valkyries,1,30,,,,,,,NPC_F_SleaveGirl,,,Female_Hair_3_black,female_skin1,Female_Face2,,,,Labycore Worker's Orange Jacket,,,Dawnbreak Sneakers,,,TRUE,,1200,4000,10000,6000,6000,1000,2000,70,100,,,,,100,,,,,,,,
Voodoo shaman,Big_LowDamage,,Unarmored,,,,TRUE,,Sewer Voodoo,15,30,Twirler,,,,First-Class Voodoo Club,,Tank,,,Male_Hair_5_black,Skin6,Male_Face9,Beard_Long,Basic Fedora Hat,,Outstanding Trench Coat,NPC MALE Voodoo Pants 02,,NPC Male Voodoo Shoes 02,,,,450,1100,400,10000,3000,6000,1000,2000,30,50,DeathEffect1,,ExploMan,TRUE,110,HitEffect1,,,,,,,
,,,,,,,,,,,,Slammer,,,,,,,,,,,,,,,,,,,,,,,,,,,,,,,,,,,,,,,,,,,,
,,,,,,,,,,,,Healing Power,,,,,,,,,,,,,,,,,,,,,,,,,,,,,,,,,,,,,,,,,,,,
,,,,,,,,,,,,Hooligan Buff,,,,,,,,,,,,,,,,,,,,,,,,,,,,,,,,,,,,,,,,,,,,
Dualmelee,Big_LowDamage,,Unarmored,,,,TRUE,,Sewer Voodoo,1,30,Push,,,,Great Knife,,NPC_Dualmelee,,,Male_Hair_5_black,Skin6,Male_Face3,,,,Good Brown Leather Jacket,Regular Stonewashed,,NPC Male Hooligans Shoes 02,,,,750,1100,,2000,3000,6000,1000,2000,50,75,DeathEffect1,,ExploMan,TRUE,100,HitEffect1,,,,,,TRUE,
Sewer Voodoo slicer,Small_HighDamage,,Armored,,,,TRUE,,Sewer Voodoo,10,30,,,,,Crude Jungle Knife,,NPC_Dualmelee,,,Don's Toupee,Skin6,Male_Face9,beard_black_full,,,NPC MALE Voodoo Jacket 01,Great Voodoo Jeans,,NPC Male Voodoo Shoes 02,NPC Belt,,,600,1100,4000,10000,3000,6000,1000,2000,50,75,DeathEffect1,,,,90,HitEffect1,,,,,,TRUE,
Sewer Voodoo Runner,Small_LowDamage,,Armored,,,,TRUE,,Sewer Voodoo,10,30,Wushu Push,,,,Mighty Jungle Knife,,RogueFemale,,,Female_Hair_4_black,female_skin2,Female_Face3,,,,Universal Green Sweater,Cool Voodoo Jeans,,Universal Boots,,,,600,1100,4000,10000,3000,6000,1000,2000,50,75,DeathEffect1,,ExploMan,TRUE,95,HitEffect1,,,,,,,
Stiletto-71,Medium_HighDamage,,Mechanical,,,,TRUE,,Labycore,1,30,Wushu Stun,,,,,,CyberGirl,,,Female_Hair_8_black,CyberGirl_skin,Female_Face1,,,,,,,,,,,,,,,,,,,,,,,,,,,,,,,,,
,,,,,,,,,,,,Wushu Push,,,,,,,,,,,,,,,,,,,,,,,,,,,,,,,,,,,,,,,,,,,,
,,,,,,,,,,,,Wushu Hit,,,,,,,,,,,,,,,,,,,,,,,,,,,,,,,,,,,,,,,,,,,,
Stan Kirby,Medium_HighDamage,,Unarmored,,,,,,Resistance,,,,,,,,,Rogue,,,Male_Hair_2,Skin6,Male_Face8,,,,Dawnbreak T-Shirt,Dawnbreak Trousers,,Everyday Black Shoes,,Sentry's Scarf,,,,,,,,,,,,,,,,,,,,,,,,
DEFOE,Elite_Big_HighDamage,,Mechanical,,,,,TRUE,Resistance,1,30,MechWarrior Rocket,,,,Weldingbot_Minigun,,NPC_Sentrybot,,,,Sentrybot_Resistance,,,,,,,,,,,,900,,,,,,,,,,ExploRobot,TRUE,ExploRobot,,115,,,,,,,,
,,,,,,,,,,,,MechWarrior Slammer,,,,,,,,,,,,,,,,,,,,,,,,,,,,,,,,,,,,,,,,,,,,
,,,,,,,,,,,,MechWarrior Electric Boogie,,,,,,,,,,,,,,,,,,,,,,,,,,,,,,,,,,,,,,,,,,,,
Lloyd Brown,Medium_LowDamage,,Unarmored,,,,,,Resistance,,,,,,,Regular Wrench,,Tank,,,Male_Hair_7_blonde,Skin4,Male_Face2,,,,Dawnbreak Shirt,Dawnbreak Trousers,,Dawnbreak Sneakers,,Boosted Scarf,,,,4000,10000,,,,,,,,,,,,,,,,,,TRUE,
Michael McFly,Medium_HighDamage,,Unarmored,,,,,,Resistance,,,,,,,,,Rogue,,,Male_Hair_5,Skin5,Male_Face4,,,,Dawnbreak T-Shirt,Dawnbreak Trousers,,Dawnbreak Sneakers,,,,,,4000,10000,,,,,,,,,,,,,,,,,,,
Mad Dog Handler,Big_LowDamage,,Unarmored,,,,TRUE,,Mad Dogs,1,30,,,,,,Dog,Tank,,,Male_Hair_2,Skin4,Male_Face1,,,,Submariner's Suit Jacket,Popular Suit Trousers,,Cool Black Shoes,,,,500,,4000,10000,6000,6000,1000,2000,70,100,DeathEffect1,,ExploMan,TRUE,,HitEffect1,,,,,,,
Virginia,Small_LowDamage,,Unarmored,,,,,,Valkyries,1,30,,,,,Plain Knife,,TankFemale,,,Female_Hair_6,female_skin2,Female_Face2,,,,NPC FEMALE Valkyeries Jacket 02,NPC FEMALE Valkyries Pants 01,,NPC Female Valkyries Shoes 02,,,,500,1100,4000,10000,3000,6000,1000,2000,50,75,DeathEffect1,,,,100,HitEffect1,,,,,,,
Jill,Small_LowDamage,,Unarmored,,,,,,Valkyries,1,30,,,,,,,NPC_F_SleaveGirl,,,Female_Hair_1_black,female_skin3,Female_Face2,,,,Labycore Worker's Orange Jacket,,,Dawnbreak Sneakers,,,TRUE,,1200,4000,10000,6000,6000,1000,2000,70,100,,,,,100,,,,,,,,
Sabrina,Small_LowDamage,,Unarmored,,,,,,Valkyries,1,30,,,,,,,NPC_F_SleaveGirl,,,Female_Hair_4_blonde,female_skin2,Female_Face2,,,,Labycore Worker's Orange Jacket,,,Dawnbreak Sneakers,,,TRUE,,1200,4000,10000,6000,6000,1000,2000,70,100,,,,,100,,,,,,,,
Kelly,Small_LowDamage,,Unarmored,,,,,,Valkyries,1,30,,,,,,,NPC_F_SleaveGirl,,,Female_Hair_3_black,female_skin1,Female_Face2,,,,Labycore Worker's Orange Jacket,,,Dawnbreak Sneakers,,,TRUE,,1200,4000,10000,6000,6000,1000,2000,70,100,,,,,100,,,,,,,,
Kingpin,Mini_Boss_Default,,Unarmored,,,,TRUE,,Mad Dogs,1,30,John Woo Attack,,,,"Labytech Pistol, LBTP-02",Warehousebot,DualPistol,,,Male_Hair_7_black,Skin1,Male_Face1,,,,Worthy Suit Jacket,Battered Black Jeans,Basic Black Gloves,Boosted Black Boots,NPC Belt,,,,,,,,,,,,,Decapitation,TRUE,Decapitation,TRUE,117,,VoBossDeathBigThug,,,,,TRUE,
,,,,,,,,,,,,Push,,,,,,,,,,,,,,,,,,,,,,,,,,,,,,,,,,,,,,,,,,,,
Sun,Small_LowDamage,,Unarmored,,,,,,Valkyries,1,30,,,,,,,NPC_F_SleaveGirl,,,Female_Hair_1_blonde,female_skin1,Female_Face2,,,,NPC FEMALE Eastern Queen Shirt 02,,,Dawnbreak Sneakers,,,TRUE,,1200,4000,10000,6000,6000,1000,2000,70,100,,,,,100,,,,,,,,
Betty,Small_LowDamage,,Unarmored,,,,,,Valkyries,1,30,,,,,,,NPC_F_SleaveGirl,,,Female_Hair_5,female_skin3,Female_Face1,,,,NPC FEMALE Eastern Queen Shirt 01,,,Dawnbreak Sneakers,,,TRUE,,1200,4000,10000,6000,6000,1000,2000,70,100,,,,,100,,,,,,,,
TestBot,Boss_Default,,Mechanical,,,,TRUE,,Labycore,11,11,Fire Rocket,,Plans: Suspect Strap,,Regular Minigun,,NPC_Sentrybot,Idle,,,Spiderbot,,,,,,,,,,,,900,1100,4000,10000,3000,6000,1000,2000,50,120,ExploRobot,TRUE,ExploRobot,,110,HitEffect1,VoBossDeathMechanical,,,,,,
Master of Inspection,Mini_Boss_Default,,Unarmored,,,,TRUE,,Labycore,4,4,Grenade,,Plans: Master's Scarf,,Hello Sailor!,,NPC_M_Antiriot_Cop,,,,Labycorp_AntiRiot_Elite_Suit,,,,,,,,,,,,,,,,,,,,70,120,Decapitation,TRUE,Decapitation,TRUE,115,HitEffect1,VoBossDeathBigThug,,,,,,
Sheila,Mini_Boss_Default,,Unarmored,,,,TRUE,,Eastern Queens,1,30,,,,,Basic Minigun,,RogueFemale,,,Female_Hair_5_blonde,female_skin2,Female_Face3,,,Superfine Aviator Shades,NPC FEMALE Eastern Queen Shirt 02,NPC FEMALE Eastern Queen Pants 02,,NPC Female Eastern Queens Shoes 01,,,,400,1100,4000,10000,3000,6000,1000,2000,50,120,Decapitation,TRUE,Decapitation,TRUE,,HitEffect1,VoBossDeathBigWoman,,,,,,
Garmy,Big_HighDamage,,,,,,,,Resistance,1,30,,,,,Common Bat,,Tank,,,,Skin2,Male_Face6,,,,NPC Harbor Worker Blue Jacket,NPC MALE Docker Worker Pants 02,,Boosted Black Boots,,,,,,4000,10000,,,,,,,,,,,,,,,,,,,
Babydoll,Medium_HighDamage,,,,,,,,Valkyries,1,30,,,,,,,Dance_Girl,,,Female_Hair_4_black,female_skin1,Female_Face2,,,,,,,,,,,,,4000,10000,,,,,,,,,,,,,,,,,,,
Rosa Spanks,Small_HighDamage,,,,,,,,Valkyries,1,30,,,,,,,Dance_Girl,,,Female_Hair_5,female_skin2,Female_Face1,,,,NPC FEMALE Valkyeries Jacket 01,NPC FEMALE Valkyries Pants 01,,,,,,,,4000,10000,,,,,,,,,,,,,,,,,,,
Cheap Trixie,Medium_HighDamage,,,,,,,,Valkyries,1,30,,,,,,,Dance_Girl,,,Female_Hair_7_blonde,female_skin3,Female_Face2,,,,NPC FEMALE Valkyeries Jacket 01,,,,,,,,,4000,10000,,,,,,,,,,,,,,,,,,,
Misty Glitter,Big_LowDamage,,,,,,,,Valkyries,1,30,,,,,,,Dance_Girl,,,Female_Hair_8,female_skin1,Female_Face1,,,,,NPC FEMALE Valkyries Pants 01,,,,,,,,4000,10000,,,,,,,,,,,,,,,,,,,
Michael Shannon,Medium_HighDamage,,Unarmored,,,,,,Resistance,1,30,,,,,Standard Assault Rifle,,Rogue,,,Male_Hair_5,Skin5,Male_Face4,Chin_Beard,,,Dawnbreak T-Shirt,Dawnbreak Jeans,,Standard Black Shoes,,Superfine Scarf,,,,4000,10000,,,,,,,,,,,,,,,,,,,
Slick Raider,Small_HighDamage,,Unarmored,,,,TRUE,,Raiders,1,30,,,,,Credible Knife,,Chef,,,NPC_Male_Hair_Mohawk,NPC Desert Hooligan skin1,Male_Face2,NPC Desert Hooligan mask1,,,,Dawnbreak Jeans,,Dawnbreak Shoes,NPC Desert Hooligans belt,,,,,4000,10000,,,,,50,75,DeathEffect1,,ExploMan,TRUE,,HitEffect1,,,,,,TRUE,
Roided Raider,Big_HighDamage,,Unarmored,,,,TRUE,,Raiders,1,30,,,,,Victorious Bat,,NPC_Dualmelee,,,NPC_Male_Hair_Mohawk,NPC Desert Hooligan skin1,,NPC Desert Hooligan mask1,,,,Dawnbreak Jeans,NPC Desert Hooligans Gloves,NPC Male Hired Guns Shoes 01,NPC Desert Hooligans belt,,,,,4000,10000,,,,,50,75,DeathEffect1,,ExploMan,TRUE,,HitEffect1,,,,,,TRUE,
Raider Scout,Medium_LowDamage,,Armored,,,,TRUE,,Raiders,1,30,,,,,SWAT Shotgun HO-30,,Rogue,,,,NPC Desert Hooligan skin2,,,,,Superfine Leather Vest,Superfine White Camo Pants,NPC Desert Hooligans Gloves,NPC Male Hired Guns Shoes 01,NPC Desert Hooligans belt,,,,,4000,10000,,,,,70,80,DeathEffect1,,ExploMan,TRUE,,HitEffect1,,,,,,,
Maude,Big_LowDamage,,Unarmored,,,,,,Inmate,1,30,,,,,,,RogueFemale,,,Female_Hair_8_black,female_skin1,Female_Face1,,,,Labycore Worker's Coat,Labycore Worker's Pants,,Dawnbreak Sneakers,,,,500,1200,4000,10000,6000,6000,1000,2000,70,100,,,,,100,,,,,,,,
Communication Terminal,Small_HighDamage,,Mechanical,,,,,,Labycore,1,30,AI ShootElectric,,,,Warehousebot_Minigun,,NPC_AI,,,,AI,,,,,,,,,,,TRUE,,,4000,10000,6000,6000,1000,2000,75,100,,,,,,,,,,,,,
Milla Westblade,Big_LowDamage,,,,,,,,Resistance,2,30,,,,,,,RogueFemale,,,Female_Hair_1_black,female_skin1,Female_Face1,,,,Labycore Worker's Orange Jacket,Labycore Worker's Trousers,,NPC Female Valkyries Shoes 01,,,,,,,,,,,,,,,,,,,,,,,,,,
Mike Fear,Big_LowDamage,,,,,,,,Resistance,,,,,,,,,Tank,,,Male_Hair_6_black,Skin4,Male_Face5,Chin_Beard,,,Labycore Worker's Coat,Labycore Worker's Pants,,NPC Male Hooligans Shoes 01,,,,,,,,,,,,,,,,,,,,,,,,,,
Hernan Kirbo,Small_HighDamage,,,,,,,,13 Diablos,1,30,,,,,,,Junkie,,,Male_Hair_3,Skin3,Male_Face1,,,,NPC MALE 13 Diablos Jacket 01,NPC MALE 13 Diablos Pants 01,,NPC Male 13 Diablos Shoes 01,,,,,,,,,,,,,,,,,,,,,,,,,,
NOT_IN_USE3,Small_LowDamage,,Unarmored,,,,TRUE,,Resistance,8,8,,,,,,,Tank,,,,Skin3,Male_Face2,,,,Dawnbreak Shirt,Regular Stonewashed,,NPC Male Mad Dogs Shoes 01,NPC Belt,,,500,1100,4000,10000,3000,6000,1000,2000,50,75,DeathEffect1,,ExploMan,TRUE,100,HitEffect1,,,,,,,
Hologram Dancer,Big_LowDamage,,,,,,,,Valkyries,1,30,,,,,,,Dance_Girl,,,Hologram_dancer_hair,Hologram_dancer,Hologram_dancer_face,,,,,,,,,,,,,,,,,,,,,,,,,,,,,,,,,
Crafting Bot,Basic_Crafting_Bot,,Mechanical,,,,,,Crafting Bot,1,30,,,,,,,NPC_Companion_Bot,,,,Crafting Bot 1,,,,,,,,,,,,1200,1200,4000,10000,6000,6000,1000,2000,70,100,,,ExploRobotSmall,,100,,,,,,,,
Desert Hooligan 1,Big_HighDamage,,,,,,,,Raiders,,,,,,,,,Tank,,,NPC_Male_Hair_Mohawk,NPC Desert Hooligan skin1,,NPC Desert Hooligan mask1,,,,Dawnbreak Jeans,NPC Desert Hooligans Gloves,NPC Male Hired Guns Shoes 01,NPC Desert Hooligans belt,,,,,,,,,,,,,,,,,,,,,,,,,
Desert Hooligan 2,Big_HighDamage,,,,,,,,Raiders,,,,,,,Brutal Axe,,Chef,,,NPC_Male_Hair_Mohawk,NPC Desert Hooligan skin2,,,,,,Superfine White Camo Pants,NPC Desert Hooligans Gloves,NPC Male Hired Guns Shoes 01,NPC Desert Hooligans belt,,,,,,,,,,,,,,,,,,,,,,,,TRUE,
The Champ,Mini_Boss_Default,,Armored,,,,TRUE,,Raiders,1,30,John Woo Attack,,,,Superfine Six-shooter,,DualPistol,,,,NPC Desert Hooligan skin1,,NPC Desert Hooligan mask1,,,,Dawnbreak Jeans,,Acute Boots,NPC Desert Hooligans belt,,,,,,,,,,,70,75,Decapitation,TRUE,Decapitation,TRUE,117,HitEffect1,VoBossDeathBigThug,,,,,TRUE,
,,,,,,,,,,,,Push,,,,,,,,,,,,,,,,,,,,,,,,,,,,,,,,,,,,,,,,,,,,
Bronco,Small_LowDamage,,Unarmored,,,,,,Junkie,1,30,,,,,,,Junkie_Prisoner,,,Male_Hair_1,Skin1,Male_Face3,,,,,,,,,,TRUE,,,4000,10000,,,,,,75,DeathEffect1,,ExploMan,TRUE,100,HitEffect1,,,,,,,
Leticia,Small_LowDamage,,Unarmored,,,,,,Junkie,1,30,,,,,,,NPC_F_Junkie,,,Female_Hair_5,female_skin2,Female_Face3,,,,,,,,,,TRUE,,,4000,10000,,,,,,75,DeathEffect1,,ExploMan,TRUE,95,HitEffect1,,,,,,,
El Guapo,Small_LowDamage,,Unarmored,,,,,,Junkie,1,30,,,,,,,Junkie_Prisoner,,,Male_Hair_3,Skin1,Male_Face3,,,,NPC MALE 13 Diablos Jacket 01,,,,,,TRUE,,,4000,10000,,,,,,75,DeathEffect1,,ExploMan,TRUE,100,HitEffect1,,,,,,,
Ilona,Small_LowDamage,,Unarmored,,,,,,Refugee Girls,1,30,,,,,,,NPC_F_SleaveGirl,,,Female_Hair_1_black,female_skin3,Female_Face2,,,,Labycore Worker's Orange Jacket,,,Dawnbreak Sneakers,,,TRUE,,1200,4000,10000,6000,6000,1000,2000,70,100,,,,,100,,,,,,,,
Vivian,Small_LowDamage,,Unarmored,,,,,,Refugee Girls,1,30,,,,,,,NPC_F_SleaveGirl,,,Female_Hair_4_blonde,female_skin2,Female_Face2,,,,Labycore Worker's Orange Jacket,,,Dawnbreak Sneakers,,,TRUE,,1200,4000,10000,6000,6000,1000,2000,70,100,,,,,100,,,,,,,,
Olive,Small_LowDamage,,Unarmored,,,,,,Refugee Girls,1,30,,,,,,,NPC_F_SleaveGirl,,,Female_Hair_3_black,female_skin1,Female_Face2,,,,Labycore Worker's Orange Jacket,,,Dawnbreak Sneakers,,,TRUE,,1200,4000,10000,6000,6000,1000,2000,70,100,,,,,100,,,,,,,,
Tori,Small_LowDamage,,Unarmored,,,,,,Refugee Girls,1,30,,,,,,,NPC_F_SleaveGirl,,,Female_Hair_1_black,female_skin3,Female_Face2,,,,Labycore Worker's Orange Jacket,,,Dawnbreak Sneakers,,,TRUE,,1200,4000,10000,6000,6000,1000,2000,70,100,,,,,100,,,,,,,,
Katya,Small_LowDamage,,Unarmored,,,,,,Refugee Girls,1,30,,,,,,,NPC_F_SleaveGirl,,,Female_Hair_4_blonde,female_skin2,Female_Face2,,,,Labycore Worker's Orange Jacket,,,Dawnbreak Sneakers,,,TRUE,,1200,4000,10000,6000,6000,1000,2000,70,100,,,,,100,,,,,,,,
Kyra,Small_LowDamage,,Unarmored,,,,,,Refugee Girls,1,30,,,,,,,NPC_F_SleaveGirl,,,Female_Hair_3_black,female_skin1,Female_Face2,,,,Labycore Worker's Orange Jacket,,,Dawnbreak Sneakers,,,TRUE,,1200,4000,10000,6000,6000,1000,2000,70,100,,,,,100,,,,,,,,
Samatha,Medium_HighDamage,,,,,,,,Valkyries,1,30,,,,,DancePole,,Pole_Dance_Girl,,,Female_Hair_4_black,female_skin1,Female_Face2,,,,,,,,,,TRUE,,,4000,10000,,,,,,,,,,,,,,,,,,,
Don Diego,Small_LowDamage,,Unarmored,,,,,,13 Diablos,1,30,,,,,,,Rogue,,,Male_Hair_1,Skin1,Male_Face3,,,,NPC MALE 13 Diablos Jacket 01,NPC MALE 13 Diablos Pants 01,,NPC Male 13 Diablos Shoes 01,NPC Belt,,,500,750,4000,10000,3000,6000,1000,2000,50,75,DeathEffect1,,ExploMan,TRUE,100,HitEffect1,,,,,,,
Jesse,Big_HighDamage,,Unarmored,,,,,,Resistance,1,30,,,,,Barebones Bat,,Tank,,,Male_Hair_7_blonde,Skin3,Male_Face1,Beard_Long_Blonde,,Everyday Shutter Shades,Dawnbreak Shirt,Dawnbreak Jeans,,Dawnbreak Sneakers,,,,500,1200,4000,10000,6000,6000,1000,2000,70,100,DeathEffect1,,,TRUE,100,HitEffect1,,,,,,,
Scarface,Medium_LowDamage,,Unarmored,,,,,,Resistance,1,30,,,,,Corroded Knife,,Rogue,,,Male_Hair_5,Skin5,Male_Face8,Chin_Beard,,,Dawnbreak Shirt,Dawnbreak Trousers,,Dawnbreak Shoes,,,,500,1200,4000,10000,6000,6000,1000,2000,70,100,DeathEffect1,,,TRUE,100,HitEffect1,,,,,,,
Dillinger,Small_HighDamage,,Unarmored,,,,,,Resistance,1,30,,,,,,,Rogue,,,Male_Hair_4,Skin1,Male_Face4,,,,Dawnbreak T-Shirt,Dawnbreak Jeans,,Dawnbreak Sneakers,,,,500,1200,4000,10000,6000,6000,1000,2000,70,100,DeathEffect1,,,TRUE,100,HitEffect1,,,,,,,
Jorge the Driver,Big_HighDamage_Escort,,Armored,,,,,TRUE,13 Diablos,1,30,,,,,Standard Assault Rifle,Jesus,Tank,,,Male_Hair_5_black,Skin6,Male_Face1,,,,NPC MALE 13 Diablos Jacket 01,NPC MALE 13 Diablos Pants 01,,NPC Male 13 Diablos Shoes 01,,,,,,4000,10000,,,,,,,,,,,,,,,,,,,
Jesus,Medium_LowDamage,,Unarmored,,,,,TRUE,13 Diablos,1,30,,,,,Standard Assault Rifle,,Rogue,,,Male_Hair_2,Skin1,Male_Face3,,,,NPC MALE 13 Diablos Jacket 01,NPC MALE 13 Diablos Pants 01,,NPC Male 13 Diablos Shoes 01,,,,,,4000,10000,,,,,,,,,,,,,,,,,,,
Zodiac,Small_HighDamage,,Unarmored,,,,,TRUE,Resistance,1,30,Grenade,,,,Crazy Minigun,,Rogue,,,Male_Hair_4_black,Skin4,Male_Face3,,Everyday Cap,,Dawnbreak Shirt,Dawnbreak Jeans,,Dawnbreak Sneakers,,,,500,1200,4000,10000,6000,6000,1000,2000,70,100,DeathEffect1,,,,100,HitEffect1,,,,,,,
Mack,Medium_HighDamage,,Unarmored,,,,,TRUE,Resistance,1,30,Molotov Cocktail,,,,Crude Jungle Knife,,Tank,,,Male_Hair_8,Skin4,Male_Face3,,,Fine Aviator Shades,Dawnbreak T-Shirt,Dawnbreak Jeans,Average Black Gloves,Dawnbreak Sneakers,,,,500,1200,4000,10000,6000,6000,1000,2000,70,100,DeathEffect1,,,,100,HitEffect1,,,,,,,
Android Guardian T-006,Player_Tank,Bodyguard,Mechanical,,,TRUE,,,Mercenary,6,8,Slammer,,,,Labytech LK-06,,TankFemale,,Sleep,Hologram_dancer_hair,Android01_Skin,Android01_Face,,Radical Cap,Outstanding Aviator Shades,Greater Vest,Greater White Pants,Awesome Rider Gloves,Greater Boots,Greater Snake Leather Belt,Marvelous Headscarf,,1200,1200,,0,6000,10000,1000,2000,,120,DeathEffect1,,,,110,HitEffect1,,,,,,,
,,,,,,,,,,,,Short Stun Grenade,,,,,,,,,,,,,,,,,,,,,,,,,,,,,,,,,,,,,,,,,,,,
Android Hunter T-008,Player_Damage,Hunter,Mechanical,,,TRUE,,,Mercenary,8,10,Quick Shot,,,,SWAT Shotgun HO-08,,RogueFemale,,Sleep,Hologram_dancer_hair,Android01_Skin,Android01_Face,,,Jagged Shades,Excellent Leather Vest,Outstanding White Pants,High Power Rider Gloves,Singular Shoes,First Class Snake Leather Belt,Greater Necklace,,1200,1200,,0,6000,10000,1000,2000,,120,DeathEffect1,,,,110,HitEffect1,,,,,,,
,,,,,,,,,,,,Short Stun Grenade,,,,,,,,,,,,,,,,,,,,,,,,,,,,,,,,,,,,,,,,,,,,
Android Medic T-010,Player_Healer,Doctor,Mechanical,,,TRUE,,,Mercenary,10,12,Short Stun Grenade,,,,Next-Gen Sniper: LTDC-10,,RogueFemale,,Sleep,Hologram_dancer_hair,Android01_Skin,Android01_Face,,Usual Nurse Hat,Excellent Aviator Shades,Healing Scrubs of Epic,Tough Pants,First Class Biker Gloves,Exquisite Boots,Jagged Black Belt,Superfine Bandana,,1200,1200,,0,6000,10000,1000,2000,,120,DeathEffect1,,,,110,HitEffect1,,,,,,,
Android Guardian T-012,Player_Tank,Bodyguard,Mechanical,,,TRUE,,,Mercenary,12,14,Taunt,,,,Hi-Tech Scythe X-13,,TankFemale,,Sleep,Hologram_dancer_hair,Android01_Skin,Android01_Face,,,Stealth Fantom Goggles,Awesome Dark Trench Coat,High-Power Branded Jeans,Superfine Dark Gloves,Exquisite Sneakers,First Class Leather Belt,Singular Necklace,,1200,1200,,0,6000,10000,1000,2000,,120,DeathEffect1,,,,110,HitEffect1,,,,,,,
,,,,,,,,,,,,Stun Grenade,,,,,,,,,,,,,,,,,,,,,,,,,,,,,,,,,,,,,,,,,,,,
Android Medic T-014,Player_Healer,Doctor,Mechanical,,,TRUE,,,Mercenary,14,17,Stun Grenade,,,,Next-Gen Sniper: LTDC-05,,RogueFemale,,Sleep,Hologram_dancer_hair,Android01_Skin,Android01_Face,,Usual Nurse Hat,Underhouse Shades,Healing Scrubs of Epic,Superfine Branded Jeans,Greater Black Gloves,Exquisite Shoes,Excellent Snake Leather Belt,Exquisite Necklace,,1200,1200,,0,6000,10000,1000,2000,,120,DeathEffect1,,,,110,HitEffect1,,,,,,,
Android Hunter T-016,Player_Damage,Hunter,Mechanical,,,TRUE,,,Mercenary,16,19,Quick Shot,,,,Daredevil's Assault Rifle,,RogueFemale,,Sleep,Hologram_dancer_hair,Android01_Skin,Android01_Face,,High Power Ski Mask,Smart Specs,Singular Vest,First-Class Studded Pants,Excellent Biker Gloves,Exquisite Shoes,High Power Studded Bold Belt,Marvelous Bandana,,1200,1200,,0,6000,10000,1000,2000,,120,DeathEffect1,,,,110,HitEffect1,,,,,,,
,,,,,,,,,,,,Stun Grenade,,,,,,,,,,,,,,,,,,,,,,,,,,,,,,,,,,,,,,,,,,,,
Android Guardian T-018,Player_Tank,Bodyguard,Mechanical,,,TRUE,,,Mercenary,18,21,Slammer,,,,Hi-Tech Scythe X-16,,TankFemale,,Sleep,Hologram_dancer_hair,Android01_Skin,Android01_Face,,,Goggles,Awesome Dark Trench Coat,Singular Studded Pants,Marvelous Dark Gloves,Marvelous Boots,Radical Snake Leather Belt,Awesome Bandana,,1200,1200,,0,6000,10000,1000,2000,,120,DeathEffect1,,,,110,HitEffect1,,,,,,,
,,,,,,,,,,,,Stun Grenade,,,,,,,,,,,,,,,,,,,,,,,,,,,,,,,,,,,,,,,,,,,,
Android Hunter T-020,Player_Damage,Hunter,Mechanical,,,TRUE,,,Mercenary,20,23,Quick Shot,,,,Crymaker's Assault Rifle,,RogueFemale,,Sleep,Hologram_dancer_hair,Android01_Skin,Android01_Face,,Jagged Ski Mask,Awesome Shutter Shades,Superfine Protective Vest,Excellent Studded Pants,Marvelous Biker Gloves,Wacky Shoes,First-Class Belt with Silver Buckle,Greater Bandana,,1200,1200,,0,6000,10000,1000,2000,,120,DeathEffect1,,,,110,HitEffect1,,,,,,,
,,,,,,,,,,,,Stun Grenade,,,,,,,,,,,,,,,,,,,,,,,,,,,,,,,,,,,,,,,,,,,,
Pyrox,Boss_Tier2,,Armored,,,,TRUE,,Mutants,1,30,Pyrox Fire,,Plans: Street Wise Protector,,High-Power Cleaver,,Mutant,,Sleep,,NPC Mutant skin4,,,,,,NPC Mutant Pants 2,,NPC Mutant Shoes 2,,,,,,4000,10000,6000,10000,1000,2000,50,70,DeathEffect1,,ExploMan,TRUE,140,HitEffect1,VoMutantDeath,,,,VoMutantAttack,,
,,,,,,,,,,,,Enrage,,Plans: Worthy Thick Pants,,,,,,,,,,,,,,,,,,,,,,,,,,,,,,,,,,,,,,,,,,
,,,,,,,,,,,,Rage Explosion,,Plans: Cool Visors,,,,,,,,,,,,,,,,,,,,,,,,,,,,,,,,,,,,,,,,,,
,,,,,,,,,,,,,,Plans: Singjay,,,,,,,,,,,,,,,,,,,,,,,,,,,,,,,,,,,,,,,,,,
,,,,,,,,,,,,,,Plans: Steppa,,,,,,,,,,,,,,,,,,,,,,,,,,,,,,,,,,,,,,,,,,
,,,,,,,,,,,,,,Plans: Drango,,,,,,,,,,,,,,,,,,,,,,,,,,,,,,,,,,,,,,,,,,
Lava Ant,Boss_Tier3,,Unarmored,,,,TRUE,,Neutral,30,30,Lava Squirt,,Plans: Good Wrap,,,,NPC_Ant,,,,NPC Ant skin 2,,,,,,,,,,,,,,4000,10000,6000,6000,1000,2000,70,100,Decapitation,TRUE,Decapitation,TRUE,145,HitEffect1,VoQueenAntDeath,,,,VoQueenAntAlert,,
,,,,,,,,,,,,,,Plans: Worthy Visors,,,,,,,,,,,,,,,,,,,,,,,,,,,,,,,,,,,,,,,,,,
,,,,,,,,,,,,,,Plans: Singular Walkers,,,,,,,,,,,,,,,,,,,,,,,,,,,,,,,,,,,,,,,,,,
,,,,,,,,,,,,,,Plans: Outstanding Walkers,,,,,,,,,,,,,,,,,,,,,,,,,,,,,,,,,,,,,,,,,,
,,,,,,,,,,,,,,Plans: Bebop,,,,,,,,,,,,,,,,,,,,,,,,,,,,,,,,,,,,,,,,,,
,,,,,,,,,,,,,,Plans: Wonky,,,,,,,,,,,,,,,,,,,,,,,,,,,,,,,,,,,,,,,,,,
,,,,,,,,,,,,,,Plans: Self-regulating Healing Jacket,,,,,,,,,,,,,,,,,,,,,,,,,,,,,,,,,,,,,,,,,,
,,,,,,,,,,,,,,Plans: Blight Sawer [Rampage],,,,,,,,,,,,,,,,,,,,,,,,,,,,,,,,,,,,,,,,,,
SPARTAN,Boss_Default,,Mechanical,,,,TRUE,,Labycore,30,30,Fire Rocket,,Plans: Special Custom Jacket,,Regular Minigun,,NPC_Sentrybot,Idle,,,Sentrybot_red,,,,,,,,,,,,,,4000,10000,3000,6000,1000,2000,50,75,ExploRobot,TRUE,ExploRobot,TRUE,100,HitEffect1,VoBossDeathMechanical,,,,,,
,,,,,,,,,,,,SentryBot Slammer,,Plans: Street Wise Protective Pants,,,,,,,,,,,,,,,,,,,,,,,,,,,,,,,,,,,,,,,,,,
,,,,,,,,,,,,,,Plans: Acute Sash,,,,,,,,,,,,,,,,,,,,,,,,,,,,,,,,,,,,,,,,,,
,,,,,,,,,,,,,,Plans: Street Wise Visors,,,,,,,,,,,,,,,,,,,,,,,,,,,,,,,,,,,,,,,,,,
,,,,,,,,,,,,,,Plans: Acute Tactical Gloves,,,,,,,,,,,,,,,,,,,,,,,,,,,,,,,,,,,,,,,,,,
,,,,,,,,,,,,,,Plans: Street Wise Wrap,,,,,,,,,,,,,,,,,,,,,,,,,,,,,,,,,,,,,,,,,,
,,,,,,,,,,,,,,Plans: Worthy Walkers,,,,,,,,,,,,,,,,,,,,,,,,,,,,,,,,,,,,,,,,,,
,,,,,,,,,,,,,,Plans: Bounce,,,,,,,,,,,,,,,,,,,,,,,,,,,,,,,,,,,,,,,,,,
Gatekeeper,Big_HighDamage,,Mechanical,,,,,TRUE,Mutants,30,30,Epic Merc Heal,,,,Brutal Axe,,Mutant,,Sleep,,NPC Mutant skin1,,,,,NPC Mutant Shirt,NPC Mutant Pants,,NPC Mutant Shoes,NPC Mutant belt,,,500,1000,4000,10000,6000,10000,1000,2000,,120,DeathEffect1,,,,125,HitEffect1,,,VoMutantGreetings,VoMutantBye,,,
Mortimer,Medium_HighDamage,,,,,,,,Mutants,1,30,,,,,Superior Power Cutter,,Mutant,,,,NPC Mutant skin2,,,,,,NPC Mutant Pants,,NPC Mutant Shoes,NPC Mutant belt,,,,,4000,10000,,,,,,,,,,,110,,,,VoMutantGreetings,VoMutantBye,,,
Eila,Small_LowDamage,,Unarmored,,,,,,Refugee Girls,1,30,,,,,,,NPC_F_SleaveGirl,,,Female_Hair_1,female_skin2,Female_Face2,,,,Labycore Worker's Orange Jacket,,,Dawnbreak Sneakers,,,TRUE,,1200,4000,10000,6000,6000,1000,2000,70,100,,,,,100,,,,,,,,
Myra,Small_LowDamage,,Unarmored,,,,,,Refugee Girls,1,30,,,,,,,NPC_F_SleaveGirl,,,Female_Hair_7_black,female_skin1,Female_Face3,,,,Labycore Worker's Orange Jacket,,,Dawnbreak Sneakers,,,TRUE,,1200,4000,10000,6000,6000,1000,2000,70,100,,,,,100,,,,,,,,
Mango,Small_LowDamage,,Unarmored,,,,,,Valkyries,1,30,,,,,,,TankFemale,,,Female_Hair_7,female_skin2,Female_Face1,,,,NPC FEMALE Valkyeries Jacket 01,NPC FEMALE Valkyries Pants 01,,NPC Male Mad Dogs Shoes 01,,,,500,750,4000,10000,3000,6000,1000,2000,50,75,,,,,100,,,,,,,,
Android Medic T-022,Player_Healer,Doctor,Mechanical,,,TRUE,,,Mercenary,22,25,Stun Grenade,,,,Next-Gen Sniper: LTDC-15,,RogueFemale,,Sleep,Hologram_dancer_hair,Android01_Skin,Android01_Face,,Usual Nurse Hat,Awesome Shades,Healing Scrubs of Epic,Awesome Custom Pants,Radical Gloves,Extreme Boots,Jagged Studded Bold Belt,Singular Bandana,,1200,1200,,0,6000,10000,1000,2000,,120,DeathEffect1,,,,110,HitEffect1,,,,,,,
Android Guardian T-024,Player_Tank,Bodyguard,Mechanical,,,TRUE,,,Mercenary,24,27,Slammer,,,,Hi-Tech Scythe X-23,,TankFemale,,Sleep,Hologram_dancer_hair,Android01_Skin,Android01_Face,,,Greater Shutter Shades,High-Power Armored Jacket,Superfine Custom Pants,Marvelous Gloves,Extreme Sneakers,Outstanding Studded Belt,Greater Scarf,,1200,1200,,0,6000,10000,1000,2000,,120,DeathEffect1,,,,110,HitEffect1,,,,,,,
,,,,,,,,,,,,Stun Grenade,,,,,,,,,,,,,,,,,,,,,,,,,,,,,,,,,,,,,,,,,,,,
Android Hunter T-026,Player_Damage,Hunter,Mechanical,,,TRUE,,,Mercenary,26,28,Quick Shot,,,,Anguisher's Assault Rifle,,RogueFemale,,Sleep,Hologram_dancer_hair,Android01_Skin,Android01_Face,,Superfine Headgear,Battle Visors,Greater Skull T-shirt,High-Power Custom Pants,Outstanding Rider Gloves,Extreme Shoes,Superfine Belt with Silver Buckle,First-Class Scarf,,1200,1200,,0,6000,10000,1000,2000,,120,DeathEffect1,,,,110,HitEffect1,,,,,,,
,,,,,,,,,,,,Stun Grenade,,,,,,,,,,,,,,,,,,,,,,,,,,,,,,,,,,,,,,,,,,,,
Android Medic T-028,Player_Healer,Doctor,Mechanical,,,TRUE,,,Mercenary,28,29,Stun Grenade,,,,Next-Gen Sniper: LTDC-20,,RogueFemale,,Sleep,Hologram_dancer_hair,Android01_Skin,Android01_Face,,Usual Nurse Hat,Singular Shades,Healing Scrubs of Epic,First-Class White Camo Pants,Superfine Gloves,Superior Shoes,Greater Utility Belt,Radical Scarf,,1200,1200,,0,6000,10000,1000,2000,,120,DeathEffect1,,,,110,HitEffect1,,,,,,,
Android Guardian T-030,Player_Tank,Bodyguard,Mechanical,,,TRUE,,,Mercenary,30,30,Slammer,,,,Hi-Tech Scythe XX-30,,TankFemale,,Sleep,Hologram_dancer_hair,Android01_Skin,Android01_Face,,,Greater Shades,Exquisite Patterned Jacket,Wacky Pants,Superfine Biker Gloves,Righteuous Boots,First Class Studded Bold Belt,Singular Scarf,,1200,1200,,0,6000,10000,1000,2000,,120,DeathEffect1,,,,115,HitEffect1,,,,,,,
,,,,,,,,,,,,Stun Grenade,,,,,,,,,,,,,,,,,,,,,,,,,,,,,,,,,,,,,,,,,,,,
Android Hunter T-030,Player_Damage,Hunter,Mechanical,,,TRUE,,,Mercenary,30,30,Quick Shot,,,,Madcap's Next Gen Assault Rifle,,RogueFemale,,Sleep,Hologram_dancer_hair,Android01_Skin,Android01_Face,,Gimp's Mask,Exquisite Shades,Greater Night Jacket,Radical Pants,Singular Biker Gloves,Superior Boots,Outstanding Studded Bold Belt,Singular Scarf,,1200,1200,,0,6000,10000,1000,2000,,120,DeathEffect1,,,,115,HitEffect1,,,,,,,
,,,,,,,,,,,,Stun Grenade,,,,,,,,,,,,,,,,,,,,,,,,,,,,,,,,,,,,,,,,,,,,
Android Medic T-030,Player_Healer,Doctor,Mechanical,,,TRUE,,,Mercenary,30,30,Stun Grenade,,,,Next-Gen Sniper: LTDC-25,,RogueFemale,,Sleep,Hologram_dancer_hair,Android01_Skin,Android01_Face,,Usual Nurse Hat,Awesome Specs,Greater White Custom Jacket,Superfine White Camo Pants,Excellent Gloves,Superior Shoes,Outstanding Dark Leather Belt,Superior Necklace,,1200,1200,,0,6000,10000,1000,2000,,120,DeathEffect1,,,,115,HitEffect1,,,,,,,
Madhouse Mutant,Big_HighDamage,,Armored,,,,TRUE,,Mutants,1,30,,,,,High-Power Chainsaw,,Mutant,,Sleep,,NPC Mutant skin3,,,,,NPC Mutant Vest,NPC Mutant Pants 2,,NPC Mutant Shoes 2,,,,400,1000,4000,10000,6000,10000,1000,2000,50,70,DeathEffect1,,ExploMan,TRUE,125,HitEffect1,VoMutantDeath,,,,VoMutantAttack,,
Berserk Mutant,Big_HighDamage,,Unarmored,,,,TRUE,,Mutants,1,30,,,,,Good Minigun of Suffer,,Mutant,,,,NPC Mutant skin3,,,,,,NPC Mutant Pants 2,,NPC Mutant Shoes 2,,,,400,,4000,10000,,,,,50,70,DeathEffect1,,ExploMan,TRUE,130,,VoMutantDeath,,,,VoMutantAttack,,
Bungle,Medium_HighDamage,,,,,,,,Mutants,1,30,,,,,Cool Cleaver,,Mutant,,,,NPC Mutant skin2,,,,,,NPC Mutant Pants 2,,NPC Mutant Shoes,NPC Mutant belt,,,,,4000,10000,,,,,,,,,,,120,,,,VoMutantGreetings,VoMutantBye,,,
Ulver,Medium_HighDamage,,,,,,,,Mutants,1,30,,,,,Typical Plank,,Mutant,,,,NPC Mutant skin1,,,,,,NPC Mutant Pants,,NPC Mutant Shoes,,,,,,4000,10000,,,,,,,,,,,110,,,,VoMutantGreetings,VoMutantBye,,,
Tomahawk,Medium_HighDamage,,,,,,,,Mutants,1,30,,,,,Extreme Reciprocating Saw,,Mutant,,,,NPC Mutant skin2,,,,,,NPC Mutant Pants,,NPC Mutant Shoes,NPC Mutant belt,,,,,4000,10000,,,,,,,,,,,130,,,,VoMutantGreetings,VoMutantBye,,,
Headbanger Mutant,Big_HighDamage,,Unarmored,,,,TRUE,,Mutants,1,30,,,,,Massive Plank,,Mutant,,,,NPC Mutant skin3,,,,,,NPC Mutant Pants 2,,,,,,,,4000,10000,,,,,75,80,DeathEffect1,,ExploMan,TRUE,90,,VoMutantDeath,,,,VoMutantAttack,,
Advanced Crafting Bot,Advanced_Crafting_Bot,,Mechanical,,,,,,Crafting Bot,1,30,,,,,,,NPC_Companion_Bot,,,,Crafting Bot 2,,,,,,,,,,,,1200,1200,4000,10000,6000,6000,1000,2000,70,100,,,ExploRobotSmall,,100,,,,,,,,
Superior Crafting Bot,Superior_Crafting_Bot,,Mechanical,,,,,,Crafting Bot,1,30,,,,,,,NPC_Companion_Bot,,,,Crafting Bot 3,,,,,,,,,,,,1200,1200,4000,10000,6000,6000,1000,2000,70,100,,,ExploRobotSmall,,100,,,,,,,,
Robert,Medium_LowDamage,,Unarmored,,,,,,Resistance,1,30,,,,,Acute Bat,,Tank,,,Male_Hair_4,Skin5,Male_Face8,Beard_Long_Red,,,Dawnbreak T-Shirt,Dawnbreak Jeans,,Basic Sneakers,,,,500,750,4000,10000,3000,6000,1000,2000,50,75,DeathEffect1,,,,110,HitEffect1,,,,,,,
Julia,Medium_HighDamage,,Unarmored,,,,,,Resistance,1,30,,,,,Cool Knife,,TankFemale,,,Female_Hair_5_blonde,female_skin2,Female_Face2,,,Everyday Shutter Shades,Dawnbreak Shirt,Dawnbreak Jeans,,Basic Sneakers,,,,500,750,4000,10000,3000,6000,1000,2000,50,75,DeathEffect1,,,,,HitEffect1,,,,,,,
Julio,Big_HighDamage,,Armored,,,,,TRUE,13 Diablos,1,30,,,,,Standard Assault Rifle,,Rogue,,,Male_Hair_6,Skin3,Male_Face3,,,,NPC MALE 13 Diablos Jacket 01,NPC MALE 13 Diablos Pants 01,,NPC Male 13 Diablos Shoes 01,,,,,,4000,10000,,,,,,,,,,,,,,,,,,,
Serrano,Medium_LowDamage,,Unarmored,,,,,,13 Diablos,1,30,,,,,,,Tank,,,Male_Hair_1,Skin4,Male_Face2,,,,NPC MALE 13 Diablos Jacket 01,NPC MALE 13 Diablos Pants 01,,NPC Male 13 Diablos Shoes 01,,,,,,4000,10000,,,,,,,,,,,,,,,,,,,
Assasino,Mini_Boss_Default,,Armored,,,,TRUE,,Hired Guns,1,30,Wushu Push,,,,"Labytech Pistol, LBTP-05",,CyberGirl,,Sleep,Female_Hair_5_black,female_skin3,Female_Face2,,,Targeting Monocle,Exquisite Dark Trench Coat,Singular White Camo Pants,First-Class Biker Gloves,Extreme Sneakers,High-Power Belt with Golden Buckle,,,,,4000,10000,,6000,1000,2000,70,80,DeathEffect1,,ExploMan,TRUE,,HitEffect1,,,,,,,
,,,,,,,,,,,,Wounding Shot,,,,,,,,,,,,,,,,,,,,,,,,,,,,,,,,,,,,,,,,,,,,
,,,,,,,,,,,,Somersault,,,,,,,,,,,,,,,,,,,,,,,,,,,,,,,,,,,,,,,,,,,,
Adelmo,Big_HighDamage_Escort,,Armored,,,,,TRUE,13 Diablos,1,30,,,,,Standard Assault Rifle,,Rogue,,,Male_Hair_6,Skin3,Male_Face3,,,,NPC MALE 13 Diablos Jacket 01,NPC MALE 13 Diablos Pants 01,,NPC Male 13 Diablos Shoes 01,,,,,,4000,10000,,,,,,,,,,,,,,,,,,,
Labycore Headhunter,Big_LowDamage,,Unarmored,,,,,,Knocked down,,,,,,,,,TankKnockedout,,,,Labycorp_AntiRiot_Elite_Suit,Male_Face1,,,,,,,,,,TRUE,,,4000,10000,,,,,,,,,,,100,,,,,,,,
Labycore Specialist,Big_LowDamage,,Unarmored,,,,,,Knocked down,,,,,,,,,TankKnockedout,,,,Labycorp_AntiRiot_Suit,Male_Face1,,,,,,,,,,TRUE,,,4000,10000,,,,,,,,,,,100,,,,,,,,
Mr. Morty,Big_LowDamage,,Unarmored,,,,,,Knocked down,,,,,,,,,TankKnockedout,,,Male_Hair_2,Skin5,Male_Face4,,,,NPC MALE Hired Guns Jacket 02,NPC MALE Hired Guns Pants 01,,NPC MALE Prison Warder Shoes,,,TRUE,,,4000,10000,,,,,,,,,,,100,,,,,,,,
Hired Guns Advisor,Big_LowDamage,,Unarmored,,,,,,Knocked down,,,,,,,,,TankKnockedout,,,Male_Hair_2,Skin5,Male_Face4,,,,NPC MALE Hired Guns Jacket 02,NPC MALE Hired Guns Pants 01,,NPC MALE Prison Warder Shoes,,,TRUE,,,4000,10000,,,,,,,,,,,100,,,,,,,,
Coen 'The Sharp',Small_HighDamage,Bodyguard,,,,,,TRUE,Resistance,11,12,,,,,Street Credible Bat,,Tank,,Sleep,Male_Hair_4,Skin1,Male_Face3,,,,Acute Cowhide Jacket,Cool Camo Pants,,Standard Boots,,,,1200,1200,4000,10000,6000,10000,1000,2000,,120,DeathEffect1,,ExploMan,TRUE,100,HitEffect1,,,,,,,
Mary 'The Cut',Small_HighDamage,Doctor,,,,,,TRUE,Resistance,15,16,,,,,Boosted Revolver,,RogueFemale,,Sleep,Female_Hair_2_black,female_skin1,Female_Face3,,,,Simple Gray Sweater,Excellent White Pants,,Everyday Boots,,,,1200,1200,4000,10000,6000,10000,1000,2000,,120,DeathEffect1,,ExploMan,TRUE,100,HitEffect1,,,,,,,
Janet 'The Slayer',Small_HighDamage,Hunter,Unarmored,,,,,TRUE,Resistance,16,17,,,,,Fine .32 Pistol,,RogueFemale,,Sleep,Female_Hair_6_blonde,female_skin1,Female_Face1,,,,Marvelous Leather Vest,Radical Studded Pants,,Everyday Boots,,,,1200,1200,4000,10000,6000,10000,1000,2000,,120,DeathEffect1,,ExploMan,TRUE,100,HitEffect1,,,,,,,
Bebob,Big_LowDamage,,Unarmored,,,,,,Resistance,1,30,,,,,,,Rogue,,,Male_Hair_8,Skin5,Male_Face1,,,NPC Aviators,Dawnbreak T-Shirt,Dawnbreak Trousers,,NPC Male Mad Dogs Shoes 01,,Awesome Scarf,,500,1100,4000,10000,3000,6000,1000,2000,50,75,DeathEffect1,,ExploMan,TRUE,100,HitEffect1,,,,,,,
Jazz,Big_LowDamage,,Unarmored,,,,,,Resistance,1,30,,,,,,,Tank,,,,Skin6,Male_Face3,Basic_Mustache,,,Dawnbreak Shirt,Dawnbreak Jeans,,Dawnbreak Shoes,,,,500,1100,4000,10000,3000,6000,1000,2000,50,75,DeathEffect1,,ExploMan,TRUE,100,HitEffect1,,,,,,,
Craftingbot Blue,Big_HighDamage,,,,,,,,Resistance,,,,,,,,,NPC_Companion_Bot,,,,Crafting Bot 1,,,,,,,,,,,,,,,,,,,,,,,,,,,,,,CraftingBotResourceFound,CraftingBotNoResources,,,
Craftingbot White,Big_HighDamage,,,,,,,,Resistance,,,,,,,,,NPC_Companion_Bot,,,,Crafting Bot 2,,,,,,,,,,,,,,,,,,,,,,,,,,,,,,CraftingBotResourceFound,CraftingBotNoResources,,,
Craftingbot Black,Big_HighDamage,,,,,,,,Resistance,,,,,,,,,NPC_Companion_Bot,,,,Crafting Bot 3,,,,,,,,,,,,,,,,,,,,,,,,,,,,,,CraftingBotResourceFound,CraftingBotNoResources,,,
Ant,Big_HighDamage,,Unarmored,,,,TRUE,,Ants,1,30,,,,,UnarmedAnt,,NPC_Ant,,,,NPC Ant skin,,,,,,,,,,,,500,1200,4000,10000,3000,6000,1000,2000,50,75,DeathEffect1,,ExploAnt,TRUE,110,HitEffect1,VoGiantAntDeath,,,,VoGiantAntAlert,,
Elite Blaster,Elite_Big_HighDamage,,Unarmored,,,,TRUE,,Raiders,1,30,,,,,"Wasteland Crow, L-30",,DualPistol,,,NPC_Male_Hair_Mohawk,NPC Desert Hooligan skin1,,NPC Desert Hooligan mask1,,,,Dawnbreak Jeans,NPC Desert Hooligans Gloves,NPC Male Hired Guns Shoes 01,NPC Desert Hooligans belt,,,,,4000,10000,,,,,75,70,DeathEffect1,,ExploMan,TRUE,115,HitEffect1,,,,,,TRUE,
Elite Crushskull,Elite_Big_LowDamage,,Armored,,,,TRUE,,Raiders,1,30,,,,,TacKnife,,Chef,,,NPC_Male_Hair_Mohawk,NPC Desert Hooligan skin2,,,,,,Superfine White Camo Pants,NPC Desert Hooligans Gloves,NPC Male Hired Guns Shoes 01,NPC Desert Hooligans belt,,,,,4000,10000,,,,,75,70,DeathEffect1,,ExploMan,TRUE,110,HitEffect1,,,,,,TRUE,
Queen Ant,Mini_Boss_Default,,Armored,,,,TRUE,,Ants,1,30,Ant Poison,,,,UnarmedAntQueen,,NPC_Ant,,,,NPC Ant skin 2,,,,,,,,,,,,500,1200,4000,10000,3000,6000,1000,2000,50,75,Decapitation,TRUE,ExploAnt,TRUE,170,HitEffect1,VoQueenAntDeath,,,,VoQueenAntAlert,,
Nukum,Big_HighDamage,,Unarmored,,,,,TRUE,Resistance,1,30,Grenade,,,,Crazy Minigun,,Tank,,,Male_Hair_14,Skin6,Male_Face7,,,,Dawnbreak Shirt,Dawnbreak Jeans,,Acute Dark Sneakers,,,,500,750,4000,10000,3000,6000,1000,2000,50,75,DeathEffect1,,,,,HitEffect1,,,,,,,
Bateman,Medium_HighDamage,,Unarmored,,,,,TRUE,Resistance,1,30,Jaw Blow,,,,Fine Knife,,Rogue,,,Male_Hair_10,Skin2,Male_Face4,,,Acute Shutter Shades,Dawnbreak T-Shirt,Dawnbreak Trousers,Average Black Gloves,Broken Shoes,,,,500,750,4000,10000,3000,6000,1000,2000,50,75,DeathEffect1,,,,,HitEffect1,,,,,,,
Mad Martha,Small_HighDamage,,Unarmored,,,,,TRUE,Resistance,1,30,Twirler,,,,Acute Crowbar,,TankFemale,,,Female_Hair_8_blonde,female_skin2,Female_Face3,,,,Dawnbreak T-Shirt,Dawnbreak Trousers,,Boots of Normal,,,,500,750,4000,10000,3000,6000,1000,2000,50,75,DeathEffect1,,,,,HitEffect1,,,,,,,
Quaid,Medium_HighDamage,,Unarmored,,,,,TRUE,Resistance,1,30,,,,,Awesome Assault Rifle,,Tank,,,Male_Hair_1,Skin2,Male_Face9,Basic_Mustache,,Demolisher's Shades,Dawnbreak Shirt,Dawnbreak Jeans,,Basic Black Shoes,,,,500,750,4000,10000,3000,6000,1000,2000,50,75,DeathEffect1,,,,,HitEffect1,,,,,,,
Cellar Ant,Mini_Boss_Default,,Armored,,,,TRUE,,Ants,1,30,Ant Poison,,,,UnarmedAnt,,NPC_Ant,,,,NPC Ant skin 2,,,,,,,,,,,,500,1200,4000,10000,3000,6000,1000,2000,50,75,ExploAnt,TRUE,ExploAnt,TRUE,170,HitEffect1,VoQueenAntDeath,,,,VoQueenAntAlert,,
Soldier Ant,Elite_Big_LowDamage,,Armored,,,,TRUE,,Ants,1,30,,,,,UnarmedAnt,,NPC_Ant,,,,NPC Ant skin,,,,,,,,,,,,300,1100,4000,10000,3000,6000,1000,2000,70,75,DeathEffect1,,ExploAnt,TRUE,110,HitEffect1,VoGiantAntDeath,,,,VoGiantAntAlert,,
Cave Mutant,Elite_Big_HighDamage,,Unarmored,,,,TRUE,,Mutants,1,30,,,,,First-Class Hydraulic Hammer,,Mutant,,,,NPC Mutant skin3,,,,,,NPC Mutant Pants,,NPC Mutant Shoes 2,,,,400,,4000,10000,,,,,50,70,DeathEffect1,,ExploMan,TRUE,120,,VoMutantDeath,,,,VoMutantAttack,,
Calavera Ant,Boss_Default,,Armored,,,,TRUE,,Ants,15,15,Ant Poison,,Plans: Stealth Jacket,,UnarmedAntQueen,,NPC_Ant,,,,NPC Ant skin 3,,,,,,,,,,,,,,4000,10000,3000,6000,1000,2000,50,75,ExploAnt,TRUE,ExploAnt,TRUE,170,HitEffect1,VoQueenAntDeath,,,,VoQueenAntAlert,,
,,,,,,,,,,,,,,Plans: Dragon Tights,,,,,,,,,,,,,,,,,,,,,,,,,,,,,,,,,,,,,,,,,,
Hermit Manny,Boss_Default,,Armored,,,,TRUE,,Mutants,16,16,Hermit Slammer,,Plans: Stealth Pants,,Massive Plank,,Mutant,,Sleep,,NPC Mutant skin4,,,,,,NPC Mutant Pants 2,,NPC Mutant Shoes 2,,,,,,4000,10000,6000,10000,1000,2000,50,70,DeathEffect1,TRUE,ExploMan,TRUE,140,HitEffect1,VoMutantDeath,,,,VoMutantAttack,,
,,,,,,,,,,,,Hermit Blow,,Plans: Dragon Vest,,,,,,,,,,,,,,,,,,,,,,,,,,,,,,,,,,,,,,,,,,
,,,,,,,,,,,,Rage Explosion,,,,,,,,,,,,,,,,,,,,,,,,,,,,,,,,,,,,,,,,,,,,
Jimba,Medium_HighDamage_Escort,,,,,,,TRUE,Resistance,1,30,Grenade,,,,Basic 20G Shotgun,,Tank,,,Male_Hair_2,Skin1,Male_Face1,,,,Good Brown Leather Jacket,Regular Stonewashed,,NPC Male Mad Dogs Shoes 01,,,,500,1100,4000,10000,3000,6000,1000,2000,50,75,DeathEffect1,,,TRUE,100,HitEffect1,,,,,,,
Raider Slavemaster,Boss_Tier3,,Armored,Raider Tech,,,TRUE,,Raiders,1,30,Push,,Plans: Great Sash,,,Slavehound,NPC_Slasher,,,,NPC Desert Hooligan skin2,,,,,,,,,,,,,,,,,,,,,,Decapitation,,,,130,HitEffect1,,,,,,,
,,,,,,,,,,,,Slammer,,Plans: Fine Sash,,,,,,,,,,,,,,,,,,,,,,,,,,,,,,,,,,,,,,,,,,
,,,,,,,,,,,,Lash,,Plans: Boosted Protector,,,,,,,,,,,,,,,,,,,,,,,,,,,,,,,,,,,,,,,,,,
,,,,,,,,,,,,,,Plans: Greater Protector,,,,,,,,,,,,,,,,,,,,,,,,,,,,,,,,,,,,,,,,,,
,,,,,,,,,,,,,,Plans: Greater Tactical Gloves,,,,,,,,,,,,,,,,,,,,,,,,,,,,,,,,,,,,,,,,,,
,,,,,,,,,,,,,,Plans: Exquisite Wrap,,,,,,,,,,,,,,,,,,,,,,,,,,,,,,,,,,,,,,,,,,
,,,,,,,,,,,,,,Plans: Buddha Guard,,,,,,,,,,,,,,,,,,,,,,,,,,,,,,,,,,,,,,,,,,
,,,,,,,,,,,,,,Plans: Blood Owl [Prolonger],,,,,,,,,,,,,,,,,,,,,,,,,,,,,,,,,,,,,,,,,,
Slavehound,Elite_Medium_HighDamage,,Armored,,,,TRUE,,Raiders,1,30,Push,,,,UnarmedDog,,NPC_Dog,,,,Dog 2,,,,,,,,,,,,,,,,,,,,,,DeathEffect1,,,,115,HitEffect1,,,,,,,
Mr Slasher,Big_HighDamage,,Armored,,,,TRUE,,Hooligans,1,30,,,,,,,NPC_Slasher,,,Male_Hair_1_blonde,Skin3,Male_Face1,,,,NPC MALE Hooligan Jacket 02,NPC MALE Hooligans Pants 03,,NPC Male Hooligans Shoes 01,,,,,,4000,10000,6000,6000,1000,2000,70,100,DeathEffect1,,ExploMan,TRUE,,HitEffect1,,,,,,,
Hired Guns Tank,Medium_HighDamage,,Armored,,,,TRUE,,Hired Guns,15,30,,,,,Regular Minigun,,NPC_Robotank,,,,Robotank2,,,,,,,,,,,,800,1200,2000,4000,6000,6000,1000,2000,80,80,ExploRobot,TRUE,ExploRobot,TRUE,100,,VoBossDeathMechanical,,,,,,
Security Recruit,Small_HighDamage,,Unarmored,,,,TRUE,,Labycore,1,30,,,,,"Labytech Pistol, LBTP-03",,NPC_M_Antiriot_Cop,,,,Labycorp_AntiRiot_Suit,,,,,,,,,,,,450,1100,4000,10000,6000,6000,1000,2000,70,75,DeathEffect1,,,TRUE,105,HitEffect1,,,,,,,
Riot Trooper,Medium_HighDamage,,Armored,,,,TRUE,,Labycore,1,30,Grenade,,,,NPC_Police Baton,,NPC_M_Antiriot_Cop,,,,Labycorp_AntiRiot_Suit,,,,,,,,,,,,,,1100,4000,10000,3000,6000,1000,75,75,DeathEffect1,,ExploMan,TRUE,,HitEffect1,,,,,,,
Fire ant,Elite_Small_LowDamage,,Armored,,,,TRUE,,Ants,1,30,,,,,UnarmedAnt,Fire ant,NPC_Ant,,,,NPC Ant skin 2,,,,,,,,,,,,300,1100,4000,10000,3000,6000,1000,2000,70,75,DeathEffect1,,ExploAnt,TRUE,50,HitEffect1,VoGiantAntDeath,,,,VoGiantAntAlert,,
Cave Dragon,Big_HighDamage,,Unarmored,,,,TRUE,,Neutral,1,30,Lizard Acid,,,,,,NPC_Lizard,,,,NPC Lizard skin1,,,,,,,,,,,,500,1200,4000,10000,3000,6000,1000,2000,50,75,DeathEffect1,,ExploAnt,TRUE,110,HitEffect1,,,,,,,
,,,,,,,,,,,,Lizard 360,,,,,,,,,,,,,,,,,,,,,,,,,,,,,,,,,,,,,,,,,,,,
Mosquitobot,Small_HighDamage,,Mechanical,,,,TRUE,,Labycore,1,30,Mosquitobot Sonic Burst,,,,Warehousebot_Minigun,,NPC_Mosquito_Bot,,,,NPC Mosquitobot skin1,,,,,,,,,,,,500,750,4000,10000,6000,8000,1000,2000,50,75,,,,,,HitEffect1,,,,,,,
Plant Supervisor,Elite_Medium_LowDamage,,Unarmored,,,,TRUE,,Labycore,1,30,Molotov Cocktail,,,,Average Monkey Wrench,,Tank,,,Male_Hair_10_black,Skin1,Male_Face3,,,Awesome Specs,Labycore Worker's Jacket,Acute Black Jeans,Average Black Gloves,Average Black Shoes,,,,,,1100,4000,10000,3000,6000,1000,75,75,DeathEffect1,,,TRUE,110,HitEffect1,,,,,,,
,,,,,,,,,,,,Twirler,,,,,,,,,,,,,,,,,,,,,,,,,,,,,,,,,,,,,,,,,,,,
,,,,,,,,,,,,Slammer,,,,,,,,,,,,,,,,,,,,,,,,,,,,,,,,,,,,,,,,,,,,
Supervisor,Medium_LowDamage,,Unarmored,,,,TRUE,,Labycore,1,30,Jaw Blow,,,,Credible Monkey Wrench,,Tank,,,Male_Hair_2_black,Skin2,Male_Face6,,,,Labycore Worker's Jacket,Cool Black Trousers,,Acute Boots,,,,,,400,10000,3000,6000,1000,2000,70,75,DeathEffect1,,,TRUE,105,HitEffect1,,,,,,,
Ron,Big_HighDamage,,Unarmored,,,,,,Refugee,1,30,,,,,,,Rogue,,,Male_Hair_8_black,Skin2,Male_Face11,Lemmy_Sideburners,,Hannibal's Cybernetic Eye,Dawnbreak T-Shirt,Acute Black Trousers,,,,,,500,1100,4000,10000,3000,6000,1000,2000,50,75,,,,,,,,,,,,,
Tim,Big_HighDamage,,Unarmored,,,,,,Refugee,1,30,,,,,,,Tank,,,Male_Hair_14,Skin1,Male_Face4,Long_Mustache,,,Dawnbreak T-Shirt,Acute Black Trousers,,,,,,500,1100,4000,10000,3000,6000,1000,2000,50,75,,,,,,,,,,,,,
Dave,Big_HighDamage,,Unarmored,,,,,,Refugee,1,30,,,,,,,Rogue,,,Male_Hair_3_black,Skin6,Male_Face1,Lemmy_Sideburners,,,Dawnbreak T-Shirt,Acute Black Trousers,,,,Acute Necklace,,500,1100,4000,10000,3000,6000,1000,2000,50,75,,,,,,,,,,,,,
Beach Dragon,Small_LowDamage,,Unarmored,,,,TRUE,,Lizard,1,30,,,,,UnarmedLizard,,NPC_Lizard,,,,NPC Lizard skin1,,,,,,,,,,,,,,4000,10000,,,,,50,75,DeathEffect1,,ExploMan,TRUE,70,HitEffect1,VoLizardDeath,VoLizardDamage,,,VoLizardAttack,,
Pink,Medium_HighDamage_Escort,,Unarmored,,,,,,Refugee,1,30,Wushu Hit,,,,,,CyberGirl,,,Female_Hair_5_blonde,female_skin2,Female_Face2,,,Everyday Shutter Shades,Dawnbreak Shirt,Dawnbreak Jeans,,Basic Sneakers,,,,500,750,4000,10000,3000,6000,1000,2000,50,75,DeathEffect1,,ExploMan,TRUE,,HitEffect1,,,,,,,
Schafer,Big_LowDamage,,Unarmored,,,,,,Labycore,1,30,,,,,,,Tank,,,Male_Hair_5,Skin1,Male_Face3,,,,Acute Suit Jacket,Acute Black Trousers,,NPC Male Mad Dogs Shoes 02,,,,,,4000,10000,3000,6000,1000,2000,50,75,DeathEffect1,,ExploMan,TRUE,,HitEffect1,,,,,,,
Gilbert,Small_HighDamage,,Unarmored,,,,,,Labycore,1,30,,,,,,,Rogue,,,Male_Hair_6_blonde,Skin4,Male_Face1,,,Acute Aviator Shades,Acute Suit Jacket,Acute Black Trousers,,NPC Male Mad Dogs Shoes 02,,,,,,4000,10000,3000,6000,1000,2000,50,75,DeathEffect1,,ExploMan,TRUE,,HitEffect1,,,,,,,
Grossman,Medium_HighDamage,,Unarmored,,,,,,Labycore,1,30,,,,,,,Tank,,,Male_Hair_8,Skin6,Male_Face5,,,,Acute Suit Jacket,Hustla's Dark Trousers,,NPC Male Mad Dogs Shoes 02,,,,,,4000,10000,3000,6000,1000,2000,50,75,DeathEffect1,,ExploMan,TRUE,,HitEffect1,,,,,,,
Romero,Elite_Big_HighDamage,,Armored,,,,,,Refugee,1,30,,,,,Assault Rifle,,Rogue,,,Male_Hair_3,Skin3,Male_Face11,,,,Dawnbreak T-Shirt,Acute Black Trousers,,,,,,500,1100,4000,10000,3000,6000,1000,2000,50,75,,,,,,,,,,,,,
Mosquitobot_Beta,Small_HighDamage,,Mechanical,,,,TRUE,,Labycore,,,,,,,Warehousebot_Minigun,,NPC_Mosquito_Bot,,,,NPC Mosquitobot skin1,,,,,,,,,,,,500,750,4000,10000,3000,6000,1000,2000,50,75,,,,,,HitEffect1,,,,,,,
Steve the Custodian,Mini_Boss_2man,,Armored,,,,TRUE,,Labycore,1,30,Poison Grenade,,,,Shovel,,Fatman,,,Male_Hair_6,Skin1,Male_Face3,Stub2,Common Cap,Radical Pilot Goggles,Labycore Worker's Orange Jacket,Acute Black Jeans,,Average Black Shoes,,,,,,,,,,,,50,75,Decapitation,,Decapitation,TRUE,,HitEffect1,,,,,,,
Labycore Engineer,Elite_Small_LowDamage,,Unarmored,,,,TRUE,,Labycore,1,30,,,,,"Labytech Pistol, LBTP-05",Spiderbot,Rogue,,,Male_Hair_10_blonde,Skin1,Male_Face2,,,Underhouse Specs,Healing Scrubs of Epic,Acute Black Jeans,,Average Black Shoes,,,,,,4000,10000,3000,6000,1000,2000,70,75,DeathEffect1,,ExploMan,TRUE,,HitEffect1,,,,,,,
Labycore Technician,Elite_Small_HighDamage,,Unarmored,,,,TRUE,,Labycore,1,30,Slammer,,,,Hi-Tech Scythe XX-30,,Rogue,,,Male_Hair_14_blonde,Skin1,Male_Face2,,,Battle Visors,Healing Scrubs of Epic,Excellent White Pants,,Average Black Shoes,,,,,,4000,10000,3000,6000,1000,2000,70,75,DeathEffect1,,ExploMan,TRUE,,HitEffect1,,,,,,,
,,,,,,,,,,,,Grenade,,,,,,,,,,,,,,,,,,,,,,,,,,,,,,,,,,,,,,,,,,,,
Labycore Mechanic,Elite_Small_HighDamage,,Unarmored,,,,TRUE,,Labycore,1,30,Wounding Shot,,,,Madcap's Next Gen Assault Rifle,,RogueFemale,,,Female_Hair_2_blonde,female_skin1,Female_Face1,,,Targeting Monocle,Healing Scrubs of Epic,Excellent White Pants,,Average Black Shoes,,,,,,4000,10000,3000,6000,1000,2000,70,75,DeathEffect1,,ExploMan,TRUE,,HitEffect1,,,,,,,
,,,,,,,,,,,,Stun Grenade,,,,,,,,,,,,,,,,,,,,,,,,,,,,,,,,,,,,,,,,,,,,
Doctor Catherine,Boss_Default,,Unarmored,,,,TRUE,,Labycore,1,30,Catherine Headshot,,Plans: Worthy Protective Gloves,,Next-Gen Sniper: LTDC-30,,RogueFemale,,,Female_Hair_3_blonde,female_skin1,Female_Face2,,,Radical Pilot Goggles,Awesome White Custom Jacket,Acute Black Trousers,Acute Black Gloves,Average Black Shoes,,,,,,4000,10000,3000,6000,1000,2000,70,75,Decapitation,,Decapitation,TRUE,120,HitEffect1,,,,,,,
,,,,,,,,,,,,Catherine Poison,,Plans: Good Visors,,,,,,,,,,,,,,,,,,,,,,,,,,,,,,,,,,,,,,,,,,
,,,,,,,,,,,,,,Plans: Singular Custom Jacket,,,,,,,,,,,,,,,,,,,,,,,,,,,,,,,,,,,,,,,,,,
,,,,,,,,,,,,,,Plans: Singular Protector,,,,,,,,,,,,,,,,,,,,,,,,,,,,,,,,,,,,,,,,,,
,,,,,,,,,,,,,,Plans: Sun Owl [Prolonger],,,,,,,,,,,,,,,,,,,,,,,,,,,,,,,,,,,,,,,,,,
,,,,,,,,,,,,,,Plans: Golfing Nuclear-powered Ensnarerazer,,,,,,,,,,,,,,,,,,,,,,,,,,,,,,,,,,,,,,,,,,
,,,,,,,,,,,,,,Plans: Heavy-metal Ultrasonic Prowler-o-mat,,,,,,,,,,,,,,,,,,,,,,,,,,,,,,,,,,,,,,,,,,
Dr. Bauhoff,Boss_Default,,Armored,,,,TRUE,,Labycore,1,30,Slammer,,Plans: Street Wise Protective Gloves,,Crazy Jigsaw,,Rogue,,,Male_Hair_9_black,Skin2,Male_Face4,NPC Desert Hooligan mask1,,Hannibal's Cybernetic Eye,Acute Protective Vest,Special Armored Pants,Awesome Biker Gloves,Acute Black Boots,,,,,,4000,10000,3000,6000,1000,2000,70,75,Decapitation,,Decapitation,TRUE,120,HitEffect1,,,,,,,
,,,,,,,,,,,,Stun Grenade,,Plans: Special Thick Pants,,,,,,,,,,,,,,,,,,,,,,,,,,,,,,,,,,,,,,,,,,
,,,,,,,,,,,,,,Plans: Boosted Visors,,,,,,,,,,,,,,,,,,,,,,,,,,,,,,,,,,,,,,,,,,
,,,,,,,,,,,,,,Plans: Lightbringer [Area-Healer],,,,,,,,,,,,,,,,,,,,,,,,,,,,,,,,,,,,,,,,,,
,,,,,,,,,,,,,,Plans: M-Base,,,,,,,,,,,,,,,,,,,,,,,,,,,,,,,,,,,,,,,,,,
,,,,,,,,,,,,,,Plans: Bandido,,,,,,,,,,,,,,,,,,,,,,,,,,,,,,,,,,,,,,,,,,
,,,,,,,,,,,,,,Plans: Black-market Skeletal Boots,,,,,,,,,,,,,,,,,,,,,,,,,,,,,,,,,,,,,,,,,,
,,,,,,,,,,,,,,Plans: Chainblade [Rampage],,,,,,,,,,,,,,,,,,,,,,,,,,,,,,,,,,,,,,,,,,
Security Captain,Boss_Tier3,,Armored,,,,TRUE,,Labycore,1,30,Slammer,,Plans: Marvelous Sash,,Hot Fizz,,NPC_M_Antiriot_Cop_Agressive,,,,Labycorp_AntiRiot_Captain_Suit,,,,,,,,,,,,,,4000,10000,3000,6000,1000,2000,80,100,Decapitation,,Decapitation,TRUE,125,HitEffect1,,,,,,,
,,,,,,,,,,,,Security Headshot,,Plans: Marvelous Protective Gloves,,,,,,,,,,,,,,,,,,,,,,,,,,,,,,,,,,,,,,,,,,
,,,,,,,,,,,,Captain Poison,,Plans: Deadly Shout [Wasp],,,,,,,,,,,,,,,,,,,,,,,,,,,,,,,,,,,,,,,,,,
,,,,,,,,,,,,,,Plans: Acid Jazz,,,,,,,,,,,,,,,,,,,,,,,,,,,,,,,,,,,,,,,,,,
,,,,,,,,,,,,,,Plans: Sensi,,,,,,,,,,,,,,,,,,,,,,,,,,,,,,,,,,,,,,,,,,
,,,,,,,,,,,,,,Plans: Avatar Barrier,,,,,,,,,,,,,,,,,,,,,,,,,,,,,,,,,,,,,,,,,,
,,,,,,,,,,,,,,Plans: High-speed Scanning Gloves,,,,,,,,,,,,,,,,,,,,,,,,,,,,,,,,,,,,,,,,,,
,,,,,,,,,,,,,,Plans: Skullmaster [Bulwark],,,,,,,,,,,,,,,,,,,,,,,,,,,,,,,,,,,,,,,,,,
Labycore VIP,Elite_Small_LowDamage,,Unarmored,,,,TRUE,,Labycore,1,30,,,,,"Labytech Pistol, LBTP-02",,Rogue,,,Male_Hair_10_black,Skin1,Male_Face5,,,Awesome Specs,Great Suit Jacket,Excellent White Pants,,Average Black Shoes,,,,,,4000,10000,3000,6000,1000,2000,70,75,DeathEffect1,,ExploMan,TRUE,105,HitEffect1,,,,,,,
Labycore Android,Elite_Big_HighDamage,,Mechanical,,,,TRUE,,Labycore,1,30,Wushu Stun,,,,"Labytech Pistol, LBTP-05",,CyberGirl,,,,Android01_Skin,,,,Hannibal's Cybernetic Eye,Singular White Hoodie,First-Class White Custom Pants,,Outstanding White Sneakers,,,,,,4000,10000,3000,6000,1000,2000,70,75,DeathEffect1,,ExploMan,TRUE,,HitEffect1,,,,,,,
,,,,,,,,,,,,Wushu Push,,,,,,,,,,,,,,,,,,,,,,,,,,,,,,,,,,,,,,,,,,,,
Bomb Bot,Suicide_Mob,,Mechanical,,,,TRUE,,Labycore,1,30,Bombot Stun,,,,,,NPC_Warehousebot,,,,Warehousebot_white,,,,,,,,,,,,750,800,4000,10000,3000,6000,1000,2000,70,75,ExploRobotSmall,,ExploRobotSmall,TRUE,90,HitEffect1,,,,,,,
Resistance Fighter,Elite_Small_HighDamage,,Armored,,,,,TRUE,Resistance,1,30,,,,,Madcap's Next Gen Assault Rifle,,Rogue,,,Don's Toupee_black,Skin1,Male_Face7,Stub2,Superfine Helmet,Targeting Monocle,Dawnbreak Shirt,Acute Camo Pants,Awesome Biker Gloves,Acute Black Boots,,Credible Scarf,,,,4000,10000,3000,6000,1000,2000,70,70,DeathEffect1,,ExploMan,TRUE,90,HitEffect1,,,,,,,
Resistance Trooper,Elite_Small_HighDamage,,Unarmored,,,,,TRUE,Resistance,1,30,,,,,Basic SMG,,Rogue,,,Don's Toupee_black,Skin1,Male_Face4,Stub2,,,Dawnbreak T-Shirt,Acute Camo Pants,Acute Black Gloves,Acute Black Boots,,Credible Scarf,,,,4000,10000,3000,6000,1000,2000,70,70,DeathEffect1,,ExploMan,TRUE,,HitEffect1,,,,,,,
Berserk Spiderbot,Elite_Medium_HighDamage,,Mechanical,,,,TRUE,,Labycore,1,30,Overrun by Spider,,,,Marvelous Minigun,,NPC_Spiderbot,,,,Spiderbot_red,,,,,,,,,,,,,,4000,10000,3000,6000,1000,2000,70,70,ExploRobot,,ExploRobot,TRUE,,HitEffect1,,,,,,,
Experimental Sentrybot,Elite_Big_HighDamage,,Mechanical,,,,TRUE,,Labycore,1,30,SentryBot Slammer,,,,Extreme Minigun,,NPC_Sentrybot,,,,Sentrybot_white,,,,,,,,,,,,900,1100,4000,10000,3000,6000,1000,2000,70,70,ExploRobot,,ExploRobot,TRUE,80,HitEffect1,,,,,,,
Labycore Receptionist,Big_HighDamage,,Unarmored,,,,,,Labycore,1,30,,,,,,,RogueFemale,,,Female_Hair_3_black,female_skin1,Female_Face1,,,Targeting Monocle,Great Suit Jacket,NPC GENERIC Black Pants,,Average Black Shoes,,,,,,,,,,,,,70,DeathEffect1,,ExploMan,TRUE,100,HitEffect1,,,,,,,
Howlin' Wolfe,Elite_Big_HighDamage,,Unarmored,,,,,,Resistance,1,30,,,,,Awesome 7.62mm Gas-Operated,,RogueFemale,,,Female_Hair_10_blonde,female_skin1,Female_Face2,,,Cool Aviator Shades,Dawnbreak Shirt,Boosted Camo Pants,Average Black Gloves,Acute Black Boots,,Credible Scarf,,,,,,,,,,,70,DeathEffect1,,ExploMan,TRUE,100,HitEffect1,,,,,,,
Dawnbreak Location Guide,Small_LowDamage,,Mechanical,,,,,,Dawnbreak City,,,,,,,,,RogueFemale,,,Hologram_dancer_hair,Hologram_dancer,Hologram_dancer_face,,,,Acute Suit Jacket,,,Average Black Shoes,,,,,,,,,,,,,,,,,,,,,,,,,,
Refugee Matt,Small_LowDamage,,Unarmored,,,,,,Dead,1,30,,,,,,,Junkie_Prisoner,,,Male_Hair_1,Skin1,Male_Face2,,,,Dawnbreak Shirt,Dawnbreak Trousers,,Dawnbreak Shoes,,,TRUE,,,,,,,,,,75,DeathEffect1,,ExploMan,TRUE,100,HitEffect1,,,,,,,
Refugee Roman,Small_LowDamage,,Unarmored,,,,,,Dead,1,30,,,,,,,Junkie_Prisoner,,,Male_Hair_2,Skin3,Male_Face3,,,,Dawnbreak Shirt,Dawnbreak Trousers,,Dawnbreak Shoes,,,TRUE,,,,,,,,,,75,DeathEffect1,,ExploMan,TRUE,100,HitEffect1,,,,,,,
Refugee Tony,Small_LowDamage,,Unarmored,,,,,,Junkie,1,30,,,,,,,Junkie,,,Male_Hair_6_blonde,Skin6,Male_Face1,Fancy_Mustache,,,Dawnbreak Shirt,Dawnbreak Trousers,,NPC Male Mad Dogs Shoes 01,,,,250,250,4000,10000,3000,6000,1000,2000,50,75,DeathEffect1,,ExploMan,TRUE,100,HitEffect1,,,,,,,
Refugee Stan,Small_LowDamage,,Unarmored,,,,,,Junkie,1,30,,,,,,,Junkie,,,,Skin6,Male_Face1,Stub3,Acute Hat,,Dawnbreak Shirt,Dawnbreak Trousers,,NPC Male Mad Dogs Shoes 01,,,,250,250,4000,10000,3000,6000,1000,2000,50,75,DeathEffect1,,ExploMan,TRUE,100,HitEffect1,,,,,,,
Refugee Homer,Small_LowDamage,,Unarmored,,,,,,Junkie,1,30,,,,,,,Junkie,,,,Skin6,Male_Face1,,Acute Cap,,Dawnbreak Shirt,Dawnbreak Jeans,,Acute Black Boots,,,,250,250,4000,10000,3000,6000,1000,2000,50,75,DeathEffect1,,ExploMan,TRUE,100,HitEffect1,,,,,,,
Dragon Hatchling,Small_LowDamage,,Unarmored,,,,TRUE,,Lizard,1,30,Lizard Acid,,,,UnarmedLizard,,NPC_Lizard,,,,NPC Lizard skin1,,,,,,,,,,,,500,1200,4000,10000,3000,6000,1000,2000,50,75,DeathEffect1,,ExploAnt,TRUE,45,HitEffect1,VoLizardDeath,VoLizardDamage,,,VoLizardAttack,,
Bernard,Big_HighDamage,,Unarmored,,,,,,Refugee,1,30,,,,,"Labytech Pistol, LBTP-02",,DualPistol,,,Male_Hair_1_black,Skin2,Male_Face11,Stub3,,Hannibal's Cybernetic Eye,Dawnbreak T-Shirt,Acute Black Trousers,,,,,,500,1100,4000,10000,3000,6000,1000,2000,50,75,,,,,,,,,,,,TRUE,
Hoagie,Big_HighDamage,,Unarmored,,,,,,Refugee,1,30,,,,,Labytech LK-12,,NPC_Dualmelee,,,Male_Hair_14,Skin1,Male_Face5,Thin_Mustache_red,,Goggles,Dawnbreak T-Shirt,Acute Black Trousers,Universal Black Gloves,,,,,500,1100,4000,10000,3000,6000,1000,2000,50,75,,,,,110,,,,,,,TRUE,
Laverne,Medium_HighDamage,,Unarmored,,,,,,Refugee,1,30,,,,,Next-Gen Sniper: LT-30,,ChubbyFemale,,,Female_Hair_1,female_skin1,Female_Face3,,,Battle Visors,Dawnbreak T-Shirt,Acute Black Trousers,,Basic Black Shoes,,,,500,1100,4000,10000,3000,6000,1000,2000,50,75,,,,,,,,,,,,,
Leia,Small_LowDamage,,Unarmored,,,,,,Refugee Girls,1,30,,,,,,,NPC_F_SleaveGirl,,,Female_Hair_9_black,female_skin3,Female_Face3,,,,Labycore Worker's Orange Jacket,,,Dawnbreak Sneakers,,,TRUE,,1200,4000,10000,6000,6000,1000,2000,70,100,,,,,100,,,,,,,,
Myla,Small_LowDamage,,Unarmored,,,,,,Refugee Girls,1,30,,,,,,,NPC_F_SleaveGirl,,,Female_Hair_4_blonde,female_skin2,Female_Face2,,,,Labycore Worker's Orange Jacket,,,Dawnbreak Sneakers,,,TRUE,,1200,4000,10000,6000,6000,1000,2000,70,100,,,,,100,,,,,,,,
Shea,Small_LowDamage,,Unarmored,,,,,,Refugee Girls,1,30,,,,,,,NPC_F_SleaveGirl,,,Female_Hair_3,female_skin2,Female_Face2,,,,Labycore Worker's Orange Jacket,,,Dawnbreak Sneakers,,,TRUE,,1200,4000,10000,6000,6000,1000,2000,70,100,,,,,100,,,,,,,,
Marta,Small_LowDamage,,Unarmored,,,,,,Refugee Girls,1,30,,,,,,,NPC_F_SleaveGirl,,,Female_Hair_6,female_skin2,Female_Face2,,,,Labycore Worker's Orange Jacket,,,Dawnbreak Sneakers,,,TRUE,,1200,4000,10000,6000,6000,1000,2000,70,100,,,,,100,,,,,,,,
Ellen,Small_LowDamage,,Unarmored,,,,,,Refugee Girls,1,30,,,,,,,NPC_F_SleaveGirl,,,Female_Hair_8_black,female_skin1,Female_Face1,,,,Labycore Worker's Orange Jacket,,,Dawnbreak Sneakers,,,TRUE,,1200,4000,10000,6000,6000,1000,2000,70,100,,,,,100,,,,,,,,
Tazerbot,Small_HighDamage,,Unarmored,,,,TRUE,,Labycore,1,30,Warehousebot ElectricBlast,,,,Warehousebot_Minigun,,NPC_Warehousebot,,,,Warehousebot_white,,,,,,,,,,,,450,750,4000,10000,6000,6000,1000,2000,70,100,,,ExploRobotSmall,,,,,,,,,,Warehousebot ShootElectric
,,,,,,,,,,,,Warehousebot ShootElectric,,,,,,,,,,,,,,,,,,,,,,,,,,,,,,,,,,,,,,,,,,,,
Resistance Informant,Big_HighDamage,,Unarmored,,,,,,Resistance,1,30,,,,,Assault Battle Rifle,,Rogue,,,Male_Hair_14,Skin1,Male_Face5,,,,Dawnbreak Shirt,Acute Camo Pants,,Acute Black Boots,,Acute Scarf,,,,,,,,,,,,DeathEffect1,,ExploMan,TRUE,95,,,,,,,,
Rob Crusoe,Big_HighDamage,,,,,,,,Refugee,1,30,,,,,,,Junkie_Sit,,,Male_Hair_2,Skin1,Male_Face11,Beard_Long,,,,,,,,,,,,,,,,,,,,,,,,,,,,,,,,
Saturday,Big_HighDamage,,,,,,,,Refugee,1,30,,,,,,,Rogue,,,Male_Hair_1_black,Skin6,Male_Face12,,,,,,,,,,,,,4000,10000,,,,,,,,,,,,,,,,,,,
Tom Thanks,Big_HighDamage,,,,,,,,Refugee,1,30,,,,,,,Junkie_Sit,,,Male_Hair_2,Skin5,Male_Face11,Stub3,,,Dawnbreak Shirt,Dawnbreak Jeans,,,,,,,,,,,,,,,,,,,,,,,,,,,,
Roland Chuck,Big_HighDamage,,,,,,,,Refugee,1,30,,,,,,,Junkie_Sit,,,Male_Hair_2,Skin1,Male_Face11,beard_red_full,,,,Dawnbreak Trousers,,,,,,,,,,,,,,,,,,,,,,,,,,,,
Head of Abyssos Research,Mini_Boss_Default,,Unarmored,,,,TRUE,,Labycore,1,30,,,,,"Labytech Pistol, LBTP-02",,Tank,,,Male_Hair_6_black,Skin2,Male_Face8,,,Goggles,Elegant White Sweater,Acute Black Trousers,,Cool Brown Shoes,,,,500,1100,4000,10000,6000,10000,1000,2000,,120,Decapitation,TRUE,Decapitation,TRUE,120,HitEffect1,VoBossDeathBigThug,,,,,,
Nolan West,Medium_HighDamage,,Unarmored,,,,,,Knocked down,1,30,,,,,,,TankKnockedout,,,,Skin5,Male_Face1,,,,Dawnbreak Shirt,Dawnbreak Jeans,,NPC MALE Prison Warder Shoes,,,TRUE,,,,,,,,,,,,,,,100,,,,,,,,
D.E.F.O.E. Model 1719,Elite_Big_HighDamage,,Mechanical,,,,,TRUE,Resistance,1,30,MechWarrior Rocket,,,,Weldingbot_Minigun,,NPC_Sentrybot,,,,Sentrybot_Resistance,,,,,,,,,,,,900,,,,,,,,,,ExploRobot,TRUE,ExploRobot,,115,,,,,,,,
Levine,Elite_Big_HighDamage,,Armored,,,,,,Refugee,1,30,,,,,Hi-Tech Scythe XX-30,,Tank,,,Male_Hair_3,Skin3,Male_Face11,,,,Dawnbreak T-Shirt,Acute Black Trousers,,,,,,500,1100,4000,10000,3000,6000,1000,2000,50,75,,,,,,,,,,,,,
Club Flesh Bodyguard,Elite_Big_LowDamage,,Unarmored,,,,TRUE,,Club Flesh,1,30,,,,,Fine Sword,,Chef,,,Male_Hair_3_black,Skin3,Male_Face3,,,,Awesome White Custom Jacket,High-Power White Pants,,NPC Male Mad Dogs Shoes 02,,,,500,1100,4000,10000,6000,6000,1000,2000,70,100,DeathEffect1,,ExploMan,TRUE,,HitEffect1,,,,,,TRUE,
Club Flesh VIP,Mini_Boss_Default,,Unarmored,,,,TRUE,,Club Flesh,1,30,Disembowel,,,,Labytech LK-30,,NPC_Dualmelee,,,Male_Hair_3_blonde,Skin1,Male_Face3,,,,Awesome White Custom Jacket,Acute Black Trousers,,NPC Male Mad Dogs Shoes 02,,,,500,,4000,10000,6000,6000,1000,2000,70,100,DeathEffect1,,ExploMan,TRUE,120,HitEffect1,,,,,,TRUE,
Bob 'Six Shooter' Katt,Mini_Boss_Default,,Armored,,,,TRUE,,Eastern Queens,1,30,John Woo Attack,,,,Superfine Six-shooter,,DualPistol,,,Male_Hair_9_blonde,Skin1,Male_Face6,Chin_Beard_blonde,,,First-Class Dark Trench Coat,Boosted Brown Jeans,Acute Black Gloves,Acute Boots,NPC Desert Hooligans belt,,,,,,,,,,,70,75,Decapitation,TRUE,Decapitation,TRUE,115,HitEffect1,VoBossDeathBigThug,,,,,TRUE,
Charlotte,Mini_Boss_Default,,Unarmored,,,,TRUE,,Eastern Queens,1,30,Headshot,,,,Next-Gen Sniper: LTDC-30,,RogueFemale,,,Female_Hair_4_black,female_skin1,Female_Face2,,,,Elegant Suit Jacket,Acute Black Trousers,,Average Black Shoes,,,,500,1100,4000,10000,6000,10000,1000,2000,,120,Decapitation,TRUE,Decapitation,TRUE,120,HitEffect1,VoBossDeathBigWoman,,,,,,
,,,,,,,,,,,,Wounding Shot,,,,,,,,,,,,,,,,,,,,,,,,,,,,,,,,,,,,,,,,,,,,
Jimmy 'The Cage',Mini_Boss_Default,,Unarmored,,,,TRUE,,Club Flesh,1,30,,,,,,,Rogue,,,Male_Hair_5_blonde,Skin1,Male_Face3,,,Acute Aviator Shades,,Acute Black Trousers,Average Black Gloves,NPC Male Mad Dogs Shoes 02,Poisonous Belt,,,,,4000,10000,6000,6000,1000,2000,70,100,DeathEffect1,,ExploMan,TRUE,115,HitEffect1,,,,,,TRUE,
Leather,Mini_Boss_Default,,Unarmored,,,,TRUE,,Eastern Queens,1,30,Wushu Push,,,,Battered Knife,,CyberGirl,,Sleep,Female_Hair_5_black,female_skin3,Female_Face2,,Gimp's Mask,,NPC FEMALE Valkyeries Jacket 01,NPC FEMALE Valkyries Pants 02,,Acute Black Boots,,,,,,4000,10000,,6000,1000,2000,70,80,DeathEffect1,,ExploMan,TRUE,,HitEffect1,,,,,,,
,,,,,,,,,,,,Wushu Stun,,,,,,,,,,,,,,,,,,,,,,,,,,,,,,,,,,,,,,,,,,,,
,,,,,,,,,,,,Somersault,,,,,,,,,,,,,,,,,,,,,,,,,,,,,,,,,,,,,,,,,,,,
Lace,Mini_Boss_Default,,Unarmored,,,,TRUE,,Eastern Queens,1,30,Wushu Push,,,,Battered Knife,,CyberGirl,,Sleep,Female_Hair_5_black,female_skin2,Female_Face2,,Gimp's Mask,,NPC FEMALE Valkyeries Jacket 02,NPC FEMALE Valkyries Pants 01,,Acute Black Boots,,,,,,4000,10000,,6000,1000,2000,70,80,DeathEffect1,,ExploMan,TRUE,,HitEffect1,,,,,,,
,,,,,,,,,,,,Wushu Stun,,,,,,,,,,,,,,,,,,,,,,,,,,,,,,,,,,,,,,,,,,,,
,,,,,,,,,,,,Somersault,,,,,,,,,,,,,,,,,,,,,,,,,,,,,,,,,,,,,,,,,,,,
Dancer,Medium_HighDamage,,Unarmored,,,,,,Eastern Queens,1,30,,,,,,,Dance_Girl,,,Female_Hair_5_blonde,female_skin1,Female_Face3,,,,NPC FEMALE Valkyeries Jacket 01,,,,,,TRUE,,,4000,10000,,,,,,,,,,,100,,,,,,,,
Pole Dancer,Medium_HighDamage,,,,,,,,Eastern Queens,1,30,,,,,DancePole,,Pole_Dance_Girl,,,Female_Hair_4_black,female_skin1,Female_Face1,,,,NPC FEMALE Eastern Queen Shirt 01,,,,,,TRUE,,,4000,10000,,,,,,,,,,,,,,,,,,,
Employee,Medium_HighDamage,,Unarmored,,,,,,Eastern Queens,1,30,,,,,,,RogueFemale,,,Female_Hair_4_blonde,female_skin1,Female_Face2,,,,NPC FEMALE Eastern Queen Shirt 02,Average Suit Trousers,,Average Black Shoes,,,,,,4000,10000,,,,,,,,,,,,,,,,,,,
Charlotte's Devil,Elite_Medium_HighDamage,,Armored,,,,TRUE,,Eastern Queens,1,30,Somersault,,,,Elegant Sword,,CyberGirl,,Sleep,Female_Hair_4,female_skin1,Female_Face1,,,,High-Power Rider Jacket,High-Power Rider Pants,,Acute Black Boots,,,,,,,,3000,6000,1000,2000,,120,DeathEffect1,,ExploMan,TRUE,110,HitEffect1,,,,,,,
,,,,,,,,,,,,Wushu Push,,,,,,,,,,,,,,,,,,,,,,,,,,,,,,,,,,,,,,,,,,,,
,,,,,,,,,,,,Wushu Hit,,,,,,,,,,,,,,,,,,,,,,,,,,,,,,,,,,,,,,,,,,,,
Eastern Queen Guard,Elite_Big_LowDamage,,Unarmored,,,,TRUE,,Eastern Queens,1,30,,,,,Elegant Sword,,RogueFemale,,,Female_Hair_4_black,female_skin1,Female_Face2,,Usual Police Cap,,NPC FEMALE Eastern Queen Shirt 01,NPC FEMALE Eastern Queen Pants,,NPC Female Eastern Queens Shoes 01,NPC Belt,,,500,1100,4000,10000,6000,6000,1000,2000,70,75,DeathEffect1,,ExploMan,TRUE,110,HitEffect1,,,,,,,
Eastern Queen Nurse,Elite_Medium_LowDamage,,Unarmored,,,,TRUE,,Eastern Queens,1,30,Powerful Healing Shot,,,,Okayish 20G Shotgun of Hurt,,RogueFemale,,,Female_Hair_1,female_skin3,Female_Face1,,Everyday Nurse Hat,,Healing Scrubs of Epic,NPC FEMALE Eastern Queen Pants,,NPC Female Eastern Queens Shoes 02,,,,500,1100,4000,10000,4000,8000,1000,2000,70,75,DeathEffect1,,ExploMan,TRUE,,HitEffect1,,,,,,,
Eastern Queen Elite,Elite_Big_HighDamage,,Armored,,,,TRUE,,Eastern Queens,1,30,Stun Grenade,,,,Brutal Minigun,,ChubbyFemale,,,Female_Hair_5_blonde,female_skin2,Female_Face1,,,Targeting Monocle,NPC FEMALE Eastern Queen Shirt 01,NPC FEMALE Eastern Queen Pants 02,,NPC Female Eastern Queens Shoes 01,,,,500,1100,4000,10000,4000,8000,1000,2000,70,75,DeathEffect1,,ExploMan,TRUE,115,HitEffect1,,,,,,,
Suicidal Slave,Suicide_Mob,,Unarmored,,,,TRUE,,Eastern Queens,1,30,Kamikaze Heal,,,,,,Junkie,,,Don's Toupee_black,Skin1,Male_Face4,Stub1,,,,Acute Branded Jeans,,,,,,300,400,4000,10000,3000,6000,,0,70,75,,,ExploPig,TRUE,100,,,,,,,,
Infected Junkie,Medium_LowDamage,,Unarmored,,,,TRUE,,Mutants,1,30,,,,,,,Junkie,,,,NPC Mutant skin1,,,,,,Acute Camo Pants,,,,,,300,500,4000,10000,3000,6000,,0,70,75,,,ExploAnt,TRUE,100,,,,,,VoMutantAttack,,
Slave handler,Elite_Big_HighDamage,,Unarmored,,,,TRUE,,Eastern Queens,1,30,Lash,,,,NPC_Whip,,NPC_Slasher,,,Male_Hair_3_black,Skin3,Male_Face3,,Gimp's Mask,,,Acute Branded Jeans,,Acute Boots,,,,,,4000,10000,6000,6000,1000,2000,70,100,DeathEffect1,,ExploMan,TRUE,,HitEffect1,,,,,,TRUE,
,,,,,,,,,,,,Push,,,,,,,,,,,,,,,,,,,,,,,,,,,,,,,,,,,,,,,,,,,,
Drunken Patron,Elite_Small_HighDamage,,Unarmored,,,,TRUE,,Eastern Queens,1,30,,,,,Assault 12G Sawed-off,,Rogue,,,Male_Hair_10_blonde,Skin1,Male_Face5,,,,Elegant Suit Jacket,Acute Black Trousers,,Average Black Shoes,,,,,,4000,10000,3000,6000,1000,2000,70,75,DeathEffect1,,ExploMan,TRUE,110,HitEffect1,,,,,,,
Sugarcube,Mini_Boss_Default,,Unarmored,,,,TRUE,,Eastern Queens,1,30,Somersault,,,,Elegant Sword,,CyberGirl,,Sleep,Female_Hair_5_black,female_skin1,Female_Face1,,Awesome Cowboy Hat,,,NPC FEMALE Eastern Queen Pants,,Acute Black Boots,,Boosted Scarf,,,,4000,10000,,6000,1000,2000,70,80,DeathEffect1,,ExploMan,TRUE,,HitEffect1,,,,,,,
Nightclub Bouncer,Mini_Boss_Default,,Unarmored,,,,TRUE,,Eastern Queens,1,30,Hermit Slammer,,,,NPC_Police Baton,,Tank,,,Male_Hair_10_blonde,Skin1,Male_Face3,Stub2,,Stealth Fantom Goggles,Cool Suit Jacket,Acute Black Trousers,,Acute Dark Sneakers,,,,,,4000,10000,6000,6000,1000,2000,70,100,DeathEffect1,,ExploMan,TRUE,120,HitEffect1,,,,,,TRUE,
,,,,,,,,,,,,Armor Breaker,,,,,,,,,,,,,,,,,,,,,,,,,,,,,,,,,,,,,,,,,,,,
Captive Dancer,Small_LowDamage,,Unarmored,,,,,,Refugee Girls,1,30,,,,,,,NPC_F_SleaveGirl,,,Female_Hair_4_blonde,female_skin1,Female_Face2,,,,,,,,,,TRUE,,1200,4000,10000,6000,6000,1000,2000,70,100,,,,,100,,,,,,,,
Captive VIP,Elite_Medium_HighDamage,,Unarmored,,,,TRUE,,Eastern Queens,1,30,Stun Grenade,,,,Advanced 9mm Pistol,,RogueFemale,,,Female_Hair_1,female_skin1,Female_Face2,,,,Elegant Suit Jacket,Acute Black Trousers,,Average Black Shoes,NPC Belt,,,,,4000,10000,6000,6000,1000,2000,70,75,DeathEffect1,,ExploMan,TRUE,110,HitEffect1,,,,,,,
Slave Eater,Boss_Default,,Unarmored,,,,TRUE,,Eastern Queens,1,30,Lash,,Plans. Cool Sash,,NPC_Whip,,NPC_Slasher,,Sleep,,Skin2,Male_Face9,,Jagged Skull Mask,,,Acute Branded Jeans,,Acute Black Boots,Poisonous Belt,,,400,,4000,10000,6000,10000,1000,2000,50,70,DeathEffect1,,ExploMan,TRUE,140,HitEffect1,VoMutantDeath,,,,VoMutantAttack,,
,,,,,,,,,,,,Push,,Plans: Boosted Wrap,,,,,,,,,,,,,,,,,,,,,,,,,,,,,,,,,,,,,,,,,,
,,,,,,,,,,,,Twirler,,Plans: Fine Wrap,,,,,,,,,,,,,,,,,,,,,,,,,,,,,,,,,,,,,,,,,,
,,,,,,,,,,,,,,Plans: Jagged Walkers,,,,,,,,,,,,,,,,,,,,,,,,,,,,,,,,,,,,,,,,,,
,,,,,,,,,,,,,,Plans: Superfine Walkers,,,,,,,,,,,,,,,,,,,,,,,,,,,,,,,,,,,,,,,,,,
,,,,,,,,,,,,,,Plans: Singular Visors,,,,,,,,,,,,,,,,,,,,,,,,,,,,,,,,,,,,,,,,,,
,,,,,,,,,,,,,,Plans: Stunmaster,,,,,,,,,,,,,,,,,,,,,,,,,,,,,,,,,,,,,,,,,,
,,,,,,,,,,,,,,Plans: The Edge [Hurricane],,,,,,,,,,,,,,,,,,,,,,,,,,,,,,,,,,,,,,,,,,
,,,,,,,,,,,,,,Plans: Embedded Healing Motor,,,,,,,,,,,,,,,,,,,,,,,,,,,,,,,,,,,,,,,,,,
The Diseased,Boss_Default,,Unarmored,,,,TRUE,,Junkie,1,30,Creeping Poison,,Plans. Good Sash,,Acute Circular Saw,,Tank,,Sleep,,NPC Mutant skin1,,,,,,NPC Mutant Pants 2,,NPC Mutant Shoes 2,,,,400,,4000,10000,6000,10000,1000,2000,50,70,Decapitation,,ExploMan,TRUE,130,HitEffect1,,,,,,,
,,,,,,,,,,,,Poison Grenade,,Plans: Fine Visors,,,,,,,,,,,,,,,,,,,,,,,,,,,,,,,,,,,,,,,,,,
,,,,,,,,,,,,,,Plans: Special Tactical Gloves,,,,,,,,,,,,,,,,,,,,,,,,,,,,,,,,,,,,,,,,,,
,,,,,,,,,,,,,,Plans: Exquisite Custom Jacket,,,,,,,,,,,,,,,,,,,,,,,,,,,,,,,,,,,,,,,,,,
,,,,,,,,,,,,,,Plans: Greater Wrap,,,,,,,,,,,,,,,,,,,,,,,,,,,,,,,,,,,,,,,,,,
,,,,,,,,,,,,,,Plans: Singular Thick Pants,,,,,,,,,,,,,,,,,,,,,,,,,,,,,,,,,,,,,,,,,,
,,,,,,,,,,,,,,Plans: Life Cell Necklace,,,,,,,,,,,,,,,,,,,,,,,,,,,,,,,,,,,,,,,,,,
Mr. Arms,Boss_Default,,Unarmored,,,,TRUE,,Eastern Queens,1,30,Armor Breaker,,Plans: Acute Wrap,,Advanced Crowbar,,Mutant,,Sleep,,Skin4,Male_Face11,,,,,NPC Mutant Pants 2,,NPC Mutant Shoes 2,NPC Mutant belt,,,400,,4000,10000,6000,10000,1000,2000,50,70,DeathEffect1,,ExploMan,TRUE,120,HitEffect1,VoMutantDeath,,,,VoMutantAttack,,
,,,,,,,,,,,,Hermit Blow,,Plans: Hunting Shades,,,,,,,,,,,,,,,,,,,,,,,,,,,,,,,,,,,,,,,,,,
,,,,,,,,,,,,Slammer,,Plans: Singular Tactical Gloves,,,,,,,,,,,,,,,,,,,,,,,,,,,,,,,,,,,,,,,,,,
,,,,,,,,,,,,,,Plans: Nice Protector,,,,,,,,,,,,,,,,,,,,,,,,,,,,,,,,,,,,,,,,,,
,,,,,,,,,,,,,,Plans: Hoodoo,,,,,,,,,,,,,,,,,,,,,,,,,,,,,,,,,,,,,,,,,,
,,,,,,,,,,,,,,Plans: Self-regulating Gyrosecretion,,,,,,,,,,,,,,,,,,,,,,,,,,,,,,,,,,,,,,,,,,
,,,,,,,,,,,,,,Plans: Neural Dermoresistor,,,,,,,,,,,,,,,,,,,,,,,,,,,,,,,,,,,,,,,,,,
Rockhead,Boss_Tier3,,Unarmored,,,,TRUE,,Mutants,1,30,Hermit Blow,,Plans: Cool Custom Jacket,,Brutal Hydraulic Hammer,,Mutant,,Sleep,,NPC Mutant skin1,,,,,,NPC Mutant Pants 2,,NPC Mutant Shoes 2,,,,400,,4000,10000,100,10000,1000,2000,50,70,DeathEffect1,,ExploMan,TRUE,140,HitEffect1,VoMutantDeath,,,,VoMutantAttack,,
,,,,,,,,,,,,Armor Breaker,,Plans: Credible Wrap,,,,,,,,,,,,,,,,,,,,,,,,,,,,,,,,,,,,,,,,,,
,,,,,,,,,,,,Power of Love,,Plans: Bodyguard's Headscarf,,,,,,,,,,,,,,,,,,,,,,,,,,,,,,,,,,,,,,,,,,
,,,,,,,,,,,,,,Plans: Singular Protective Pants,,,,,,,,,,,,,,,,,,,,,,,,,,,,,,,,,,,,,,,,,,
,,,,,,,,,,,,,,Plans: Spaceaxe [Hurricane],,,,,,,,,,,,,,,,,,,,,,,,,,,,,,,,,,,,,,,,,,
,,,,,,,,,,,,,,Plans: Frosted Electromagnetic Chronobooster,,,,,,,,,,,,,,,,,,,,,,,,,,,,,,,,,,,,,,,,,,
,,,,,,,,,,,,,,Plans: Technowire,,,,,,,,,,,,,,,,,,,,,,,,,,,,,,,,,,,,,,,,,,
,,,,,,,,,,,,,,Plans: Deviscerator [Leviathan],,,,,,,,,,,,,,,,,,,,,,,,,,,,,,,,,,,,,,,,,,
Queen Mary,Boss_Tier2,,Armored,,,,TRUE,,Eastern Queens,1,30,Somersault,,Plans: Genuine Thick Pants,,Hi-Tech Scythe XX-30,,CyberGirl,,Sleep,Female_Hair_8,female_skin1,Female_Face3,,,Exquisite Shades,NPC FEMALE Eastern Queen Shirt 01,NPC FEMALE Valkyries Pants 02,,Acute Black Boots,,,,400,,4000,10000,100,10000,1000,2000,50,70,Decapitation,,ExploMan,TRUE,130,HitEffect1,,,,,,,
,,,,,,,,,,,,Wushu Push,,Plans: Great Walkers,,,,,,,,,,,,,,,,,,,,,,,,,,,,,,,,,,,,,,,,,,
,,,,,,,,,,,,Power of Love,,Plans: Acute Walkers,,,,,,,,,,,,,,,,,,,,,,,,,,,,,,,,,,,,,,,,,,
,,,,,,,,,,,,,,Plans: Exquisite Walkers,,,,,,,,,,,,,,,,,,,,,,,,,,,,,,,,,,,,,,,,,,
,,,,,,,,,,,,,,Plans: Awesome Sash,,,,,,,,,,,,,,,,,,,,,,,,,,,,,,,,,,,,,,,,,,
,,,,,,,,,,,,,,Plans: Gyro-stabilized Aquadesk,,,,,,,,,,,,,,,,,,,,,,,,,,,,,,,,,,,,,,,,,,
,,,,,,,,,,,,,,Plans: Internet-enabled Nailfile,,,,,,,,,,,,,,,,,,,,,,,,,,,,,,,,,,,,,,,,,,
VIP Guard Bot,Boss_Tier2,,Mechanical,,,,TRUE,,Eastern Queens,30,30,Fire Big Rocket,,Plans: Elegant Thick Pants,,Brutal Minigun,,NPC_Sentrybot,Idle,,,Sentrybot_red,,,,,,,,,,,,700,,4000,10000,3000,6000,1000,2000,100,125,ExploRobot,TRUE,ExploRobot,,120,HitEffect1,VoBossDeathMechanical,,,,,,
,,,,,,,,,,,,SentryBot Slammer,,Plans: Credible Sash,,,,,,,,,,,,,,,,,,,,,,,,,,,,,,,,,,,,,,,,,,
,,,,,,,,,,,,,,Plans: Awesome Protective Gloves,,,,,,,,,,,,,,,,,,,,,,,,,,,,,,,,,,,,,,,,,,
,,,,,,,,,,,,,,Plans: The Judge [Firefly],,,,,,,,,,,,,,,,,,,,,,,,,,,,,,,,,,,,,,,,,,
,,,,,,,,,,,,,,Plans: Roots,,,,,,,,,,,,,,,,,,,,,,,,,,,,,,,,,,,,,,,,,,
,,,,,,,,,,,,,,Plans: Optical Health Jacket,,,,,,,,,,,,,,,,,,,,,,,,,,,,,,,,,,,,,,,,,,
,,,,,,,,,,,,,,Plans: Gastric Seeking Pants,,,,,,,,,,,,,,,,,,,,,,,,,,,,,,,,,,,,,,,,,,
,,,,,,,,,,,,,,Plans: Metalcutter [Rampage],,,,,,,,,,,,,,,,,,,,,,,,,,,,,,,,,,,,,,,,,,
Control Unit,Mini_Boss_Default,,Mechanical,,,,TRUE,,Eastern Queens,1,30,AI ShootElectric,,,,Warehousebot_Minigun,,NPC_AI,,,,AI,,,,,,,,,,,TRUE,,,4000,10000,6000,6000,1000,2000,75,100,ExploRobot,TRUE,,TRUE,,,VoBossDeathMechanical,,,,,,
,,,,,,,,,,,,Self Destruct,,,,,,,,,,,,,,,,,,,,,,,,,,,,,,,,,,,,,,,,,,,,
Valkyrie Elite,Mini_Boss_Default,,Armored,,,,,TRUE,Valkyries,1,30,Somersault,,,,Hi-Tech Scythe XX-30,,CyberGirl,,Sleep,Female_Hair_5_black,female_skin1,Female_Face3,,,Targeting Monocle,NPC FEMALE Valkyeries Jacket 02,NPC FEMALE Valkyries Pants 02,,Acute Black Boots,,,,400,1000,4000,10000,6000,10000,1000,2000,150,170,Decapitation,,ExploMan,TRUE,115,HitEffect1,,,,,,,
,,,,,,,,,,,,Giga Slammer,,,,,,,,,,,,,,,,,,,,,,,,,,,,,,,,,,,,,,,,,,,,
Spirit of rage,Small_LowDamage,,Mechanical,,,,TRUE,,Eastern Queens,1,30,Rage of Love,,,,,,Rogue,,,,,,,,,,,,,,,,30000,30000,4000,1,3,6,1,0,70,75,,TRUE,,TRUE,1,,,,,,,,
Mr. Macroff,Big_LowDamage,,Unarmored,,,,,,Resistance,25,25,,,,,,,Tank,,,Don's Toupee_red,Skin2,Male_Face4,,,,Helluva Navy Jacket,Awesome Studded Pants,,Awesome Boots,,,,500,1100,4000,10000,3000,6000,1000,2000,50,75,DeathEffect1,,ExploMan,TRUE,115,HitEffect1,,,,,,,
Devourer Dragon,Boss_Tier3,,Armored,Dragon Scales,,,TRUE,,Lizard,1,30,Cavedragon 360,,Plans: Worthy Protector,,,,NPC_Lizard,,Sleep,,NPC Lizard skin1,,,,,,,,,,,,,,4000,10000,100,10000,1000,2000,50,70,DeathEffect1,,ExploMan,TRUE,140,HitEffect1,VoLizardDeath,,,,VoLizardAttack,,
,,,,,,,,,,,,Cavedragon Acid,,Plans: Boosted Protective Pants,,,,,,,,,,,,,,,,,,,,,,,,,,,,,,,,,,,,,,,,,,
,,,,,,,,,,,,,,Plans: Special Wrap,,,,,,,,,,,,,,,,,,,,,,,,,,,,,,,,,,,,,,,,,,
,,,,,,,,,,,,,,Plans: Boosted Walkers,,,,,,,,,,,,,,,,,,,,,,,,,,,,,,,,,,,,,,,,,,
,,,,,,,,,,,,,,Plans: Jagged Custom Jacket,,,,,,,,,,,,,,,,,,,,,,,,,,,,,,,,,,,,,,,,,,
,,,,,,,,,,,,,,Plans: Archangel Sheath,,,,,,,,,,,,,,,,,,,,,,,,,,,,,,,,,,,,,,,,,,
,,,,,,,,,,,,,,Plans: Adrenal Health Pants,,,,,,,,,,,,,,,,,,,,,,,,,,,,,,,,,,,,,,,,,,
,,,,,,,,,,,,,,Plans: Baneaxe [Hurricane],,,,,,,,,,,,,,,,,,,,,,,,,,,,,,,,,,,,,,,,,,
Mature Dragon,Elite_Medium_HighDamage,,Armored,,,,TRUE,,Neutral,1,30,Lizard Acid,,,,,,NPC_Lizard,,,,NPC Lizard skin1,,,,,,,,,,,,500,1200,4000,10000,3000,6000,1000,2000,100,150,DeathEffect1,,ExploAnt,TRUE,110,HitEffect1,,,,,,,
Guardian,Elite_Big_HighDamage,,Unarmored,,,,TRUE,,Labycore,1,30,,,,,Worthy Minigun,,NPC_M_Antiriot_Cop,,Sleep,,Labycorp_AntiRiot_Captain_Suit,,,,,,Acute Branded Jeans,,Acute Black Boots,,,0,0,0,4000,10000,6000,10000,1000,2000,50,150,DeathEffect1,,ExploMan,TRUE,140,HitEffect1,VoMutantDeath,,,,VoMutantAttack,,
Gollop,Small_HighDamage,,,,,,,,Refugee,1,30,,,,,,,Junkie_Sit,,,Male_Hair_2,Skin5,Male_Face11,Stub3,,,Dawnbreak Shirt,Dawnbreak Jeans,,,,,,,,,,,,,,,,,,,,,,,,,,,,
Jaffe,Small_HighDamage,,,,,,,,Refugee,1,30,,,,,,,Junkie_Sit,,,Male_Hair_2,Skin5,Male_Face11,Stub3,,,Dawnbreak Shirt,Dawnbreak Jeans,,,,,,,,,,,,,,,,,,,,,,,,,,,,
Flanagan,Big_HighDamage,,,,,,,,Refugee,1,30,,,,,,,Junkie_Sit,,,Male_Hair_5,Skin6,Male_Face11,Stub3,,,Dawnbreak Shirt,Dawnbreak Jeans,,,,,,,,,,,,,,,,,,,,,,,,,,,,
Mr. Hudson,Mini_Boss_Default,,Unarmored,,,,TRUE,,Labycore,4,4,John Woo Attack,,,,"Labytech Pistol, LBTP-02",,DualPistol,,,Male_Hair_3_black,Skin2,Male_Face2,,,Hannibal's Cybernetic Eye,High-Power Suit Jacket,NPC GENERIC Black Pants,NPC Normal Gloves,Everyday Black Shoes,,,,500,1100,4000,10000,3000,6000,1000,2000,50,75,DeathEffect1,,ExploMan,TRUE,120,HitEffect1,,,,,,TRUE,
MissHolo 1,Big_LowDamage,,,,,,,,Labycore,1,30,,,,,,,RogueFemale,,,Hologram_dancer_hair,Hologram_dancer,Hologram_dancer_face,,,,,,,,,,,,,,,,,,,,,,,,,,,,,,,,,
MissHolo 2,Big_LowDamage,,,,,,,,Labycore,1,30,,,,,,,RogueFemale,,,Hologram_dancer_hair,Hologram_dancer,Hologram_dancer_face,,,,,,,,,,,,,,,,,,,,,,,,,,,,,,,,,
Refugee Bartle,Small_LowDamage,,Unarmored,,,,,,Junkie,1,30,,,,,,,Junkie,,,Male_Hair_6_blonde,Skin6,Male_Face1,Fancy_Mustache,,,Dawnbreak Shirt,Dawnbreak Trousers,,NPC Male Mad Dogs Shoes 01,,,,250,250,4000,10000,3000,6000,1000,2000,50,75,DeathEffect1,,ExploMan,TRUE,100,HitEffect1,,,,,,,
Refugee Suda,Small_LowDamage,,Unarmored,,,,,,Junkie,1,30,,,,,,,Junkie,,,,Skin6,Male_Face1,Stub3,Acute Hat,,Dawnbreak Shirt,Dawnbreak Trousers,,NPC Male Mad Dogs Shoes 01,,,,250,250,4000,10000,3000,6000,1000,2000,50,75,DeathEffect1,,ExploMan,TRUE,100,HitEffect1,,,,,,,
Refugee Ueda,Small_LowDamage,,Unarmored,,,,,,Junkie,1,30,,,,,,,Junkie,,,,Skin6,Male_Face1,,Acute Cap,,Dawnbreak Shirt,Dawnbreak Jeans,,Acute Black Boots,,,,250,250,4000,10000,3000,6000,1000,2000,50,75,DeathEffect1,,ExploMan,TRUE,100,HitEffect1,,,,,,,
Roberta,Small_LowDamage,,Unarmored,,,,,,Refugee Girls,1,30,,,,,,,NPC_F_SleaveGirl,,,Female_Hair_9_black,female_skin3,Female_Face3,,,,Labycore Worker's Orange Jacket,,,Dawnbreak Sneakers,,,TRUE,,1200,4000,10000,6000,6000,1000,2000,70,100,,,,,100,,,,,,,,
Newell,Small_LowDamage,,Unarmored,,,,,,Refugee Girls,1,30,,,,,,,NPC_F_SleaveGirl,,,Female_Hair_4_blonde,female_skin2,Female_Face2,,,,Labycore Worker's Orange Jacket,,,Dawnbreak Sneakers,,,TRUE,,1200,4000,10000,6000,6000,1000,2000,70,100,,,,,100,,,,,,,,
McGee,Small_LowDamage,,Unarmored,,,,,,Refugee Girls,1,30,,,,,,,NPC_F_SleaveGirl,,,Female_Hair_3,female_skin2,Female_Face2,,,,Labycore Worker's Orange Jacket,,,Dawnbreak Sneakers,,,TRUE,,1200,4000,10000,6000,6000,1000,2000,70,100,,,,,100,,,,,,,,
MissHolo 3,Big_LowDamage,,,,,,,,Labycore,1,30,,,,,,,RogueFemale,,,Hologram_dancer_hair,Hologram_dancer,Hologram_dancer_face,,,,,,,,,,,,,,,,,,,,,,,,,,,,,,,,,
Refugee Mohr,Small_LowDamage,,Unarmored,,,,,,Junkie,1,30,,,,,,,Tank,,,Male_Hair_9,Skin6,Male_Face1,Fancy_Mustache,,,Dawnbreak Shirt,Dawnbreak Trousers,,NPC Male Mad Dogs Shoes 01,,,,250,250,4000,10000,3000,6000,1000,2000,50,75,DeathEffect1,,ExploMan,TRUE,100,HitEffect1,,,,,,,
Ned,Big_HighDamage,,Unarmored,,,,,,Refugee,1,30,,,,,,,Rogue,,,Male_Hair_9,Skin2,Male_Face10,Thin_Mustache,,Hannibal's Cybernetic Eye,Dawnbreak T-Shirt,Acute Black Trousers,,,,,,500,1100,4000,10000,3000,6000,1000,2000,50,75,,,,,,,,,,,,,
ExploBot,Small_HighDamage,,,,,,TRUE,,Labycore,1,30,Kamikaze Explosion,,,,Warehousebot_Minigun,,NPC_Warehousebot,,,,Warehousebot_Explo,,,,,,,,,,,,,,4000,10000,,,,,,,ExploRobot,TRUE,ExploRobot,TRUE,,HitEffect1,,,,,,,
Steve,Small_HighDamage,,Unarmored,,,,,,Resistance,1,30,,,,,Good Jungle Knife,,Rogue,,,Male_Hair_1,Skin6,Male_Face1,,,NPC Aviators,Dawnbreak Shirt,Regular Stonewashed,,NPC Male Mad Dogs Shoes 01,,High-Power Scarf,,500,1100,4000,10000,3000,6000,1000,2000,50,75,DeathEffect1,,ExploMan,TRUE,100,HitEffect1,,,,,,,
Mutated Bee,Small_HighDamage,,Unarmored,,,,TRUE,,Neutral,1,30,Bee Push,,,,,,NPC_Bee,,,,NPC Bee skin1,,,,,,,,,,,,500,750,4000,10000,3000,6000,1000,2000,50,75,,,,,,HitEffect1,,,,,,,
Secret Dancer,Big_LowDamage,,,,,,,,Valkyries,1,30,,,,,,,Dance_Girl,,,Hologram_dancer_hair,Hologram_dancer,Hologram_dancer_face,,,,,,,,,,TRUE,,,,,,,,,,,,,,,,,,,,,,,
Raider Colossus,Mini_Boss_Default,,Unarmored,,,,TRUE,,Raiders,1,30,Slammer,,,,,,Mutant,,,,NPC Desert Hooligan skin2,,,,,,NPC Mutant Pants,,NPC Mutant Shoes,Poisonous Belt,,,,1000,4000,10000,6000,6000,1000,2000,70,100,DeathEffect1,,ExploMan,TRUE,115,HitEffect1,,,,,,TRUE,
,,,,,,,,,,,,Armor Breaker,,,,,,,,,,,,,,,,,,,,,,,,,,,,,,,,,,,,,,,,,,,,
Raider Chieftain,Boss_Tier3,,Armored,,,,TRUE,,Raiders,1,30,Chieftain Flamer,,Plans: Special Walkers,,Awesome Minigun,,Tank,,Sleep,Male_Hair_13_black,NPC Desert Hooligan skin1,,,,,,NPC Mutant Pants,Awesome Biker Gloves,Skullstomper Boots,NPC Desert Hooligans belt,,,,,4000,10000,100,10000,1000,2000,50,70,DeathEffect1,,ExploMan,TRUE,140,HitEffect1,,,,,,,
,,,,,,,,,,,,Molotov Cocktail,,Plans: Credible Shades,,,,,,,,,,,,,,,,,,,,,,,,,,,,,,,,,,,,,,,,,,
,,,,,,,,,,,,,,Plans: Street Wise Tactical Gloves,,,,,,,,,,,,,,,,,,,,,,,,,,,,,,,,,,,,,,,,,,
,,,,,,,,,,,,,,Plans: Marvelous Visors,,,,,,,,,,,,,,,,,,,,,,,,,,,,,,,,,,,,,,,,,,
,,,,,,,,,,,,,,Plans: Greater Protective Pants,,,,,,,,,,,,,,,,,,,,,,,,,,,,,,,,,,,,,,,,,,
,,,,,,,,,,,,,,Plans: Singular Wrap,,,,,,,,,,,,,,,,,,,,,,,,,,,,,,,,,,,,,,,,,,
,,,,,,,,,,,,,,Plans: Omni Scythe,,,,,,,,,,,,,,,,,,,,,,,,,,,,,,,,,,,,,,,,,,
Raider Shaman,Boss_Default,,Unarmored,,,,TRUE,,Raiders,1,30,Shaman Heal,,Plans: Glitch,,Brutal Voodoo Club,,Fatman,,Sleep,,NPC Desert Hooligan skin2,,,Jagged Skull Mask,,,NPC MALE Hooligans Pants 02,,Acute Black Boots,NPC Desert Hooligans belt,,,,,4000,10000,100,10000,1000,2000,50,70,Decapitation,,ExploMan,TRUE,130,HitEffect1,,,,,,,
,,,,,,,,,,,,Slammer,,Plans: Crowd Control Infector Pistol,,,,,,,,,,,,,,,,,,,,,,,,,,,,,,,,,,,,,,,,,,
,,,,,,,,,,,,ShootElectric,,Plans: Steel Head [Bulwark],,,,,,,,,,,,,,,,,,,,,,,,,,,,,,,,,,,,,,,,,,
Raider Goldeye,Mini_Boss_Default,,Unarmored,,,,TRUE,,Raiders,1,30,Cripling Shot,,,,Advanced Six-shooter,,DualPistol,,,Male_Hair_12_black,NPC Desert Hooligan skin1,,,,Acute Aviator Shades,,NPC MALE Hooligans Pants 02,Average Black Gloves,NPC Male Mad Dogs Shoes 02,Poisonous Belt,,,,1000,4000,10000,6000,6000,1000,2000,70,100,DeathEffect1,,ExploMan,TRUE,115,HitEffect1,,,,,,TRUE,
Berserk Raider,Elite_Medium_HighDamage,,Unarmored,,,,TRUE,,Raiders,1,30,Push,,,,Brutal Axe,,Chef,,,,NPC Desert Hooligan skin2,,,,,,Acute Branded Jeans,,Acute Boots,NPC Desert Hooligans belt,,,500,1000,4000,10000,6000,6000,1000,2000,70,100,DeathEffect1,,ExploMan,TRUE,120,HitEffect1,,,,,,TRUE,
Raider Sniper,Elite_Small_HighDamage,,Unarmored,,,,TRUE,,Raiders,1,30,Headshot,,,,Awesome 7.62mm Recoil-based,,Tank,,,,NPC Desert Hooligan skin1,,,,Radical Pilot Goggles,,Exquisite Custom Pants,Acute Black Gloves,NPC Male Hired Guns Shoes 01,,,,,1000,4000,10000,,,,,75,70,DeathEffect1,,ExploMan,TRUE,110,HitEffect1,,,,,,,
Raider Destroyer,Elite_Big_HighDamage,,Unarmored,,,,TRUE,,Raiders,1,30,,,,,Gruesome Minigun,,Rogue,,,NPC_Male_Hair_Mohawk,NPC Desert Hooligan skin1,,NPC Desert Hooligan mask1,,,,Dawnbreak Jeans,NPC Desert Hooligans Gloves,NPC Male Hired Guns Shoes 01,NPC Desert Hooligans belt,,,,1000,4000,10000,,,,,75,70,DeathEffect1,,ExploMan,TRUE,115,HitEffect1,,,,,,,
New Breed Warrior,Elite_Big_HighDamage,,Armored,,,,,TRUE,Mutants,30,30,Slammer,,,,Tough Cleaver,,Mutant,,Sleep,,NPC Mutant skin2,,,,,,NPC Mutant Pants 2,NPC Mutant Gloves,NPC Mutant Shoes,NPC Desert Hooligans belt,,,600,1500,4000,10000,1000,2000,1000,2000,,120,DeathEffect1,,,,125,HitEffect1,VoMutantDeath,,VoMutantGreetings,VoMutantBye,,,
Raider Agitator,Suicide_Mob,,Unarmored,,,,TRUE,,Raiders,1,30,,,,,Acute Bat,,Rogue,,,,NPC Desert Hooligan skin1,,,,,,Acute Branded Jeans,,Acute Boots,NPC Desert Hooligans belt,,,500,1000,4000,10000,6000,6000,1000,2000,100000,100000,DeathEffect1,,ExploMan,TRUE,110,HitEffect1,,,,,,TRUE,
Decommissioned Databank,Boss_Tier3,,Mechanical,,,,TRUE,,Labycore,1,30,AI ShootElectric,,Plans: Suspect Strap,,Warehousebot_Minigun,,NPC_AI,,,,AI,,,,,,,,,,,TRUE,,,4000,10000,6000,6000,1000,2000,75,100,ExploRobot,TRUE,,TRUE,160,,VoBossDeathMechanical,,,,,,
,,,,,,,,,,,,Nerve gas,,,,,,,,,,,,,,,,,,,,,,,,,,,,,,,,,,,,,,,,,,,,
Malfunctioning Sentrybot,Boss_Tier2,,Mechanical,,,,TRUE,,Labycore,30,30,Friendly Fire Big Rocket,,Plans: Suspect Strap,,Brutal Minigun,,NPC_Sentrybot,Idle,,,Sentrybot_black,,,,,,,,,,,,,,4000,10000,3000,6000,1000,2000,100,125,ExploRobot,TRUE,ExploRobot,TRUE,120,HitEffect1,VoBossDeathMechanical,,,,,,
Rebellious Android,Boss_Tier2,,Mechanical,,,,TRUE,,Eastern Queens,1,30,Somersault,,Plans: Suspect Strap,,SWAT Shotgun HO-30,,CyberGirl,,Sleep,,Android01_Skin,Android01_Face,,Radical Cap,Bauhoff's Bionic Eye,Radical Leather Uniform,Acute Black Jeans,,Acute Black Boots,,,,,,4000,10000,100,10000,1000,2000,50,70,ExploRobot,,ExploMan,TRUE,130,HitEffect1,VoBossDeathBigThug,,,,,,
,,,,,,,,,,,,Headshot,,,,,,,,,,,,,,,,,,,,,,,,,,,,,,,,,,,,,,,,,,,,
Fwarmbot,Boss_Default,,Mechanical,,,,TRUE,,Labycore,1,30,Mosquitobot Sonic Burst,,Plans: Suspect Strap,,Warehousebot_Minigun,,NPC_Mosquito_Bot,,,,NPC Mosquitobot skin1,,,,,,,,,,,,,,4000,10000,6000,8000,1000,2000,50,75,,,,,150,HitEffect1,,,,,,,
Swarmer,Suicide_Mob,,Mechanical,,,,TRUE,,Labycore,1,30,Mosquitobot Sonic Burst,,,,Warehousebot_Minigun,,NPC_Mosquito_Bot,,,,NPC Mosquitobot skin1,,,,,,,,,,,,500,750,4000,10000,6000,8000,1000,2000,50,75,,,,,75,HitEffect1,,,,,,,
Crazed Pillbot,Suicide_Mob,,Mechanical,,,,TRUE,,Labycore,1,30,Kamikaze Explosion,,,,Warehousebot_Minigun,,NPC_Warehousebot,,,,Warehousebot_white,,,,,,,,,,,,300,1100,4000,10000,3000,6000,,0,70,75,ExploRobotSmall,,ExploPig,TRUE,100,,,,,,,,
Scrapped Tankbot,Elite_Big_LowDamage,,Mechanical,,,,TRUE,,Labycore,15,30,,,,,Regular Minigun,,NPC_Robotank,,,,Robotank2,,,,,,,,,,,,800,1200,2000,4000,6000,6000,1000,2000,80,80,ExploRobot,TRUE,ExploRobot,TRUE,100,,VoBossDeathMechanical,,,,,,
Discontinued Android,Elite_Medium_HighDamage,,Mechanical,,,,TRUE,,Labycore,1,30,Wushu Push,,,,Next-Gen Sniper: LTDC-30,,CyberGirl,,,,Android01_Skin,,,Common Green Cap,Hannibal's Cybernetic Eye,Barebones Two Tone T-shirt,Awesome Custom Pants,,Outstanding White Sneakers,,,,,,4000,10000,3000,6000,1000,2000,70,75,ExploRobotSmall,,ExploMan,TRUE,,HitEffect1,,,,,,,
Rocket Turret,Elite_Small_LowDamage,,Mechanical,,,,TRUE,,Labycore,1,30,Friendly Fire Rocket,,,,Turret_Minigun,,NPC_Turret_Gun,,,,Turret,,,,,,,,,,,TRUE,,,,,,,,,,75,ExploRobotSmall,TRUE,ExploRobotSmall,TRUE,,,,,,,,,
Failed Android,Elite_Medium_HighDamage,,Mechanical,,,,TRUE,,Labycore,1,30,Wushu Push,,,,NPC_Police Baton,,CyberGirl,,,,Android01_Skin,,,Awesome Cap,Hannibal's Cybernetic Eye,Exquisite Camo Shirt,Boosted Camo Pants,,Acute Dark Sneakers,,,,,,4000,10000,3000,6000,1000,2000,70,75,ExploRobotSmall,,ExploMan,TRUE,120,HitEffect1,,,,,,,
Obsolete Sentrybot,Elite_Big_LowDamage,,Mechanical,,,,TRUE,,Labycore,1,30,Friendly Fire Sentry Rocket,,,,Extreme Minigun,,NPC_Sentrybot,,,,Sentrybot,,,,,,,,,,,,900,1100,4000,10000,3000,6000,1000,2000,70,70,ExploRobot,,ExploRobot,TRUE,80,HitEffect1,,,,,,,
Gentech Scientist,Suicide_Mob,,Unarmored,,,,,,Labycore,1,1,,,,,Toxine-Heal Gun,,Rogue,,,Male_Hair_11_black,Skin1,Male_Face2,Long_Mustache,,,NPC MALE Scientist Jacket,Excellent White Pants,,Average Black Shoes,,,,,,4000,10000,6000,6000,1000,2000,70,100,DeathEffect1,TRUE,ExploMan,TRUE,,HitEffect1,,,,,,,
Heated Mutant,Elite_Big_HighDamage,,Armored,,,,TRUE,,Mutants,1,30,,,,,Massive Plank,,Mutant,,,,NPC Mutant skin4,,,,,,Hustla's Dark Trousers,,NPC Mutant Shoes 2,,,,400,,4000,10000,,,,,50,70,DeathEffect1,,ExploMan,TRUE,120,,VoMutantDeath,,,,VoMutantAttack,,
Incomplete Mutant,Elite_Medium_LowDamage,,Unarmored,,,,TRUE,,Mutants,1,30,,,,,,,Tank,,Sleep,,NPC Mutant skin3,,,,,NPC Mutant Shirt,Average Butcher's Pants,,,,,,400,1000,4000,10000,6000,10000,1000,2000,50,70,DeathEffect1,,ExploMan,TRUE,125,HitEffect1,VoMutantDeath,,,,VoMutantAttack,,
Underground Mutant,Elite_Big_LowDamage,,Unarmored,,,,TRUE,,Mutants,1,30,,,,,Massive Plank,,Mutant,,,,NPC Mutant skin3,,,,,,NPC Mutant Pants 2,,NPC Mutant Shoes 2,,,,400,,4000,10000,,,,,50,70,DeathEffect1,,ExploMan,TRUE,120,,VoMutantDeath,,,,VoMutantAttack,,
Mutated Scientist,Boss_Default,,Unarmored,,,,TRUE,,Labycore,1,30,Hermit Slammer,,Plans: Mutant Modifed Shotgun,,,,Mutant,,,,NPC Mutant skin1,,,,,,Excellent White Pants,,Average Black Shoes,Acute Black Belt,,,,,4000,10000,6000,6000,1000,2000,200,200,DeathEffect1,,ExploMan,TRUE,115,HitEffect1,,,,,,TRUE,
,,,,,,,,,,,,Stun Grenade,,,,,,,,,,,,,,,,,,,,,,,,,,,,,,,,,,,,,,,,,,,,
Gentech Sentrybot,Mini_Boss_Default,,Mechanical,,,,TRUE,,Labycore,1,30,Fire Rocket,,,,Brutal Minigun,,NPC_Sentrybot,Idle,,,Sentrybot_white,,,,,,,,,,,,700,1000,4000,10000,3000,6000,1000,2000,100,125,ExploRobot,TRUE,ExploRobot,TRUE,120,HitEffect1,VoBossDeathMechanical,,,,,,
,,,,,,,,,,,,SentryBot Slammer,,,,,,,,,,,,,,,,,,,,,,,,,,,,,,,,,,,,,,,,,,,,
Fireheart,Boss_Tier2,,Armored,Flaming Heart,,,TRUE,,Mutants,1,30,Rage Explosion,,Plans: Fire-tempered Belt,,Brutal Voodoo Club,,Mutant,,Sleep,,NPC Mutant skin4,,NPC Desert Hooligan mask1,,,,Excellent Custom Pants,,NPC Mutant Shoes 2,Acute Belt with Golden Buckle,,,,,4000,10000,6000,10000,1000,2000,50,70,DeathEffect1,TRUE,ExploMan,TRUE,145,HitEffect1,VoMutantDeath,,,,VoMutantAttack,,
,,,,,,,,,,,,Enrage,,Plans: Fire-forged Belt,,,,,,,,,,,,,,,,,,,,,,,,,,,,,,,,,,,,,,,,,,
Breeding Mutant,Boss_Default,,Armored,,,,TRUE,,Mutants,1,30,Slammer,,Plans: Mutant Thigh Bone,,First-Class Jungle Knife,,Mutant,,,,NPC Mutant skin4,,,,,Exquisite Studded Vest,Acute Black Trousers,,Average Black Shoes,Poisonous Belt,,,,,4000,10000,6000,6000,1000,2000,70,100,DeathEffect1,,ExploMan,TRUE,115,HitEffect1,VoMutantDeath,,,,,TRUE,
Bystander,Medium_LowDamage,,Armored,,,,,TRUE,Resistance,1,30,,,,,Antiquated Revolver,,RogueFemale,,,Female_Hair_3_blonde,female_skin1,Female_Face1,,,,Inferior Two Tone T-shirt,Acute Denim Shorts,,Elegant Sneakers,,,,,,4000,10000,3000,6000,1000,2000,70,70,DeathEffect1,,ExploMan,TRUE,90,HitEffect1,,,,,,,
Civilian,Medium_LowDamage,,Armored,,,,,TRUE,Resistance,1,30,,,,,,,Rogue,,,Male_Hair_6_black,Skin1,Male_Face7,Stub2,,,Dawnbreak Shirt,Average Denim Jeans,,Acute Black Boots,,,,,,4000,10000,3000,6000,1000,2000,70,70,DeathEffect1,,ExploMan,TRUE,90,HitEffect1,,,,,,,
Purge Trooper,Elite_Medium_HighDamage,,Armored,,,,TRUE,,Labycore,1,30,,,,,SWAT Shotgun HO-30,,NPC_M_Antiriot_Cop,,,,Labycorp_AntiRiot_Suit,,,,,,,,,,,,500,1100,4000,10000,3000,6000,1000,2000,70,75,DeathEffect1,,ExploMan,TRUE,,HitEffect1,,,,,,,
Mutant Soldier,Elite_Big_HighDamage,,Armored,,,,TRUE,,Labycore,1,30,,,,,Basic Minigun,,Mutant,,,,NPC Mutant skin3,,NPC Desert Hooligan mask1,,Bauhoff's Bionic Eye,Exquisite Armored Jacket,Acute Branded Jeans,Awesome Biker Gloves,Acute Black Boots,,,,500,1100,4000,10000,3000,6000,1000,2000,70,75,DeathEffect1,,ExploMan,TRUE,,HitEffect1,,,,,,,
Riot Enforcer,Elite_Big_LowDamage,,Armored,,,,TRUE,,Labycore,1,30,Riot Push,,,,NPC_Police Baton,,NPC_M_Antiriot_Cop_Shield,,,,Labycorp_AntiRiot_Suit,,,,,,,,,,,,500,1100,4000,10000,3000,6000,1000,2000,70,75,DeathEffect1,,ExploMan,TRUE,,HitEffect1,,,,,,,
Hooligan Looter,Elite_Big_LowDamage,,Unarmored,,,,TRUE,,Hooligans,1,30,,,,,Acute Bat,,NPC_Dualmelee,,,NPC_Male_Hair_Mohawk,Skin4,Male_Face8,Stub3,,,,Exquisite Custom Pants,Acute Black Gloves,Acute Black Boots,Acute Belt with Silver Buckle,,,500,1100,4000,10000,,,,,75,70,DeathEffect1,,ExploMan,TRUE,110,HitEffect1,,,,,,TRUE,
Hooligan Bruiser,Mini_Boss_Default,,Unarmored,,,,TRUE,,Hooligans,1,30,Slammer,,,,Advanced Bat,,Tank,,,Male_Hair_13_black,Skin1,Male_Face7,Stub3,,,NPC MALE Hooligan Jacket 02,NPC MALE Hooligans Pants 03,Average Black Gloves,NPC Male Hooligans Shoes 02,,,,500,1100,4000,10000,6000,6000,1000,2000,70,100,DeathEffect1,,ExploMan,TRUE,120,HitEffect1,VoBossDeathBigThug,,,,,TRUE,
,,,,,,,,,,,,Grenade,,,,,,,,,,,,,,,,,,,,,,,,,,,,,,,,,,,,,,,,,,,,
Riot Liutenant,Mini_Boss_Default,,Armored,,,,TRUE,,Labycore,1,30,Riot Push,,,,NPC_Police Baton,,NPC_M_Antiriot_Cop_Shield,,,,Labycorp_AntiRiot_Suit,,,,,,,,,,,,,,4000,10000,6000,6000,1000,2000,70,100,DeathEffect1,,ExploMan,TRUE,125,HitEffect1,VoBossDeathBigThug,,,,,TRUE,
,,,,,,,,,,,,Grenade,,,,,,,,,,,,,,,,,,,,,,,,,,,,,,,,,,,,,,,,,,,,
Doctor Smythe,Mini_Boss_Default,,Unarmored,,,,,TRUE,Resistance,1,30,Mega Heal,,,,Toxine-Heal Gun,,Rogue,,,Male_Hair_3_blonde,Skin1,Male_Face4,Burt_Mustache_Blonde,,Targeting Monocle,Surgeon's Scrubs,Average Butcher's Pants,Awesome Biker Gloves,Average Black Shoes,Acute Black Belt,,,,,4000,10000,3000,6000,1000,2000,70,70,DeathEffect1,,ExploMan,TRUE,110,HitEffect1,VoBossDeathBigThug,,,,,,
Supersoldier Officer,Boss_Tier2,,Armored,Riot Plates,,,TRUE,,Labycore,1,30,Nemesis Bazooka,,Plans: High Power Custom Jacket,,NPC_MeleeBazooka,,Mutant,,,,NPC Mutant skin4,,NPC Desert Hooligan mask1,,Bauhoff's Bionic Eye,First-Class Armored Jacket,Hustla's Dark Trousers,Awesome Biker Gloves,Acute Black Boots,,,,,,4000,10000,6000,6000,1000,2000,200,200,DeathEffect1,,ExploMan,TRUE,125,HitEffect1,VoBossDeathBigThug,,,,,TRUE,
,,,,,,,,,,,,Slammer,,Plans: Exquisite Protector,,,,,,,,,,,,,,,,,,,,,,,,,,,,,,,,,,,,,,,,,,
,,,,,,,,,,,,,,Plans: High Power Thick Pants,,,,,,,,,,,,,,,,,,,,,,,,,,,,,,,,,,,,,,,,,,
,,,,,,,,,,,,,,Plans: Exquisite Protective Pants,,,,,,,,,,,,,,,,,,,,,,,,,,,,,,,,,,,,,,,,,,
,,,,,,,,,,,,,,Plans: Excellent Walkers,,,,,,,,,,,,,,,,,,,,,,,,,,,,,,,,,,,,,,,,,,
,,,,,,,,,,,,,,Plans: Stabilizing Trousers,,,,,,,,,,,,,,,,,,,,,,,,,,,,,,,,,,,,,,,,,,
,,,,,,,,,,,,,,Plans: Optical Technocluster Trousers,,,,,,,,,,,,,,,,,,,,,,,,,,,,,,,,,,,,,,,,,,
,,,,,,,,,,,,,,Plans: Manhunter [Firefly],,,,,,,,,,,,,,,,,,,,,,,,,,,,,,,,,,,,,,,,,,
,,,,,,,,,,,,,,Plans: White Eagle [Area-Healer],,,,,,,,,,,,,,,,,,,,,,,,,,,,,,,,,,,,,,,,,,
Antiriot Sentry,Boss_Default,,Mechanical,,,,TRUE,,Labycore,1,30,Riotbot Slammer,,Plans: Street Wise Shades,,Marvelous Minigun,,NPC_Sentrybot,Idle,,,Sentrybot_black,,,,,,,,,,,,,,4000,10000,3000,6000,1000,2000,100,125,ExploRobot,TRUE,ExploRobot,TRUE,120,HitEffect1,VoBossDeathMechanical,,,,,,
,,,,,,,,,,,,Riotbot Rocket,,Plans: Street Wise Sash,,,,,,,,,,,,,,,,,,,,,,,,,,,,,,,,,,,,,,,,,,
,,,,,,,,,,,,,,Plans: Elegant Tactical Gloves,,,,,,,,,,,,,,,,,,,,,,,,,,,,,,,,,,,,,,,,,,
,,,,,,,,,,,,,,Plans: Greater Protective Gloves,,,,,,,,,,,,,,,,,,,,,,,,,,,,,,,,,,,,,,,,,,
,,,,,,,,,,,,,,Plans: Singular Sash,,,,,,,,,,,,,,,,,,,,,,,,,,,,,,,,,,,,,,,,,,
,,,,,,,,,,,,,,Plans: Neurodrive Coat,,,,,,,,,,,,,,,,,,,,,,,,,,,,,,,,,,,,,,,,,,
,,,,,,,,,,,,,,Plans: Powered Osteonegator Jacket,,,,,,,,,,,,,,,,,,,,,,,,,,,,,,,,,,,,,,,,,,
Riot Captain,Boss_Tier2,,Armored,,,,TRUE,,Labycore,1,30,Riot Push,,Plans: Bandit's Bandana,,NPC_Police Baton,,NPC_M_Antiriot_Cop_Shield,,Sleep,,Labycorp_AntiRiot_Elite_Suit,,,,,,,,,,,,,,4000,10000,100,10000,1000,2000,50,70,DeathEffect1,,ExploMan,TRUE,120,HitEffect1,VoBossDeathBigThug,,,,,,
,,,,,,,,,,,,Grenade,,Plans: Genuine Wrap,,,,,,,,,,,,,,,,,,,,,,,,,,,,,,,,,,,,,,,,,,
,,,,,,,,,,,,,,Plans: Exquisite Thick Pants,,,,,,,,,,,,,,,,,,,,,,,,,,,,,,,,,,,,,,,,,,
,,,,,,,,,,,,,,Plans: Radical Walkers,,,,,,,,,,,,,,,,,,,,,,,,,,,,,,,,,,,,,,,,,,
,,,,,,,,,,,,,,Plans: Exquisite Sash,,,,,,,,,,,,,,,,,,,,,,,,,,,,,,,,,,,,,,,,,,
,,,,,,,,,,,,,,Plans: Blessing Guard,,,,,,,,,,,,,,,,,,,,,,,,,,,,,,,,,,,,,,,,,,
Gentech Supersoldier,Elite_Big_HighDamage,,Armored,,,,TRUE,,Labycore,1,30,,,,,Marvelous Minigun,,Mutant,,,,NPC Mutant skin3,,NPC Desert Hooligan mask1,,Bauhoff's Bionic Eye,Exquisite Armored Jacket,Hustla's Dark Trousers,Bodybreaker's Gloves,Acute Black Boots,,,,400,1100,4000,10000,,,,,50,70,DeathEffect1,,ExploMan,TRUE,120,HitEffect1,VoMutantDeath,,,,VoMutantAttack,,
Hospital Doctor,Elite_Big_LowDamage,,Unarmored,,,,,TRUE,Resistance,1,30,Powerful Healing Shot,,,,Toxine-Heal Gun,,Rogue,,,Male_Hair_6,Skin1,Male_Face4,,,Targeting Monocle,Surgeon's Scrubs,Exquisite White Pants,,Average Black Shoes,Acute Black Belt,,,,,4000,10000,3000,6000,1000,2000,70,70,DeathEffect1,,ExploMan,TRUE,110,HitEffect1,,,,,,,
Hooligan Anarchist,Elite_Small_HighDamage,,Unarmored,,,,TRUE,,Hooligans,1,30,Molotov Cocktail,,,,Antiquated 12G Sawed-off,,Rogue,,,Male_Hair_12_black,Skin4,Male_Face8,Stub3,,,Acute Anarchy Jacket,Exquisite Custom Pants,Acute Black Gloves,Acute Black Boots,Acute Belt with Silver Buckle,,,,,4000,10000,,,,,75,70,DeathEffect1,,ExploMan,TRUE,110,HitEffect1,,,,,,TRUE,
MegaGear,Big_HighDamage,,,,,,,,Refugee,,,,,,,Worthy Minigun,,Rogue,,,,Skin5,,,,Targeting Monocle,Outstanding Leather Vest,Treasure Hunter's Jeans,Turbo Gloves,Fluffy Shoes of Ordinary,Exquisite Dark Leather Belt,Green Scarf,,,,,,,,,,,,,,,,,,,,,,,,
TROLL,Boss_Default,,Unarmored,,,,TRUE,,Labycore,7,7,Fire Rocket,,Plans: Blue Jeans,,Regular Minigun,,NPC_Spiderbot_TurnedOff,Idle,,,Spiderbot,,,,,,,,,,,,,,4000,10000,3000,6000,1000,2000,50,120,ExploRobot,TRUE,ExploRobot,TRUE,130,HitEffect1,VoBossDeathMechanical,,,,,,
,,,,,,,,,,,,Overrun by Spider,,Plans: Casual Jeans,,,,,,,,,,,,,,,,,,,,,,,,,,,,,,,,,,,,,,,,,,
,,,,,,,,,,,,SpiderBotTaunt,,,,,,,,,,,,,,,,,,,,,,,,,,,,,,,,,,,,,,,,,,,,
Search Bug,Suicide_Mob,,Unarmored,,,,TRUE,,Labycore,1,30,Mosquitobot Sonic Burst,,,,Warehousebot_Minigun,,NPC_Mosquito_Bot,,,,NPC Mosquitobot skin1,,,,,,,,,,,,500,750,4000,10000,6000,8000,1000,2000,50,75,ExploRobot,TRUE,ExploRobot,TRUE,70,HitEffect1,,,,,,,
Spiderbot_Turned_Off,Elite_Medium_HighDamage,,Mechanical,,,,TRUE,,Labycore,1,30,SpiderBotTaunt,,,,Marvelous Minigun,,NPC_Spiderbot_TurnedOff,,,,Spiderbot_red,,,,,,,,,,,,,,4000,10000,3000,6000,1000,2000,70,70,ExploRobot,,ExploRobot,TRUE,,HitEffect1,,,,,,,
Mafioso,Boss_Tier3,,,,,,TRUE,,Mad Dogs,30,30,Mafioso Shot,,Plans: Mafioso Shotgun,,Mafioso_shotgun_sawnoff,,NPC_ Mafioso,,Sleep,,Mafioso_skin,,,,,,,,,,,,400,,4000,10000,100,10000,1000,2000,50,70,DeathEffect1,,ExploMan,TRUE,100,HitEffect1,VoMutantDeath,,,,VoMutantAttack,,
,,,,,,,,,,,,Mafioso Headshot,,,,,,,,,,,,,,,,,,,,,,,,,,,,,,,,,,,,,,,,,,,,
Crab,Elite_Small_LowDamage,,Armored,,,,TRUE,,Neutral,1,30,Crab Special,,,,UnarmedAnt,,NPC_ Crab,,,,NPC Crab skin,,,,,,,,,,,,300,1100,4000,10000,3000,6000,1000,2000,70,75,DeathEffect1,,ExploAnt,TRUE,100,HitEffect1,VoGiantAntDeath,,,,VoGiantAntAlert,,
Exploding Pig,Elite_Small_LowDamage,,Unarmored,,,,TRUE,,Hooligans,1,30,Slow Explosion,,,,Pig_dynamite,,NPC_Pig,,,,Suicide_Pig,,,,,,,,,,,,300,1100,4000,10000,3000,6000,,0,70,75,,,ExploPig,TRUE,100,,VoPigDeath,,,,,,
Fighter,Elite_Big_HighDamage,,Unarmored,,,,TRUE,,Hooligans,1,30,Knucklesandwich,,,,Barebones Bat,,Rogue,,,Male_Hair_8,Skin1,Male_Face3,Burt_Mustache,,,,NPC MALE Hooligans Pants 01,,NPC Male Hooligans Shoes 02,,,,,,4000,10000,3000,6000,1000,2000,50,75,DeathEffect1,,ExploMan,TRUE,,HitEffect1,,,,,,,
Pusher,Small_HighDamage,,Unarmored,,,,TRUE,,Hooligans,1,30,Healing Power,,,,Simple Jungle Knife,Dynamite Pig,Rogue,,,Male_Hair_3_black,Skin5,Male_Face3,,Popular Cap,,,NPC MALE Hooligans Pants 02,,NPC Male Hooligans Shoes 01,,,,750,1100,,2000,3000,6000,1000,2000,50,75,DeathEffect1,,ExploMan,TRUE,100,HitEffect1,,,,,,,
Mudcrab,Small_HighDamage,,Unarmored,,,,TRUE,,Neutral,1,30,Crab Special,,,,UnarmedAnt,,NPC_ Crab,,,,NPC Crab skin,,,,,,,,,,,,300,1100,4000,10000,3000,6000,1000,2000,70,75,DeathEffect1,,ExploPig,TRUE,80,HitEffect1,VoGiantAntDeath,,,,VoGiantAntAlert,,
Yellow Spider,Boss_Default,,Mechanical,,,,TRUE,,Labycore,25,25,Fire Rocket,,Plans: Spidersilk-Stiched Pants,,Regular Minigun,,NPC_Spiderbot,Idle,,,Spiderbot_yellow,,,,,,,,,,,,,,4000,10000,3000,6000,1000,2000,50,75,ExploRobot,TRUE,ExploRobot,,100,HitEffect1,VoBossDeathMechanical,,,,,,
,,,,,,,,,,,,Overrun by Spider,,Plans: Poison-enlaced Pants,,,,,,,,,,,,,,,,,,,,,,,,,,,,,,,,,,,,,,,,,,
SENTINEL,Boss_Default,,Mechanical,,,,TRUE,,Labycore,30,30,SentryBot Slammer,,Plans: Worthy Protective Pants,,Regular Minigun,,NPC_Sentrybot,Idle,,,Sentrybot,,,,,,,,,,,,,,4000,10000,3000,6000,1000,2000,50,75,ExploRobot,TRUE,ExploRobot,,100,HitEffect1,VoBossDeathMechanical,,,,,,
,,,,,,,,,,,,Riotbot Rocket,,Plans: Worthy Custom Jacket,,,,,,,,,,,,,,,,,,,,,,,,,,,,,,,,,,,,,,,,,,
,,,,,,,,,,,,,,Plans: Genuine Sash,,,,,,,,,,,,,,,,,,,,,,,,,,,,,,,,,,,,,,,,,,
,,,,,,,,,,,,,,Plans: Elegant Custom Jacket,,,,,,,,,,,,,,,,,,,,,,,,,,,,,,,,,,,,,,,,,,
,,,,,,,,,,,,,,Plans: Awesome Wrap,,,,,,,,,,,,,,,,,,,,,,,,,,,,,,,,,,,,,,,,,,
,,,,,,,,,,,,,,Plans: Deadhunter [Firefly],,,,,,,,,,,,,,,,,,,,,,,,,,,,,,,,,,,,,,,,,,
,,,,,,,,,,,,,,Plans: Implanted Limb Pants,,,,,,,,,,,,,,,,,,,,,,,,,,,,,,,,,,,,,,,,,,
Infected,Tutorial_Mob,,Unarmored,,,,TRUE,,Mutants,1,5,,,,,,,Junkie,,,,NPC Mutant skin1,,,,,,Acute Camo Pants,,,,,,150,600,4000,10000,3000,6000,,0,25,25,,,ExploAnt,TRUE,100,,,,,,VoMutantAttack,,
Infected Officer,Tutorial_Mob,,Unarmored,,,,TRUE,,Mutants,1,5,,,,,,,Rogue,,,,NPC Mutant skin1,,,,,NPC MALE Prison Warder Jacket,NPC GENERIC Black Pants,,,,,,300,800,4000,10000,3000,6000,,0,70,500,,,ExploAnt,TRUE,100,,,,,,VoMutantAttack,,
Ken,Small_LowDamage,,Unarmored,,,,TRUE,,Neutral,1,30,,,,,,,Rogue,,,Male_Hair_10,Skin1,Male_Face2,,,,Acute Suit Jacket,NPC GENERIC Black Pants,,Basic Black Shoes,,,,500,750,4000,10000,3000,6000,1000,2000,50,75,DeathEffect1,,,,100,,,,,,,,
Shaft AI,Big_HighDamage,,,,,,,,Resistance,,,,,,,,,NPC_AI,,,,AI,,,,,,,,,,,,,,,,,,,,,,,,,,,,,,,,,,
Bot,Basic_Crafting_Bot,,Unarmored,,,,,,Neutral,1,30,,,,,,,NPC_Companion_Bot,,,,Crafting Bot 1,,,,,,,,,,,,1200,1200,4000,10000,6000,6000,1000,2000,70,100,,,,,,,,,,,,,
Flux,Small_LowDamage,,Unarmored,,,,,,Resistance,5,5,,,,,,,Tank,,,Male_Hair_9_black,Skin3,Male_Face2,,,,Strong Protective Vest,Yachting Trousers,,NPC Male Mad Dogs Shoes 01,NPC Belt,,,500,1100,4000,10000,3000,6000,1000,2000,50,75,DeathEffect1,,ExploMan,TRUE,100,HitEffect1,,,,,,,
Clark,Big_HighDamage,,Unarmored,,,,,,Refugee,1,30,,,,,Worthy Minigun,,Tank,,,Male_Hair_6,Skin5,Male_Face8,Burt_Mustache,,Targeting Monocle,Outstanding Leather Vest,Treasure Hunter's Jeans,Turbo Gloves,Fluffy Shoes of Ordinary,Exquisite Dark Leather Belt,Green Scarf,,500,1100,4000,10000,3000,6000,1000,2000,,,,,,,,,,,,,,,
Holbrook,Big_HighDamage,,Unarmored,,,,,,Refugee,1,30,,,,,Toxine-Heal Gun,,Rogue,,,Male_Hair_3_blonde,Skin5,Male_Face2,,,Aiming Visor,Outstanding Leather Vest,Treasure Hunter's Jeans,Turbo Gloves,Fluffy Shoes of Ordinary,Exquisite Dark Leather Belt,Green Scarf,,500,1100,4000,10000,3000,6000,1000,2000,,,,,,,,,,,,,,,
Foote,Big_HighDamage,,Unarmored,,,,,,Refugee,1,30,,,,,Club Inferno,,Rogue,,,Male_Hair_6_black,Skin5,Male_Face4,Stub3,,Collar Visor,Outstanding Leather Vest,Treasure Hunter's Jeans,Turbo Gloves,Fluffy Shoes of Ordinary,Exquisite Dark Leather Belt,Green Scarf,,500,1100,4000,10000,3000,6000,1000,2000,,,,,,,,,,,,,,,
Mews,Big_HighDamage,,Unarmored,,,,,,Refugee,1,30,,,,,"Labytech Pistol, LBTP-02",,Tank,,,Male_Hair_8,Skin1,Male_Face1,Long_Mustache,,Bauhoff's Bionic Eye,Outstanding Leather Vest,Treasure Hunter's Jeans,Turbo Gloves,Fluffy Shoes of Ordinary,Exquisite Dark Leather Belt,Green Scarf,,500,1100,4000,10000,3000,6000,1000,2000,,,,,,,,,,,,,,,
Gate Control,Small_HighDamage,,Mechanical,,,,,,Labycore,1,30,AI ShootElectric,,,,Warehousebot_Minigun,,NPC_AI,,,,AI,,,,,,,,,,,TRUE,,,4000,10000,6000,6000,1000,2000,75,100,,,,,,,,,,,,,
Prisoner,Small_HighDamage,,,,,,,,Resistance,1,2,,,,,,,Rogue,,Sleep,Male_Hair_2,Skin1,Male_Face2,Chin_Beard_red,,,Labycore Worker's Orange Jacket,Labycore Worker's Pants,,Dawnbreak Shoes,,,,1200,1200,,0,6000,10000,1000,2000,,120,DeathEffect1,,,,100,HitEffect1,,,,,,,
Labycore Guard,Small_LowDamage,,Unarmored,,,,TRUE,,Labycore,1,30,,,,,NPC_Police Baton,,Tank,,,Male_Hair_9,Skin1,Male_Face6,,,,NPC MALE Prison Warder Jacket,NPC MALE Prison Warder Pants,,NPC MALE Prison Warder Shoes,,,,,,4000,10000,6000,6000,1000,2000,70,75,DeathEffect1,,ExploMan,TRUE,105,HitEffect1,,,,,,,
Pretty Rodger,Player_Damage,Hunter,,,,,,,Mercenary,3,3,,,,,Destroyer 3000,,Rogue,,Sleep,Male_Hair_2,Skin1,Male_Face2,Chin_Beard_red,Barebones Hat,,Awesome Jacket,Acute Black Jeans,,Dawnbreak Shoes,,,,1200,1200,,0,6000,10000,1000,2000,,120,DeathEffect1,,,,100,HitEffect1,,,,,,,
Hartmann,Small_LowDamage,,Unarmored,,,,,,Refugee,1,30,,,,,,,Junkie_Prisoner,,,Don's Toupee_black,Skin1,Male_Face3,,,,,Labycore Worker's Trousers,,Dawnbreak Shoes,,,TRUE,,,,,,,,,,75,DeathEffect1,,ExploMan,TRUE,100,HitEffect1,,,,,,,
Slave Dancer,Medium_HighDamage,,Unarmored,,,,,,Resistance,1,30,,,,,,,Dance_Girl,,,Female_Hair_5_blonde,female_skin1,Female_Face3,,,,NPC FEMALE Valkyeries Jacket 01,,,,,,TRUE,,,4000,10000,,,,,,,,,,,100,,,,,,,,
Enslaved Dancer,Medium_HighDamage,,Unarmored,,,,,,Resistance,1,30,,,,,,,Dance_Girl,,,Female_Hair_5_blonde,female_skin1,Female_Face3,,,,NPC FEMALE Valkyeries Jacket 01,,,,,,TRUE,,,4000,10000,,,,,,,,,,,100,,,,,,,,
Mad Dog Hitman,Big_LowDamage,,Armored,,,,TRUE,,Mad Dogs,1,30,,,,,Zweihander,,Mutant,,,Male_Hair_5,Skin1,Male_Face3,,,,Great Suit Jacket,Typical Suit Trousers,,Cool Black Shoes,,,,,,4000,10000,3000,6000,1000,2000,50,75,DeathEffect1,,ExploMan,TRUE,,HitEffect1,,,,,,,
Green Peter,Small_LowDamage,,Unarmored,,,,,,Junkie,1,30,,,,,,,Junkie,,,Male_Hair_2,Skin4,Male_Face3,,,,Offender's Two Tone Vest,Stiff Trousers,,Old Open Shoes,,,TRUE,,,,,,,,,,75,DeathEffect1,,ExploMan,TRUE,100,HitEffect1,,,,,,,
Loot Master,Boss_Default,,Mechanical,,,,TRUE,,Labycore,1,30,SentryBot Slammer,,Plans: Sniper,,Regular Minigun,,NPC_Sentrybot,Idle,,,Sentrybot,,,,,,,,,,,,,,4000,10000,3000,6000,1000,2000,50,75,ExploRobot,TRUE,ExploRobot,,100,HitEffect1,VoBossDeathMechanical,,,,,,
,,,,,,,,,,,,,,Plans: Rifle,,,,,,,,,,,,,,,,,,,,,,,,,,,,,,,,,,,,,,,,,,
,,,,,,,,,,,,,,Plans: Machinegun,,,,,,,,,,,,,,,,,,,,,,,,,,,,,,,,,,,,,,,,,,
Glutton,Boss_Tier3,,Armored,,,,TRUE,,Mutants,30,30,Praepropere,,Plans: Great Thick Pants,,,,Pigman,,,,NPC Pigman,,,,,,,,,,,,,,4000,10000,6000,6000,1000,2000,70,100,DeathEffect1,,ExploMan,TRUE,130,HitEffect1,VoMutantDeath,,,,,,
,,,,,,,,,,,,Forente,,Plans: Trooper's Headscarf,,,,,,,,,,,,,,,,,,,,,,,,,,,,,,,,,,,,,,,,,,
,,,,,,,,,,,,Nimis,,Plans: Bandit's Headscarf,,,,,,,,,,,,,,,,,,,,,,,,,,,,,,,,,,,,,,,,,,
,,,,,,,,,,,,,,Plans: Gastrointestinal Nuclear-powered Heliogroper,,,,,,,,,,,,,,,,,,,,,,,,,,,,,,,,,,,,,,,,,,
,,,,,,,,,,,,,,Plans: Janitorial Multiadapter,,,,,,,,,,,,,,,,,,,,,,,,,,,,,,,,,,,,,,,,,,
,,,,,,,,,,,,,,Plans: Fulmar [Insta-Healer],,,,,,,,,,,,,,,,,,,,,,,,,,,,,,,,,,,,,,,,,,
,,,,,,,,,,,,,,Plans: Snow Owl [Prolonger],,,,,,,,,,,,,,,,,,,,,,,,,,,,,,,,,,,,,,,,,,
,,,,,,,,,,,,,,Plans: Incinerator [Leviathan],,,,,,,,,,,,,,,,,,,,,,,,,,,,,,,,,,,,,,,,,,
Wrath,Boss_Tier2,,Armored,,,,TRUE,,Mutants,30,30,Impatience,,Plans: High Power Sash,,Wrath of God,,Mutant,,,,NPC Mutant skin2,,,,,,Worthy Dark Jeans,,,,,,,,4000,10000,6000,6000,1000,2000,70,100,DeathEffect1,,ExploMan,TRUE,120,HitEffect1,VoMutantDeath,,,,,TRUE,
,,,,,,,,,,,,Revenge,,Plans: Superfine Sash,,,,,,,,,,,,,,,,,,,,,,,,,,,,,,,,,,,,,,,,,,
,,,,,,,,,,,,,,Plans: Exquisite Tactical Gloves,,,,,,,,,,,,,,,,,,,,,,,,,,,,,,,,,,,,,,,,,,
,,,,,,,,,,,,,,Plans: Magnetized Ensnaer,,,,,,,,,,,,,,,,,,,,,,,,,,,,,,,,,,,,,,,,,,
Vigilantes,Elite_Big_HighDamage,,Unarmored,,,,TRUE,,Mutants,1,30,,,,,,,Rogue,,,,NPC Mutant skin3,,,,,,,,,,,,,,4000,10000,3000,6000,1000,2000,70,80,,,ExploAnt,TRUE,100,,,,,,VoMutantAttack,,
Evagrius the Solitary,Big_LowDamage,,Unarmored,,,,,,Resistance,1,30,,,,,Dark Angel,,Rogue,,,Male_Hair_3_black,Skin2,Male_Face1,,,Brain Interface,No Nonsense Shirt,No Nonsense Pants,NPC Yellow Working Gloves,Great Black Shoes,,,,500,1100,4000,10000,3000,6000,1000,2000,50,75,DeathEffect1,,ExploMan,TRUE,100,HitEffect1,,,,,,,
Envy,Boss_Tier2,,Armored,,,,TRUE,,Mutants,30,30,Jealosy,,Plans: Cool Walkers,,,,Mutant,,,,NPC Mutant skin1,,,,,,Acute Camo Pants,,,,,,,,4000,10000,6000,6000,1000,2000,70,100,DeathEffect1,,ExploMan,TRUE,110,HitEffect1,VoMutantDeath,,,,,TRUE,
,,,,,,,,,,,,Slammer,,Plans: Exquisite Visors,,,,,,,,,,,,,,,,,,,,,,,,,,,,,,,,,,,,,,,,,,
,,,,,,,,,,,,,,Plans: Awesome Visors,,,,,,,,,,,,,,,,,,,,,,,,,,,,,,,,,,,,,,,,,,
,,,,,,,,,,,,,,Plans: Excellent Sash,,,,,,,,,,,,,,,,,,,,,,,,,,,,,,,,,,,,,,,,,,
,,,,,,,,,,,,,,Plans: High Power Tactical Gloves,,,,,,,,,,,,,,,,,,,,,,,,,,,,,,,,,,,,,,,,,,
,,,,,,,,,,,,,,Plans: Hyperblaster Rifle,,,,,,,,,,,,,,,,,,,,,,,,,,,,,,,,,,,,,,,,,,
Chimera,Boss_Tier3,,Armored,,,,TRUE,,Mutants,30,30,Bixie,,Plans: Redeemer Guard,,,,NPC_Gorilla,,,,NPC Chimera,,,,,,,,,,,,,,4000,10000,6000,6000,1000,2000,70,100,DeathEffect1,,ExploMan,TRUE,120,HitEffect1,VoMutantDeath,,,,,,
,,,,,,,,,,,,Qilin,,Plans: Blessing Guard,,,,,,,,,,,,,,,,,,,,,,,,,,,,,,,,,,,,,,,,,,
,,,,,,,,,,,,Alchemy Boost,,Plans: Terror Secretion,,,,,,,,,,,,,,,,,,,,,,,,,,,,,,,,,,,,,,,,,,
,,,,,,,,,,,,,,Plans: High-speed Aeropants,,,,,,,,,,,,,,,,,,,,,,,,,,,,,,,,,,,,,,,,,,
,,,,,,,,,,,,,,Plans: Gastrowire,,,,,,,,,,,,,,,,,,,,,,,,,,,,,,,,,,,,,,,,,,
,,,,,,,,,,,,,,Plans: Gyrocontigation Necklace,,,,,,,,,,,,,,,,,,,,,,,,,,,,,,,,,,,,,,,,,,
,,,,,,,,,,,,,,Plans: Gravitic Contigation Boots,,,,,,,,,,,,,,,,,,,,,,,,,,,,,,,,,,,,,,,,,,
,,,,,,,,,,,,,,Plans: Powered Guiding Boots,,,,,,,,,,,,,,,,,,,,,,,,,,,,,,,,,,,,,,,,,,
,,,,,,,,,,,,,,Plans: Single-shot Terraripper,,,,,,,,,,,,,,,,,,,,,,,,,,,,,,,,,,,,,,,,,,
,,,,,,,,,,,,,,Plans: Blight Sawer,,,,,,,,,,,,,,,,,,,,,,,,,,,,,,,,,,,,,,,,,,
,,,,,,,,,,,,,,Plans: Silver Owl [Prolonger],,,,,,,,,,,,,,,,,,,,,,,,,,,,,,,,,,,,,,,,,,
,,,,,,,,,,,,,,Plans: Golden Angel [Area-Healer],,,,,,,,,,,,,,,,,,,,,,,,,,,,,,,,,,,,,,,,,,
,,,,,,,,,,,,,,Plans: Obliterator [Leviathan],,,,,,,,,,,,,,,,,,,,,,,,,,,,,,,,,,,,,,,,,,
Revenger,Elite_Big_HighDamage,,Unarmored,,,,TRUE,,Mutants,1,30,Healing Power,,,,,,Tank,,,,NPC Mutant skin1,,,,,,,,,,,,,,4000,10000,3000,6000,1000,2000,70,80,,,ExploAnt,TRUE,100,,,,,,VoMutantAttack,,
,,,,,,,,,,,,Stun Grenade,,,,,,,,,,,,,,,,,,,,,,,,,,,,,,,,,,,,,,,,,,,,
Dr. Evil Emmett,Boss_Tier3,,Armored,,,,TRUE,,Labycore,30,30,Daddy knows the best,,Plans: Superfine Visors,,Shadow Shot,,Fatman,,Sleep,Male_Hair_1,Skin1,Male_Face3,Lemmy_Sideburners_red,,Orbital Optics,Splatter-repelling Jacket,Splatter-repelling Pants,Wolfskin Gloves,The Go-Getters,All-around Belt,Neck Hugger,,400,,4000,10000,100,10000,1000,2000,50,70,DeathEffect1,,ExploMan,TRUE,130,HitEffect1,VoBossDeathBigThug,,,,,,
,,,,,,,,,,,,Daddys Payback,,Plans: Savior Barrier,,,,,,,,,,,,,,,,,,,,,,,,,,,,,,,,,,,,,,,,,,
,,,,,,,,,,,,You Killed My Sons,,Plans: Confession Armor,,,,,,,,,,,,,,,,,,,,,,,,,,,,,,,,,,,,,,,,,,
,,,,,,,,,,,,Emmett Heal,,Plans: Daath Guard,,,,,,,,,,,,,,,,,,,,,,,,,,,,,,,,,,,,,,,,,,
,,,,,,,,,,,,,,Plans: Polarized Patchator,,,,,,,,,,,,,,,,,,,,,,,,,,,,,,,,,,,,,,,,,,
,,,,,,,,,,,,,,Plans: Optical Limb Modifier,,,,,,,,,,,,,,,,,,,,,,,,,,,,,,,,,,,,,,,,,,
,,,,,,,,,,,,,,Plans: Powered Charging Pants,,,,,,,,,,,,,,,,,,,,,,,,,,,,,,,,,,,,,,,,,,
,,,,,,,,,,,,,,Plans: High-power Negadestroyer,,,,,,,,,,,,,,,,,,,,,,,,,,,,,,,,,,,,,,,,,,
,,,,,,,,,,,,,,Plans: Undertaker [Leviathan],,,,,,,,,,,,,,,,,,,,,,,,,,,,,,,,,,,,,,,,,,
,,,,,,,,,,,,,,Plans: Lifebringer [Insta-Healer],,,,,,,,,,,,,,,,,,,,,,,,,,,,,,,,,,,,,,,,,,
Prototype Glutton,Elite_Big_HighDamage,,Armored,,,,TRUE,,Mutants,30,30,Praepropere,,,,,,Pigman,,,,NPC Pigman,,,,,,,,,,,,,,4000,10000,6000,6000,1000,2000,70,100,DeathEffect1,,ExploMan,TRUE,100,HitEffect1,VoMutantDeath,,,,,,
Prototype Chimera,Elite_Big_HighDamage,,Armored,,,,TRUE,,Mutants,30,30,Bixie,,,,,,NPC_Gorilla,,,,NPC Chimera,,,,,,,,,,,,,,4000,10000,6000,6000,1000,2000,70,100,DeathEffect1,,ExploMan,TRUE,95,HitEffect1,VoMutantDeath,,,,,,
Deadguy,Big_LowDamage,,Armored,,,,,,Knocked down,1,30,,,,,Acedia,,TankKnockedout,,,Male_Hair_2,Skin1,Male_Face1,,,Acute Aviator Shades,No Nonsense Shirt,No Nonsense Pants,NPC Yellow Working Gloves,Great Black Shoes,,,,500,1100,4000,10000,3000,6000,1000,2000,50,75,DeathEffect1,,ExploMan,TRUE,100,HitEffect1,,,,,,,
Buttler,Big_LowDamage,,Unarmored,,,,,,Resistance,1,30,,,,,,,TankFemale,,,Female_Hair_7,female_skin1,Female_Face3,,,Brain Interface,No Nonsense Shirt,No Nonsense Pants,NPC Yellow Working Gloves,Great Black Shoes,,,,500,1100,4000,10000,3000,6000,1000,2000,50,75,DeathEffect1,,ExploMan,TRUE,100,HitEffect1,,,,,,,
Mr. Dawnbreak,Big_LowDamage,,Unarmored,,,,,,Resistance,1,30,,,,,,,Rogue,,,Male_Hair_10,Skin4,Male_Face11,,,Brain Interface,High-Power Suit Jacket,No Nonsense Pants,NPC Yellow Working Gloves,Great Black Shoes,,,,500,1100,4000,10000,3000,6000,1000,2000,50,75,DeathEffect1,,ExploMan,TRUE,100,HitEffect1,,,,,,,
Bouncer,Big_LowDamage,,Unarmored,,,,,,Resistance,1,30,,,,,,,Rogue,,,Male_Hair_12_black,Skin4,Male_Face5,,,Brain Interface,Skinner Jacket,Skinner Pants,NPC Yellow Working Gloves,Great Black Shoes,,,,500,1100,4000,10000,3000,6000,1000,2000,50,75,DeathEffect1,,ExploMan,TRUE,110,HitEffect1,,,,,,,
deadman,Big_LowDamage,,Armored,,,,,,Knocked down,1,30,,,,,,,TankKnockedout,,,Male_Hair_2,Skin5,Male_Face1,,,Brain Interface,No Nonsense Shirt,No Nonsense Pants,NPC Yellow Working Gloves,Great Black Shoes,,,,500,1100,4000,10000,3000,6000,1000,2000,50,75,DeathEffect1,,ExploMan,TRUE,100,HitEffect1,,,,,,,
dying woman,Big_LowDamage,,Armored,,,,,,Knocked down,1,30,,,,,,,NPC_F_Junkie,,,Female_Hair_7,female_skin1,Female_Face3,,,Brain Interface,No Nonsense Shirt,,NPC Yellow Working Gloves,Great Black Shoes,,,,500,1100,4000,10000,3000,6000,1000,2000,50,75,DeathEffect1,,ExploMan,TRUE,100,HitEffect1,,,,,,,
Shane,Big_LowDamage,,Armored,,,,,,Resistance,1,30,,,,,Singular Iron Pipe,,Rogue,,,Male_Hair_2,Skin5,Male_Face1,,,,,No Nonsense Pants,NPC Yellow Working Gloves,Great Black Shoes,,,,500,1100,4000,10000,3000,6000,1000,2000,50,75,DeathEffect1,,ExploMan,TRUE,100,HitEffect1,,,,,,,
Glenn,Big_LowDamage,,Armored,,,,,,Resistance,1,30,,,,,Cool Flat Iron,,Rogue,,,Male_Hair_2,Skin3,Male_Face1,,,,Dawnbreak T-Shirt,No Nonsense Pants,NPC Yellow Working Gloves,Great Black Shoes,,,,500,1100,4000,10000,3000,6000,1000,2000,50,75,DeathEffect1,,ExploMan,TRUE,100,HitEffect1,,,,,,,
Dale,Big_LowDamage,,Armored,,,,,,Resistance,1,30,,,,,Acute 9mm Pistol,,Tank,,,Male_Hair_2,Skin6,Male_Face1,,,Aiming Visor,Worn Multicolor T-shirt,No Nonsense Pants,,Great Black Shoes,,,,500,1100,4000,10000,3000,6000,1000,2000,50,75,DeathEffect1,,ExploMan,TRUE,100,HitEffect1,,,,,,,
Sneaky Zombie,Boss_Tier3,,Armored,,,,TRUE,,Undead,30,30,Braindead,,Plans: The Ash,,,,Mutant,,,Male_Hair_14,Zombie_skin3,Zombie_Face8,,,,Armored Shirt,Worthy Dark Jeans,,,,,,,,4000,10000,6000,6000,1000,2000,70,100,DeathEffect1,,ExploMan,TRUE,130,HitEffect1,VoMutantDeath,,,,,TRUE,
,,,,,,,,,,,,Evil Dead,,,,,,,,,,,,,,,,,,,,,,,,,,,,,,,,,,,,,,,,,,,,
,,,,,,,,,,,,Night of the Living Dead,,,,,,,,,,,,,,,,,,,,,,,,,,,,,,,,,,,,,,,,,,,,
Undead Worker,Medium_HighDamage,,Unarmored,,,,TRUE,,Undead,1,30,,,,,,,Zombie,,,,Zombie_skin3,Zombie_Face3,,,,Elastic Labcoat,Acute Camo Pants,,,,,,,,4000,10000,3000,6000,1000,2000,70,100,DeathEffect1,,ExploAnt,TRUE,,HitEffect1,,,,,VoZombieAttack,,
Undead Cop,Big_HighDamage,,Unarmored,,,,TRUE,,Undead,1,30,Undead Blow,,,,,,Zombie,,,,Zombie_skin1,Zombie_Face1,,,,NPC MALE Prison Warder Jacket,NPC MALE Prison Warder Pants,,,,,,,,4000,10000,3000,6000,1000,2000,70,100,DeathEffect1,,ExploAnt,TRUE,,HitEffect1,,,,,VoZombieAttack,,
Undead Hunter,Small_HighDamage,,Unarmored,,,,TRUE,,Undead,1,30,Headbite,,,,,,RogueFemale,,,Female_Hair_1_black,Zombie_skin_female1,Zombie_Face_Female1,,,,,,,,,,,,,4000,10000,3000,6000,1000,2000,70,100,DeathEffect1,,ExploAnt,TRUE,,HitEffect1,,,,,VoZombieAttack,,
Zombie Worker,Elite_Medium_HighDamage,,Unarmored,,,,TRUE,,Undead,1,30,,,,,,,Zombie,,,,Zombie_skin3,Zombie_Face3,,,,Elastic Labcoat,Acute Camo Pants,,,,,,,,4000,10000,3000,6000,1000,2000,70,100,DeathEffect1,,ExploAnt,TRUE,,HitEffect1,,,,,VoZombieAttack,,
Zombie Cop,Elite_Big_HighDamage,,Unarmored,,,,TRUE,,Undead,1,30,Undead Blow,,,,,,Zombie,,,,Zombie_skin1,Zombie_Face1,,,,NPC MALE Prison Warder Jacket,NPC MALE Prison Warder Pants,,,,,,,,4000,10000,3000,6000,1000,2000,70,100,DeathEffect1,,ExploAnt,TRUE,,HitEffect1,,,,,VoZombieAttack,,
Zombie Hunter,Elite_Small_HighDamage,,Unarmored,,,,TRUE,,Undead,1,30,Headbite,,,,,,RogueFemale,,,Female_Hair_2_black,Zombie_skin_female1,Zombie_Face_Female1,,,,,,,,,,,,,4000,10000,3000,6000,1000,2000,70,100,DeathEffect1,,ExploAnt,TRUE,,HitEffect1,,,,,VoZombieAttack,,
Zombie Half,Elite_Medium_HighDamage,,Unarmored,,,,TRUE,,Undead,1,30,,,,,,,Zombiehalf,,,,Zombie_skin3,Zombie_Face3,,,,Elastic Labcoat,Acute Camo Pants,,,,,,,,4000,10000,3000,6000,1000,2000,70,100,DeathEffect1,,ExploAnt,TRUE,,HitEffect1,,,,,VoZombieAttack,,
Angelin,Big_LowDamage,,Unarmored,,,,,,Resistance,1,30,,,,,,,TankFemale,,,Female_Hair_8_blonde,female_skin3,Female_Face3,,,,Orderly's Shirt,Orderly's Pants,NPC Yellow Working Gloves,Great Black Shoes,,,,500,1100,4000,10000,3000,6000,1000,2000,50,75,DeathEffect1,,ExploMan,TRUE,100,HitEffect1,,,,,,,
General Adama,Big_HighDamage_Escort,,Armored,,,,,TRUE,Resistance,1,30,,,,,Dirty,,Fatman,,,Male_Hair_5_black,Skin5,Male_Face1,,,,Predator Jacket,Predator Pants,NPC Yellow Working Gloves,Great Black Shoes,,,,500,1100,4000,10000,3000,6000,1000,2000,50,75,DeathEffect1,,ExploMan,TRUE,100,HitEffect1,,,,,,,
Quartermaste,Big_LowDamage,,Unarmored,,,,,,Resistance,1,30,,,,,Bullet Shover,,Tank,,,Male_Hair_3_black,Skin4,Male_Face1,,,,No Nonsense Shirt,No Nonsense Pants,NPC Yellow Working Gloves,Great Black Shoes,,,,500,1100,4000,10000,3000,6000,1000,2000,50,75,DeathEffect1,,ExploMan,TRUE,100,HitEffect1,,,,,,,
Frank,Big_LowDamage,,Unarmored,,,,,,Resistance,1,30,,,,,,,TankKnockedout,,,Male_Hair_3_black,Skin2,Male_Face1,,,,Midnight Jacket,Midnight Pants,NPC Yellow Working Gloves,Great Black Shoes,,,,500,1100,4000,10000,3000,6000,1000,2000,50,75,DeathEffect1,,ExploMan,TRUE,100,HitEffect1,,,,,,,
Wheezing Phil,Big_LowDamage,,Unarmored,,,,,,Resistance,1,30,,,,,Thug's Tech Sword,,Rogue,,,Male_Hair_3_black,Skin2,Male_Face1,,,,Dawnbreak T-Shirt,Dawnbreak Jeans,NPC Yellow Working Gloves,Great Black Shoes,,,,500,1100,4000,10000,3000,6000,1000,2000,50,75,DeathEffect1,,ExploMan,TRUE,100,HitEffect1,,,,,,,
Bearded Zombie,Medium_HighDamage,,Unarmored,,,,TRUE,,Undead,1,30,,,,,,,Zombie,,,Male_Hair_8,Zombie_skin2,Zombie_Face5,Beard_Long,,,,NPC MALE Hooligans Pants 02,,NPC Male Hooligans Shoes 01,,,,500,1100,4000,10000,3000,6000,1000,2000,50,75,DeathEffect1,,ExploMan,TRUE,,HitEffect1,VoZombieDeath,,,,VoZombieAttack,,
Half Zombie,Medium_HighDamage,,Unarmored,,,,TRUE,,Undead,1,30,,,,,,,Zombiehalf,,,Male_Hair_9,Zombie_skin1,Zombie_Face5,,,,,NPC MALE Hooligans Pants 02,,NPC Male Hooligans Shoes 01,,,,200,800,4000,10000,3000,6000,1000,2000,50,55,DeathEffect1,,ExploMan,TRUE,,HitEffect1,VoZombieDeath,,,,VoZombieAttack,,
Zombie Knocker,Elite_Medium_HighDamage,,Unarmored,,,,TRUE,,Mutants,1,30,,,,,,,Zombieknocker,,,,Zombie_skin3,Zombie_Face3,,,,Elastic Labcoat,Acute Camo Pants,,,,,,,,4000,10000,3000,6000,1000,2000,70,100,DeathEffect1,,ExploAnt,TRUE,,HitEffect1,VoZombieDeath,,,,VoZombieAttack,,
Mr. Grimes,Big_LowDamage_Escort,,Armored,,,,,,Resistance,1,30,,,,,Kingfisher,,Rogue,,,Male_Hair_3_blonde,Skin1,Male_Face1,,,Aiming Visor,Utility Jacket,Utility Pants,One Shot Gloves,Great Black Shoes,,,,500,1100,4000,10000,3000,6000,1000,2000,50,75,DeathEffect1,,ExploMan,TRUE,100,HitEffect1,,,,,,,
Cholera,Mini_Boss_Default,,Unarmored,,,,TRUE,,Undead,1,30,,TRUE,,,,,Mutant,,,Male_Hair_12_black,Zombie_skin3,Zombie_Face4,,,,,NPC GENERIC Black Pants,,,,,,500,1100,4000,10000,6000,10000,1000,2000,,120,Decapitation,TRUE,Decapitation,TRUE,120,HitEffect1,VoZombieDeath,,,,VoZombieAttack,,
Knock Knock Zombie,Medium_HighDamage,,Unarmored,,,,TRUE,,Undead,1,30,,,,,,,Zombieknocker,,,Male_Hair_9,Zombie_skin1,Zombie_Face1,Basic_Mustache,,,Plain Butcher's Jacket,NPC MALE Hooligans Pants 02,,NPC Male Hooligans Shoes 01,,,,,500,4000,10000,3000,6000,1000,2000,2,0,DeathEffect1,,ExploMan,TRUE,,HitEffect1,VoZombieDeath,,,,VoZombieAttack,,
Brains,Boss_Tier3,,Armored,,,,TRUE,,Undead,30,30,The Aftermath,,Plans: Science Cowboyhat of Brains,,Dirty,,Rogue,,,Don's Toupee_red,Zombie_skin3,Zombie_Face4,,,,Typical Butcher's Jacket,Everyday Butcher's Pants,,,,,,,,4000,10000,6000,6000,1000,2000,70,100,DeathEffect1,,ExploMan,TRUE,130,HitEffect1,VoZombieDeath,,,,VoZombieAttack,TRUE,
,,,,,,,,,,,,Re-animator,,Plans: Science Cowboycap of Brains,,,,,,,,,,,,,,,,,,,,,,,,,,,,,,,,,,,,,,,,,,
,,,,,,,,,,,,Cemetery,,,,,,,,,,,,,,,,,,,,,,,,,,,,,,,,,,,,,,,,,,,,
Zombie Boss,Big_LowDamage,,Armored,,,,TRUE,,Mutants,30,30,Zombie Slammer,,,,Zombieboss Head,,Zombieboss,,,,Zombieboss_skin1,Zombieboss_skin1,,,,,Acute Camo Pants,,,,,,500,500,4000,10000,3000,6000,1000,2000,70,100,DeathEffect1,,ExploAnt,TRUE,,HitEffect1,,,,,VoZombieAttack,,
,,,,,,,,,,,,Zombie 360,,,,,,,,,,,,,,,,,,,,,,,,,,,,,,,,,,,,,,,,,,,,
,,,,,,,,,,,,Zombie Push,,,,,,,,,,,,,,,,,,,,,,,,,,,,,,,,,,,,,,,,,,,,
Mum in distress,Big_LowDamage,,Unarmored,,,,,,Resistance,1,30,,,,,,,TankFemale,,,Female_Hair_1,female_skin1,Female_Face3,,,,Acute Hooded Jacket,Rural Pants,NPC Yellow Working Gloves,Great Black Shoes,,,,500,1100,4000,10000,3000,6000,1000,2000,50,75,DeathEffect1,,ExploMan,TRUE,100,HitEffect1,,,,,,,
Rose,Big_LowDamage,,Unarmored,,,,,,Resistance,1,30,,,,,,,RogueFemale,,,Female_Hair_10_black,female_skin2,Female_Face3,,,,Sailing Jacket,Sailing Pants,NPC Yellow Working Gloves,Great Black Shoes,,,,500,1100,4000,10000,3000,6000,1000,2000,50,75,DeathEffect1,,ExploMan,TRUE,100,HitEffect1,,,,,,,
Michelle Kneiffer,Big_LowDamage,,Unarmored,,,,,,Resistance,1,30,,,,,,,TankFemale,,,Female_Hair_9_black,female_skin3,Female_Face1,,,,Range Shirt,Range Trousers,NPC Yellow Working Gloves,Great Black Shoes,,,,500,1100,4000,10000,3000,6000,1000,2000,50,75,DeathEffect1,,ExploMan,TRUE,100,HitEffect1,,,,,,,
Zeela,Big_LowDamage,,Unarmored,,,,,,Resistance,1,30,,,,,,,RogueFemale,,,Female_Hair_7_black,female_skin1,Female_Face3,,,,Manhunter's Coat,Orderly's Pants,NPC Yellow Working Gloves,Great Black Shoes,,,,500,1100,4000,10000,3000,6000,1000,2000,50,75,DeathEffect1,,ExploMan,TRUE,100,HitEffect1,,,,,,,
Zombie Striper,Medium_HighDamage,,Unarmored,,,,TRUE,,Undead,1,30,,,,,,,CyberGirl,,,Female_Hair_1,Zombie_skin_female1,Zombie_Face_Female1,,,,,,,,,,,501,1101,4001,10001,3001,6001,1001,2001,51,76,,,,,95,,VoZombieDeath,,,,VoZombieAttack,,
Zombie Dancer,Big_HighDamage,,Unarmored,,,,TRUE,,Undead,1,30,,,,,,,RogueFemale,,,Female_Hair_2_black,Zombie_skin_female1,Zombie_Face_Female1,,,,,,,,,,,502,1102,4002,10002,3002,6002,1002,2002,52,77,,,,,110,,VoZombieDeath,,,,VoZombieAttack,,
Undead Labycore,Medium_HighDamage,,Armored,,,,TRUE,,Undead,1,30,Zombie Stun Grenade,,,,,,Zombie,,,Male_Hair_7,Zombie_skin3,Zombie_Face4,beard_black_full,,,Healing Scrubs of Epic,NPC MALE Hired Guns Pants 02,,Average Black Shoes,,,,,500,4000,10000,3000,6000,1000,2000,50,65,,,,,,,VoZombieDeath,,,,VoZombieAttack,,
Chief Mechanic Bob,Big_LowDamage_Escort,,Armored,,,,,,Resistance,1,30,,,,,Atomic Wrench,,Fatman,,,Male_Hair_3_blonde,Skin1,Male_Face1,,,Acute Aviator Shades,Hot Jacket,One Shot Pants,One Shot Gloves,Great Black Shoes,,,,500,1100,4000,10000,3000,6000,1000,2000,50,75,DeathEffect1,,ExploMan,TRUE,100,HitEffect1,,,,,,,
Amsterdam,Big_LowDamage_Escort,,Armored,,,,,,Resistance,1,30,,,,,Ace of Spades,,Tank,,,Male_Hair_3_blonde,Skin4,Male_Face1,,,,Vigilante Jacket,Utility Pants,,Great Black Shoes,,,,500,1100,4000,10000,3000,6000,1000,2000,50,75,DeathEffect1,,ExploMan,TRUE,100,HitEffect1,,,,,,,
Burning Zombie,Medium_HighDamage,,Unarmored,,,,TRUE,,Undead,1,30,Burning Zombie,,,,Zombie Fire,,Zombie_On_Fire,,,Male_Hair_8,Zombie_skin1,Zombie_Face5,beard_red_full,,,,Plain Butcher's Pants,,NPC Male Hooligans Shoes 01,,,,,,4000,10000,3000,6000,1000,2000,50,75,DeathEffect1,,ExploMan,TRUE,,HitEffect1,VoZombieDeath,,,,VoZombieAttack,,
Plague,Mini_Boss_Default,,Unarmored,,,,TRUE,,Undead,1,30,Hired Guns Bazooka,TRUE,,,NPC_MeleeBazooka,,Mutant,,,Male_Hair_9,Zombie_skin1,Zombie_Face5,,,,,NPC GENERIC Black Pants,,,,,,500,1100,4000,10000,6000,10000,1000,2000,,120,Decapitation,TRUE,Decapitation,TRUE,120,HitEffect1,VoZombieDeath,,,,VoZombieAttack,,
Paris,Medium_HighDamage,,Unarmored,,,,,,Dead,1,30,,,,,,,NPC_F_Junkie,,,,Zombie_skin_female1,Zombie_Face_Female1,,,,Range Shirt,Range Trousers,,Great Black Shoes,,,,500,1100,4000,10000,3000,6000,1000,2000,50,75,DeathEffect1,,ExploMan,TRUE,100,HitEffect1,,,,,,,
Billy,Small_HighDamage,,Unarmored,,,,TRUE,,Undead,1,30,,,,,,,Zombiehalf,,,Male_Hair_1,Zombie_skin3,Zombie_Face1,,,,,NPC MALE Hooligans Pants 02,,NPC Male Hooligans Shoes 01,,,,200,800,4000,10000,3000,6000,1000,2000,50,55,DeathEffect1,,ExploMan,TRUE,,HitEffect1,VoZombieDeath,,,,VoZombieAttack,,
Franky,Elite_Medium_HighDamage,,Unarmored,,,,TRUE,,Mutants,1,30,,,,,,,Zombieknocker,,,Male_Hair_12,Zombie_skin2,Zombie_Face4,,,,Standard Suede Jacket,Anarchy Jeans,,,,,,,,4000,10000,3000,6000,1000,2000,70,100,DeathEffect1,,ExploAnt,TRUE,,HitEffect1,VoZombieDeath,,,,VoZombieAttack,,
Nora,Big_LowDamage_Escort,,Unarmored,,,,,,Resistance,1,30,,,,,,,RogueFemale,,,Female_Hair_3_black,female_skin2,Female_Face1,,,,Usual Gray Sweater,Orderly's Pants,NPC Yellow Working Gloves,Great Black Shoes,,,,500,1100,4000,10000,3000,6000,1000,2000,50,75,DeathEffect1,,ExploMan,TRUE,95,HitEffect1,,,,,,,
Vindicator,Mini_Boss_Default,,Armored,,,,TRUE,,Undead,1,30,Bane,TRUE,,,,,Mutant,,,Don's Toupee_black,Zombie_skin1,Zombie_Face4,,,,,Plain Butcher's Pants,,,,,,500,1100,4000,10000,6000,10000,1000,2000,,120,Decapitation,TRUE,Decapitation,TRUE,120,HitEffect1,VoZombieDeath,,,,VoZombieAttack,,
Kismet,Big_LowDamage,,Unarmored,,,,,,Resistance,1,30,,,,,,,RogueFemale,,,Female_Hair_6_blonde,female_skin2,Female_Face3,,,,Bulldog Shirt,Pitbull Pants,NPC Yellow Working Gloves,Great Black Shoes,,,,500,1100,4000,10000,3000,6000,1000,2000,50,75,DeathEffect1,,ExploMan,TRUE,100,HitEffect1,,,,,,,
Club Manager,Big_HighDamage_Escort,,Armored,,,,,,Resistance,1,30,,,,,Cool Hockey Stick,,Fatman,,,Male_Hair_7,Skin5,Male_Face11,,,,Boosted Suit Jacket,Clean Suit Pants,NPC Yellow Working Gloves,Great Black Shoes,,,,500,1100,4000,10000,3000,6000,1000,2000,50,75,DeathEffect1,,ExploMan,TRUE,100,HitEffect1,,,,,,,
The Bouncer,Big_HighDamage_Escort,,Armored,,,,,,Resistance,1,30,,,,,Illegal Club,,Tank,,,Male_Hair_8,Skin1,Male_Face1,,,Collar Visor,Flak Vest,Predator Pants,NPC Yellow Working Gloves,Great Black Shoes,,,,500,1100,4000,10000,3000,6000,1000,2000,50,75,DeathEffect1,,ExploMan,TRUE,100,HitEffect1,,,,,,,
Elvis,Big_HighDamage_Escort,,Armored,,,,,,Resistance,1,30,,,,,Dirty,,Rogue,,,Male_Hair_5_black,Skin6,Male_Face1,,,Cyclops Visor,Cordura Shirt,Comfy Slacks,NPC Yellow Working Gloves,Great Black Shoes,,,,500,1100,4000,10000,3000,6000,1000,2000,50,75,DeathEffect1,,ExploMan,TRUE,100,HitEffect1,,,,,,,
Fixer-Eddie,Big_HighDamage_Escort,,Armored,,,,,,Resistance,1,30,,,,,Dirty,,Fatman,,,Male_Hair_12,Skin5,Male_Face1,,,,Horsehair Shirt,Team Jeans,NPC Yellow Working Gloves,Great Black Shoes,,,,500,1100,4000,10000,3000,6000,1000,2000,50,75,DeathEffect1,,ExploMan,TRUE,100,HitEffect1,,,,,,,
Windy,Big_LowDamage,,Unarmored,,,,,,Resistance,1,30,,,,,,,TankFemale,,,Female_Hair_10_black,female_skin1,Female_Face3,,,Hannibal's Cybernetic Eye,Stalker Jacket,Stalker Pants,NPC Yellow Working Gloves,Great Black Shoes,,,,500,1100,4000,10000,3000,6000,1000,2000,50,75,DeathEffect1,,ExploMan,TRUE,100,HitEffect1,,,,,,,
Faux,Big_HighDamage_Escort,,Armored,,,,,,Resistance,1,30,,,,,Razor Chain,,Fatman,,,Male_Hair_5_black,Skin5,Male_Face1,,,Jagged Specs,Submariner's Spy Coat,Refugee Jeans,NPC Yellow Working Gloves,Great Black Shoes,,,,500,1100,4000,10000,3000,6000,1000,2000,50,75,DeathEffect1,,ExploMan,TRUE,100,HitEffect1,,,,,,,
Drunken Zombie,Medium_HighDamage,,Unarmored,,,,TRUE,,Undead,1,30,,,,,,,Zombie,,,Male_Hair_1,Zombie_skin3,Zombie_Face2,Lemmy_Sideburners_red,,,,Plain Butcher's Pants,,NPC Male Hooligans Shoes 01,,,,,500,4000,10000,3000,6000,1000,2000,50,75,DeathEffect1,,ExploMan,TRUE,,HitEffect1,VoZombieDeath,,,,VoZombieAttack,,
Kismets Boyfriend,Medium_HighDamage,,Unarmored,,,,TRUE,,Undead,1,30,,,,,,,Zombie,,,Male_Hair_11_black,Zombie_skin3,Zombie_Face2,,,,,No Nonsense Pants,,Great Black Shoes,,,,,500,4000,10000,3000,6000,1000,2000,50,75,DeathEffect1,,ExploMan,TRUE,,HitEffect1,VoZombieDeath,,,,VoZombieAttack,,
Armed Kismet,Big_HighDamage_Escort,,Unarmored,,,,,,Resistance,1,30,,,,,Dirty,,RogueFemale,,,Female_Hair_6_blonde,female_skin2,Female_Face3,,,,Bulldog Shirt,Pitbull Pants,NPC Yellow Working Gloves,Great Black Shoes,,,,500,1100,4000,10000,3000,6000,1000,2000,50,75,DeathEffect1,,ExploMan,TRUE,100,HitEffect1,,,,,,,
Eric,Big_HighDamage_Escort,,Unarmored,,,,,,Resistance,1,30,,,,,Destroyer 3000,,Tank,,,Male_Hair_2,Skin2,Male_Face8,,,,Acute Hooded Jacket,NPC MALE Docker Worker Pants 02,,NPC Male Mad Dogs Shoes 01,,,,900,1500,4000,10000,6000,6000,1000,2000,70,75,DeathEffect1,,ExploMan,TRUE,100,HitEffect1,,,,,,,
Shawn,Big_HighDamage,,Unarmored,,,,,,Resistance,1,30,,,,,Acute Circular Saw,,Fatman,,,Male_Hair_14,Skin2,Male_Face3,,,,Acute Gray Fit Shirt,NPC MALE Docker Worker Pants 02,,NPC Male Mad Dogs Shoes 01,,,,900,1500,4000,10000,6000,6000,1000,2000,70,75,DeathEffect1,,ExploMan,TRUE,100,HitEffect1,,,,,,,
Mira,Medium_HighDamage,,Unarmored,,,,,TRUE,Resistance,1,30,,,,,Acute 9mm Pistol,,RogueFemale,,,Female_Hair_10_blonde,female_skin1,Female_Face2,,,,Acute Brown Leather Jacket,Acute Branded Jeans,NPC Yellow Working Gloves,Great Black Shoes,,,,500,1100,4000,10000,3000,6000,1000,2000,50,75,DeathEffect1,,ExploMan,TRUE,100,HitEffect1,,,,,,,
Mac,Big_HighDamage,,Unarmored,,,,,,Resistance,1,30,,,,,45 Auto,,Tank,,,Male_Hair_3,Skin1,Male_Face7,,,,Acute Cowhide Jacket,NPC MALE Docker Worker Pants 02,,NPC Male Mad Dogs Shoes 01,,,,900,1500,4000,10000,6000,6000,1000,2000,70,75,DeathEffect1,,ExploMan,TRUE,100,HitEffect1,,,,,,,
Pablo,Big_HighDamage_Escort,,Unarmored,,,,,,Resistance,1,30,,,,,Advanced Chainsaw,,Rogue,,,Male_Hair_2,Skin1,Male_Face3,,,,Acute Cowhide Jacket,NPC MALE Docker Worker Pants 02,,NPC Male Mad Dogs Shoes 01,,,,900,1500,4000,10000,6000,6000,1000,2000,70,75,DeathEffect1,,ExploMan,TRUE,100,HitEffect1,,,,,,,
Enrico,Big_HighDamage,,Unarmored,,,,,,Resistance,1,30,,,,,Great Bat,,Tank,,,Male_Hair_14,Skin2,Male_Face3,,,,Acute Cowhide Jacket,NPC MALE Docker Worker Pants 02,,NPC Male Mad Dogs Shoes 01,,,,900,1500,4000,10000,6000,6000,1000,2000,70,75,DeathEffect1,,ExploMan,TRUE,100,HitEffect1,,,,,,,
Undead Police Commissioner,Mini_Boss_Default,,Armored,,,,TRUE,,Undead,1,30,Undead Blow,,,,,,Zombie,,,,Zombie_skin1,Zombie_Face7,,Typical Police Cap,,NPC MALE Prison Warder Jacket,Wrestling Pants,,,,,,,,4000,10000,3000,6000,1000,2000,70,100,DeathEffect1,,ExploAnt,TRUE,120,HitEffect1,,,,,VoZombieAttack,,
Sexy Zombie,Medium_HighDamage,,,,,,,,Valkyries,1,30,,,,,DancePole,,Pole_Dance_Girl,,,Female_Hair_4_black,Zombie_skin_female1,Zombie_Face_Female1,,,,,,,,,,TRUE,,,4000,10000,,,,,,,,,,,,,,,,,,,
Doctor Red,Mini_Boss_Default,,Armored,,,,TRUE,,Undead,30,30,Red Menace,,,,Shovel,,NPC_Dualmelee,,,Don's Toupee_red,Zombie_skin2,Zombie_Face6,,,,,Plain Butcher's Pants,,,,,,,,4000,10000,6000,6000,1000,2000,70,100,DeathEffect1,,ExploMan,TRUE,130,HitEffect1,VoZombieDeath,,,,VoZombieAttack,TRUE,
Filthy Zombie,Small_LowDamage,,Unarmored,,,,TRUE,,Undead,1,30,,,,,,,Zombie,,,,Zombie_skin3,Zombie_Face3,,,,Acid-splashed Casual Vest,Acute Camo Pants,,,,,,500,1100,4000,10000,3000,6000,1000,2000,70,100,DeathEffect1,,ExploAnt,TRUE,,HitEffect1,,,,,VoZombieAttack,,
Rotten Zombie,Small_LowDamage,,Unarmored,,,,TRUE,,Undead,1,30,,,,,,,Zombie,,,Male_Hair_10,Zombie_skin3,Zombie_Face3,,,,Acid-splashed Denim Vest,Acute Camo Pants,,,,,,500,1100,4000,10000,3000,6000,1000,2000,70,100,DeathEffect1,,ExploAnt,TRUE,,HitEffect1,,,,,VoZombieAttack,,
Undead Office Worker,Small_LowDamage,,Unarmored,,,,TRUE,,Undead,1,30,,,,,,,Zombie,,,,Zombie_skin3,Zombie_Face3,,,,Acid-splashed Casual Vest,Acute Camo Pants,,,,,,500,1100,4000,10000,3000,6000,1000,2000,70,100,DeathEffect1,,ExploAnt,TRUE,,HitEffect1,,,,,VoZombieAttack,,
Undead Immigration Officer,Small_LowDamage,,Unarmored,,,,TRUE,,Undead,1,30,,,,,,,Zombie,,,,Zombie_skin3,Zombie_Face3,,,,Acid-splashed Casual Vest,Acute Camo Pants,,,,,,500,1100,4000,10000,3000,6000,1000,2000,70,100,DeathEffect1,,ExploAnt,TRUE,,HitEffect1,,,,,VoZombieAttack,,
Undead Michaela,Big_HighDamage,,Unarmored,,,,TRUE,,Undead,2,30,,,,,,,RogueFemale,,,Female_Hair_4_black,Zombie_skin_female1,Zombie_Face_Female1,,,,Street Wise Open Blouse,Special Striped Trousers,,Standard Boots,,,,500,1100,4000,10000,3000,6000,1000,2000,70,100,DeathEffect1,,ExploAnt,TRUE,,HitEffect1,VoZombieFemaleDeath,,,,VoZombieAttack,,
Lost Scout,Big_HighDamage_Escort,,Armored,,,,,,Resistance,1,30,,,,,Okayish Plank,,Tank,,,Male_Hair_14_black,Skin3,Male_Face11,Lemmy_Sideburners_red,,,Stalker Jacket,Stalker Pants,,NPC Male Hooligans Shoes 01,,,,,,4000,10000,3000,6000,1000,2000,70,100,DeathEffect1,,ExploMan,TRUE,100,HitEffect1,,,,,,,
Avenue Zombie,Medium_LowDamage,,Unarmored,,,,TRUE,,Undead,,,,,,,,,Zombie,,,,Zombie_skin2,Zombie_Face8,,,,,,,,,,,500,1100,4000,10000,3000,6000,1000,2000,70,100,DeathEffect1,,ExploAnt,TRUE,,HitEffect1,VoZombieDeath,,,,VoZombieAttack,,
Mad Dog Members,Medium_LowDamage,,Unarmored,,,,TRUE,,Mad Dogs,1,30,,,,,Antiquated Knife,,Rogue,,,Male_Hair_13_black,Skin2,Male_Face6,,,,Awesome Skull T-shirt,Acute Striped Trousers,,,,,,,,,,,,,,,,DeathEffect1,,,,100,HitEffect1,,,,,,,
Mole,Small_HighDamage,,Unarmored,,,,,,Resistance,1,30,,,,,,,Tank,,,Male_Hair_8,Skin1,Male_Face3,Fancy_Mustache_red,,,Dawnbreak Shirt,Regular Stonewashed,,Average Boots,,,,500,1200,4000,10000,6000,6000,1000,2000,70,100,,,,,100,,,,,,,,
Undead Guard,Big_HighDamage_Escort,,Unarmored,,,,TRUE,,Undead,1,30,Undead Blow,,,,,,Zombie,,,,Zombie_skin1,Zombie_Face1,,,,NPC MALE Prison Warder Jacket,NPC MALE Prison Warder Pants,,,,,,,,4000,10000,3000,6000,1000,2000,70,100,DeathEffect1,,ExploAnt,TRUE,110,HitEffect1,,,,,VoZombieAttack,,
Vega 2.0,Boss_Tier2,,Armored,,,,TRUE,,Undead,1,30,Zombie Slammer,,Plans: Elegant Sash,,Zombieboss Head,,Zombieboss,,Sleep,,Zombieboss_skin1,,,,,,NPC MALE Hooligans Pants 02,,Acute Black Boots,,,,,,4000,10000,100,10000,1000,2000,50,70,Decapitation,,ExploMan,TRUE,130,HitEffect1,VoZombieDeath,,,,VoZombieAttack,,
,,,,,,,,,,,,Zombie Push,,Plans: Excellent Visors,,,,,,,,,,,,,,,,,,,,,,,,,,,,,,,,,,,,,,,,,,
,,,,,,,,,,,,Zombie 360,,Plans: Nice Sash,,,,,,,,,,,,,,,,,,,,,,,,,,,,,,,,,,,,,,,,,,
,,,,,,,,,,,,,,Plans: Dixieland,,,,,,,,,,,,,,,,,,,,,,,,,,,,,,,,,,,,,,,,,,
,,,,,,,,,,,,,,Plans: Godfather,,,,,,,,,,,,,,,,,,,,,,,,,,,,,,,,,,,,,,,,,,
,,,,,,,,,,,,,,Plans: Rumble Hat,,,,,,,,,,,,,,,,,,,,,,,,,,,,,,,,,,,,,,,,,,
,,,,,,,,,,,,,,Plans: Subdermal Healt Coat,,,,,,,,,,,,,,,,,,,,,,,,,,,,,,,,,,,,,,,,,,
Ringo Raider,Elite_Small_HighDamage,,Armored,,,,TRUE,,Undead,1,30,,,,,Extreme Axe,,Chef,,,NPC_Male_Hair_Mohawk,Zombie_skin1,Zombie_Face4,NPC Desert Hooligan mask1,,,,Dawnbreak Jeans,,Dawnbreak Shoes,NPC Desert Hooligans belt,,,,,4000,10000,,,,,50,75,DeathEffect1,,ExploMan,TRUE,,HitEffect1,,,,,,TRUE,
Walker Raider,Elite_Big_HighDamage,,Armored,,,,TRUE,,Undead,1,30,,,,,,,Zombie,,,NPC_Male_Hair_Mohawk,Zombie_skin3,,NPC Desert Hooligan mask1,,,,Dawnbreak Jeans,NPC Desert Hooligans Gloves,NPC Male Hired Guns Shoes 01,NPC Desert Hooligans belt,,,,,4000,10000,,,,,50,75,DeathEffect1,,ExploMan,TRUE,,HitEffect1,,,,,,,
Raider Roamer,Elite_Medium_HighDamage,,Armored,,,,TRUE,,Undead,1,30,,,,,Wasteland Pistol,,Rogue,,,,Zombie_skin1,,,,,Superfine Leather Vest,,NPC Desert Hooligans Gloves,NPC Male Hired Guns Shoes 01,NPC Desert Hooligans belt,,,,,4000,10000,,,,,70,80,DeathEffect1,,ExploMan,TRUE,,HitEffect1,,,,,,,
Friendly Raider,Big_HighDamage_Escort,,Armored,,,,,,Raiders,1,30,,,,,,,Rogue,,,NPC_Male_Hair_Mohawk,NPC Desert Hooligan skin1,Male_Face5,Basic_Mustache,,,Acid-splashed Casual Vest,Acute Armored Pants,,Acute Black Boots,NPC Desert Hooligans belt,,,,,4000,10000,6000,6000,1000,2000,85,100,Decapitation,TRUE,Decapitation,TRUE,100,ElectricHammerHitFx,VoBossDeathBigThug,,,,,,
Let me in Zombie,Medium_HighDamage,,Unarmored,,,,TRUE,,Undead,1,30,,,,,,,Zombieknocker,,,Male_Hair_12,Zombie_skin1,Zombie_Face1,Basic_Mustache,,,NPC Mutant Shirt,NPC Chef Trousers,,NPC Male Hooligans Shoes 01,,,,,500,4000,10000,3000,6000,1000,2000,2,0,DeathEffect1,,ExploMan,TRUE,,HitEffect1,VoZombieDeath,,,,VoZombieAttack,,
Buddy Raider,Big_HighDamage_Escort,,Armored,,,,,,Raiders,1,30,,,,,Advanced 9mm Pistol,,Tank,,,NPC_Male_Hair_Mohawk,NPC Desert Hooligan skin2,,,,,Lame Two Tone T-shirt,Lame Pants,,Acute Black Boots,NPC Desert Hooligans belt,,,,,4000,10000,6000,6000,1000,2000,85,100,Decapitation,TRUE,Decapitation,TRUE,100,ElectricHammerHitFx,VoBossDeathBigThug,,,,,,
Zombie Raider,Elite_Big_HighDamage,,Armored,,,,TRUE,,Undead,1,30,,,,,,,Zombie,,,Male_Hair_13_blonde,Zombie_skin2,Zombie_Face2,NPC Desert Hooligan mask1,,,,Dawnbreak Jeans,NPC Desert Hooligans Gloves,,,,,,,4000,10000,,,,,50,75,DeathEffect1,,ExploMan,TRUE,,HitEffect1,,,,,,,
Vega,Boss_Tier2,,Armored,,,,TRUE,,Undead,1,30,Nemesis,TRUE,Plans: Genuine Walkers,,Brutal Minigun,,Mutant,,,,Zombieboss_skin1,Zombie_Face6,,,,,NPC MALE Hooligans Pants 02,,Acute Black Boots,,,,500,1100,4000,10000,6000,10000,1000,2000,,120,Decapitation,TRUE,Decapitation,TRUE,120,HitEffect1,VoZombieDeath,,,,VoZombieAttack,,
,,,,,,,,,,,,Pain,,Plans: Credible Walkers,,,,,,,,,,,,,,,,,,,,,,,,,,,,,,,,,,,,,,,,,,
,,,,,,,,,,,,,,Plans: Bodyguard's Bandana,,,,,,,,,,,,,,,,,,,,,,,,,,,,,,,,,,,,,,,,,,
,,,,,,,,,,,,,,Plans. Good Sash,,,,,,,,,,,,,,,,,,,,,,,,,,,,,,,,,,,,,,,,,,
,,,,,,,,,,,,,,Plans: Greater Visors,,,,,,,,,,,,,,,,,,,,,,,,,,,,,,,,,,,,,,,,,,
,,,,,,,,,,,,,,Plans: Autotissue Trousers,,,,,,,,,,,,,,,,,,,,,,,,,,,,,,,,,,,,,,,,,,
Raider Jules,Boss_Default,,Armored,,,,TRUE,,Undead,1,30,Whiplash,,Plans: Acute Protective Pants,,NPC_Whip,,NPC_Slasher,,Sleep,Male_Hair_11_black,Zombie_skin3,,,,,,NPC Mutant Pants,Awesome Biker Gloves,Skullstomper Boots,NPC Desert Hooligans belt,,,,,4000,10000,100,10000,1000,2000,50,70,DeathEffect1,,ExploMan,TRUE,140,HitEffect1,VoZombieDeath,,,,VoZombieAttack,,
,,,,,,,,,,,,Mosh,,Plans: Trooper's Bandana,,,,,,,,,,,,,,,,,,,,,,,,,,,,,,,,,,,,,,,,,,
,,,,,,,,,,,,Headbang,,Plans: High Power Visors,,,,,,,,,,,,,,,,,,,,,,,,,,,,,,,,,,,,,,,,,,
,,,,,,,,,,,,,,Plans: Lightbringer [Area-Healer],,,,,,,,,,,,,,,,,,,,,,,,,,,,,,,,,,,,,,,,,,
,,,,,,,,,,,,,,Plans: Nice Thick Pants,,,,,,,,,,,,,,,,,,,,,,,,,,,,,,,,,,,,,,,,,,
,,,,,,,,,,,,,,Plans: Gyroeye,,,,,,,,,,,,,,,,,,,,,,,,,,,,,,,,,,,,,,,,,,
Queen Bathory,Boss_Tier2,,Unarmored,,,,TRUE,,Eastern Queens,1,30,Somer Assault,,Plans: Breathtaker [Wasp],,LabyBlade X-29,,RogueFemale,,,Female_Hair_3,female_skin2,Female_Face2,,,,Dress Uniform Jacket,Elegant Striped Trousers,,Acute Boots,NPC Belt,,,,,4000,10000,6000,6000,1000,2000,70,75,DeathEffect1,,ExploMan,TRUE,120,HitEffect1,,,,,,true,
,,,,,,,,,,,,Bloodpath,,Plans: Demonspinner,,,,,,,,,,,,,,,,,,,,,,,,,,,,,,,,,,,,,,,,,,
,,,,,,,,,,,,,,Plans: Worthy Shades,,,,,,,,,,,,,,,,,,,,,,,,,,,,,,,,,,,,,,,,,,
,,,,,,,,,,,,,,Plans: Credible Visors,,,,,,,,,,,,,,,,,,,,,,,,,,,,,,,,,,,,,,,,,,
,,,,,,,,,,,,,,Plans: Acute Visors,,,,,,,,,,,,,,,,,,,,,,,,,,,,,,,,,,,,,,,,,,
,,,,,,,,,,,,,,Plans: Jagged Tactical Gloves,,,,,,,,,,,,,,,,,,,,,,,,,,,,,,,,,,,,,,,,,,
,,,,,,,,,,,,,,Plans: High Power Sash,,,,,,,,,,,,,,,,,,,,,,,,,,,,,,,,,,,,,,,,,,
,,,,,,,,,,,,,,Plans: Mega Power Sash,,,,,,,,,,,,,,,,,,,,,,,,,,,,,,,,,,,,,,,,,,
,,,,,,,,,,,,,,Plans: Regulator Hands,,,,,,,,,,,,,,,,,,,,,,,,,,,,,,,,,,,,,,,,,,
Muriel,Small_LowDamage,,Unarmored,,,,,,Refugee Girls,1,30,,,,,,,NPC_F_SleaveGirl,,,Female_Hair_6,female_skin2,Female_Face2,,,,Yellow Long Jacket,,,Dawnbreak Sneakers,,,TRUE,,1200,4000,10000,6000,6000,1000,2000,70,100,,,,,100,,,,,,,,
Keymaker,Big_HighDamage,,Unarmored,,,,,,Resistance,,,,,,,,,Rogue,,,Male_Hair_10,Skin1,Male_Face8,Beard_Long,Fine Ivy Cap,Goggles,Awesome Night Jacket,Acute Armored Pants,,Acute Boots,,,,,,,,,,,,,,,,,,,,,,,,,,
Mutated Zombie,Boss_Default,,Unarmored,,,,true,,Undead,1,30,Zombie doc stunner,,Plans: Mutant's Aviators,,Johnny's Credible Cleaver,,Mutant,,,Male_Hair_12_black,Zombie_skin2,Zombie_Face8,,1 Predator Helmet,,Bomb Shelter,,,,Ammo Belt,,,,1200,4000,10000,6000,6000,1000,2000,70,75,DeathEffect1,,ExploMan,TRUE,140,HitEffect1,VoZombieDeath,,,,VoZombieAttack,,
Rico Marmel,Big_LowDamage,,Unarmored,,,,,,Resistance,1,30,,,,,,,Tank,,,Male_Hair_10_blonde,Skin5,Male_Face3,Fancy_Mustache,,,Acid-splashed Denim Vest,NPC MALE Docker Worker Pants 02,,NPC Male Mad Dogs Shoes 01,,,,500,1100,400,10000,3000,6000,1000,2000,70,75,DeathEffect1,,ExploMan,TRUE,100,HitEffect1,,,,,,,
Gyros,Boss_Tier2,,Armored,,,,TRUE,,Mad Dogs,30,30,Gyro Gyro!,,Plans: Labycore Health Bandana,,Drum Rock 'n Roll,,Fatman,,,Male_Hair_12_black,Skin6,Male_Face1,,,,Acute Anarchy Jacket,Acute Black Jeans,,Cool Black Shoes,,,,,,4000,10000,6000,6000,1000,2000,70,100,Decapitation,TRUE,Decapitation,TRUE,125,HitEffect1,VoBossDeathBigThug,,,,,,
,,,,,,,,,,,,Gyro Rage,,Plans: Labycore Health Sash,,,,,,,,,,,,,,,,,,,,,,,,,,,,,,,,,,,,,,,,,,
,,,,,,,,,,,,,,Plans: Labycore Power Helmet,,,,,,,,,,,,,,,,,,,,,,,,,,,,,,,,,,,,,,,,,,
,,,,,,,,,,,,,,Plans: Labycore Strength Hands,,,,,,,,,,,,,,,,,,,,,,,,,,,,,,,,,,,,,,,,,,
,,,,,,,,,,,,,,Plans: Labycore Strength Shades,,,,,,,,,,,,,,,,,,,,,,,,,,,,,,,,,,,,,,,,,,
Anger,Boss_Tier3,,Armored,,,,TRUE,,Mutants,30,30,Anger Slammer,,Plans: Labycore Health Boots,,Revenger's Knife,,Mutant,,,,Zombie_skin1,Zombie_Face5,,,,,Acute Branded Jeans,,Acute Boots,,,,,,4000,10000,6000,6000,1000,2000,70,100,Decapitation,TRUE,Decapitation,TRUE,130,HitEffect1,VoBossDeathBigThug,,,,,,
,,,,,,,,,,,,Pain Slammer,,Plans: Labycore Power Boots,,,,,,,,,,,,,,,,,,,,,,,,,,,,,,,,,,,,,,,,,,
,,,,,,,,,,,,,,Plans: Labycore Power Sash,,,,,,,,,,,,,,,,,,,,,,,,,,,,,,,,,,,,,,,,,,
,,,,,,,,,,,,,,Plans: Labycore Strength Helmet,,,,,,,,,,,,,,,,,,,,,,,,,,,,,,,,,,,,,,,,,,
Bomber,Boss_Tier3,,Armored,,,,TRUE,,Mad Dogs,30,30,Bombs Away,,Plans: Labycore Health Eye,,Acute Jigsaw,,Rogue,,,Male_Hair_11,Skin1,Male_Face8,,,NPC Aviators,Acute Brown Leather Jacket,Plain Suit Trousers,,Cool Black Shoes,,,,,,4000,10000,6000,6000,1000,2000,70,100,Decapitation,TRUE,Decapitation,TRUE,125,HitEffect1,VoBossDeathBigThug,,,,,,
,,,,,,,,,,,,Bomber Spin,,Plans: Labycore Power Eye,,,,,,,,,,,,,,,,,,,,,,,,,,,,,,,,,,,,,,,,,,
,,,,,,,,,,,,Hunters Away,,Plans: Labycore Power Scarf,,,,,,,,,,,,,,,,,,,,,,,,,,,,,,,,,,,,,,,,,,
,,,,,,,,,,,,Doctors Away,,Plans: Labycore Strength Sash,,,,,,,,,,,,,,,,,,,,,,,,,,,,,,,,,,,,,,,,,,
,,,,,,,,,,,,,,Plans: Labycore Health Hands,,,,,,,,,,,,,,,,,,,,,,,,,,,,,,,,,,,,,,,,,,
Labycore Medic,Elite_Medium_HighDamage,,,,,,true,,Labycore,30,30,Powerful Healing Shot,,,,Lightbringer [Area-Healer],,NPC_M_Antiriot_Cop,,,,Labycorp_Medic_Suit,,,,,,,,,,,,500,1100,400,10000,3000,6000,1000,2000,70,75,DeathEffect1,,ExploMan,TRUE,100,HitEffect1,,,,,,,
,,,,,,,,,,,,Epic Merc Heal MK2,,,,,,,,,,,,,,,,,,,,,,,,,,,,,,,,,,,,,,,,,,,,
Undead Butcher,Boss_Default,,Unarmored,,,,true,,Undead,1,30,Butcher,,Plans: Labycore Health Helmet,,Johnny's Credible Cleaver,,Mutant,,,Male_Hair_12_black,Zombie_skin2,Zombie_Face8,,1 Predator Helmet,,Predator Jacket,,,,Ammo Belt,,,,1200,4000,10000,6000,6000,1000,2000,70,75,DeathEffect1,,ExploMan,TRUE,140,HitEffect1,VoZombieDeath,,,,VoZombieAttack,,
,,,,,,,,,,,,Cut and Bleed,,Plans: Labycore Power Gloves,,,,,,,,,,,,,,,,,,,,,,,,,,,,,,,,,,,,,,,,,,
,,,,,,,,,,,,Bloody Mess,,Plans: Labycore Strength Boots,,,,,,,,,,,,,,,,,,,,,,,,,,,,,,,,,,,,,,,,,,
,,,,,,,,,,,,,,Plans: Labycore Strength Scarf,,,,,,,,,,,,,,,,,,,,,,,,,,,,,,,,,,,,,,,,,,
Riggs,Big_HighDamage,,Unarmored,,,,,,Labycore,1,30,,,,,Advanced .40 Pistol,,DualPistol,,,Male_Hair_10_blonde,Skin4,Male_Face1,,,,NPC MALE Prison Warder Jacket,NPC MALE Prison Warder Pants,,,,,,,,4000,10000,3000,6000,1000,2000,70,100,DeathEffect1,,ExploAnt,TRUE,,HitEffect1,,,,,VoZombieAttack,true,
Murtaugh,Big_LowDamage_Escort,,Unarmored,,,,,,Labycore,1,30,,,,,Advanced Revolver,,Fatman,,,Male_Hair_1,Skin3,Male_Face6,,,,NPC MALE Prison Warder Jacket,NPC MALE Prison Warder Pants,,,,,,,,4000,10000,3000,6000,1000,2000,70,100,DeathEffect1,,ExploAnt,TRUE,,HitEffect1,,,,,VoZombieAttack,,
Kirkman,Big_LowDamage,,Armored,,,,,,Labycore,1,30,,,,,Okayish Plank,,Rogue,,,Male_Hair_2,Skin5,Male_Face1,,,,Dawnbreak T-Shirt,No Nonsense Pants,NPC Yellow Working Gloves,Great Black Shoes,,,,500,1100,4000,10000,3000,6000,1000,2000,50,75,DeathEffect1,,ExploMan,TRUE,100,HitEffect1,,,,,,,
More,Big_LowDamage,,Armored,,,,,,Labycore,1,30,,,,,NPC_Police Baton,,Rogue,,,Male_Hair_6,Skin3,Male_Face5,,,,Dawnbreak T-Shirt,No Nonsense Pants,,Great Black Shoes,,,,500,1100,4000,10000,3000,6000,1000,2000,50,75,DeathEffect1,,ExploMan,TRUE,100,HitEffect1,,,,,,,
Headmaster,Boss_Default,,Armored,,,,TRUE,,Undead,10,10,Headmaster Slammer,,Plans: Broadholder,,Zombieboss Head,,Zombieboss,,Sleep,,Zombieboss_skin1,,,,,,NPC MALE Hooligans Pants 02,,Acute Black Boots,,,,,,4000,10000,100,10000,1000,2000,50,70,Decapitation,,ExploMan,TRUE,130,HitEffect1,VoZombieDeath,,,,VoZombieAttack,,
,,,,,,,,,,,,Headmaster Push,,Plans: Eliminator Equalizer,,,,,,,,,,,,,,,,,,,,,,,,,,,,,,,,,,,,,,,,,,
,,,,,,,,,,,,Headmaster,,,,,,,,,,,,,,,,,,,,,,,,,,,,,,,,,,,,,,,,,,,,
Trasher,Elite_Big_HighDamage,,Mechanical,,,,TRUE,,Mad Dogs,1,30,Electric Blast,,,,Warehousebot_Minigun,,NPC_Warehousebot,,,,Warehousebot,,,,,,,,,,,,450,750,4000,10000,6000,6000,1000,2000,70,100,,,ExploRobotSmall,,,,,,,,,,Warehousebot ShootElectric
,,,,,,,,,,,,Asher,,,,,,,,,,,,,,,,,,,,,,,,,,,,,,,,,,,,,,,,,,,,
Swarmbot,Boss_Tier2,,Mechanical,,,,TRUE,,Labycore,30,30,Cleaning the Streets,,Plans: Healeranoid [Insta-Healer],,Warehousebot_Minigun,,NPC_Mosquito_Bot,,,,NPC Mosquitobot skin1,,,,,,,,,,,,,,4000,10000,6000,8000,1000,2000,50,75,,,,,150,HitEffect1,,,,,,,
,,,,,,,,,,,,Solar,,Plans: Unstable [Wasp],,,,,,,,,,,,,,,,,,,,,,,,,,,,,,,,,,,,,,,,,,
,,,,,,,,,,,,,,Plans: Astroblender [Firefly],,,,,,,,,,,,,,,,,,,,,,,,,,,,,,,,,,,,,,,,,,
,,,,,,,,,,,,,,Plans: Articulated Insulter [Area-Healer],,,,,,,,,,,,,,,,,,,,,,,,,,,,,,,,,,,,,,,,,,
,,,,,,,,,,,,,,Plans: Minty Ultrasonic [Leviathan],,,,,,,,,,,,,,,,,,,,,,,,,,,,,,,,,,,,,,,,,,
,,,,,,,,,,,,,,Plans: Motor Sneezer [Prolonger],,,,,,,,,,,,,,,,,,,,,,,,,,,,,,,,,,,,,,,,,,
,,,,,,,,,,,,,,Plans: Cosmobelcher [Hurricane],,,,,,,,,,,,,,,,,,,,,,,,,,,,,,,,,,,,,,,,,,
,,,,,,,,,,,,,,Plans: Spazzernoid [Bulwark],,,,,,,,,,,,,,,,,,,,,,,,,,,,,,,,,,,,,,,,,,
,,,,,,,,,,,,,,Plans: Cell Gyrostinker[Rampage],,,,,,,,,,,,,,,,,,,,,,,,,,,,,,,,,,,,,,,,,,
,,,,,,,,,,,,,,Plans: Farm Gloves,,,,,,,,,,,,,,,,,,,,,,,,,,,,,,,,,,,,,,,,,,
,,,,,,,,,,,,,,Plans: Farm Hands,,,,,,,,,,,,,,,,,,,,,,,,,,,,,,,,,,,,,,,,,,
Big Boss,Boss_Tier2,,Armored,,,,TRUE,,Labycore,30,30,Deadly Splash,,Plans: Darkon-Darkener,,Worthy Minigun,,NPC_M_Antiriot_Cop,,Sleep,,Labycorp_AntiRiot_Captain_Suit,,,,,,Acute Branded Jeans,,Acute Black Boots,,,0,0,0,4000,10000,6000,10000,1000,2000,50,150,DeathEffect1,,ExploMan,TRUE,140,HitEffect1,VoBossDeathBigThug,,,,,,
,,,,,,,,,,,,Gory Sleeper,,Plans: Blocking Shroud,,,,,,,,,,,,,,,,,,,,,,,,,,,,,,,,,,,,,,,,,,
,,,,,,,,,,,,Vertical Rage,,Plans: Guardian-Douser,,,,,,,,,,,,,,,,,,,,,,,,,,,,,,,,,,,,,,,,,,
,,,,,,,,,,,,,,Plans: Blocking Unit,,,,,,,,,,,,,,,,,,,,,,,,,,,,,,,,,,,,,,,,,,
,,,,,,,,,,,,,,Plans: Protective Cloak,,,,,,,,,,,,,,,,,,,,,,,,,,,,,,,,,,,,,,,,,,
,,,,,,,,,,,,,,Plans: Guardian Obscurer,,,,,,,,,,,,,,,,,,,,,,,,,,,,,,,,,,,,,,,,,,
,,,,,,,,,,,,,,Plans: Mobility Mechanism,,,,,,,,,,,,,,,,,,,,,,,,,,,,,,,,,,,,,,,,,,
,,,,,,,,,,,,,,Plans: Atomo Irradiator,,,,,,,,,,,,,,,,,,,,,,,,,,,,,,,,,,,,,,,,,,
,,,,,,,,,,,,,,Plans: Motion Relocator,,,,,,,,,,,,,,,,,,,,,,,,,,,,,,,,,,,,,,,,,,
,,,,,,,,,,,,,,Plans: Motion Attacker,,,,,,,,,,,,,,,,,,,,,,,,,,,,,,,,,,,,,,,,,,
,,,,,,,,,,,,,,Plans: Military War Battler,,,,,,,,,,,,,,,,,,,,,,,,,,,,,,,,,,,,,,,,,,
,,,,,,,,,,,,,,Plans: Battle-Relocator,,,,,,,,,,,,,,,,,,,,,,,,,,,,,,,,,,,,,,,,,,
Cal,Small_LowDamage,,Unarmored,,,,,,Resistance,,,,,,,,,Rogue,,,Male_Hair_5,Skin4,Male_Face3,,Genuine Brimmed Hat,NPC Aviators,Dawnbreak Shirt,Regular Stonewashed,,NPC Male Mad Dogs Shoes 01,,,,500,1100,4000,10000,3000,6000,1000,2000,50,75,DeathEffect1,,ExploMan,TRUE,100,HitEffect1,,,,,,,
Bob De La Muerte,Boss_Tier3,,Armored,,,,TRUE,,Mad Dogs,30,30,Capo di tutti capi,,Plans: Deadguys Melee Scarf,,Mafioso_shotgun_sawnoff,,NPC_ Mafioso,,Sleep,Male_Hair_9_black,Skin2,,,,,Cool Suit Jacket,Average Suit Trousers,,Boosted Black Boots,,,,400,,4000,10000,100,10000,1000,2000,50,70,DeathEffect1,,ExploMan,TRUE,100,HitEffect1,VoBossDeathBigThug,,,,,,
,,,,,,,,,,,,Omerta,,Plans: Deadguys Ranged Lace,,,,,,,,,,,,,,,,,,,,,,,,,,,,,,,,,,,,,,,,,,
,,,,,,,,,,,,,,Plans: Deadguys Multibandana,,,,,,,,,,,,,,,,,,,,,,,,,,,,,,,,,,,,,,,,,,
,,,,,,,,,,,,,,Plans: Deadguys Scarf,,,,,,,,,,,,,,,,,,,,,,,,,,,,,,,,,,,,,,,,,,
,,,,,,,,,,,,,,Plans: Deadguys Necklace,,,,,,,,,,,,,,,,,,,,,,,,,,,,,,,,,,,,,,,,,,
,,,,,,,,,,,,,,Plans: Deadguys Bandana,,,,,,,,,,,,,,,,,,,,,,,,,,,,,,,,,,,,,,,,,,
Mad Dog Elite Zombie,Elite_Big_HighDamage,,Unarmored,,,,TRUE,,Mad Dogs,1,30,,,,,,,Zombie,,,,Zombie_skin3,Zombie_Face6,,Basic Fedora Hat,,,Basic Suit Trousers,,Cool Black Shoes,,,,,,4000,10000,3000,6000,1000,2000,70,75,DeathEffect1,,ExploAnt,TRUE,,HitEffect1,,,,,,,
Mad Dog Elite Half,Easy_Elite_Small_HighDamage,,Unarmored,,,,TRUE,,Mad Dogs,1,30,,,,,,,Zombiehalf,,,Male_Hair_13_black,Zombie_skin1,Zombie_Face3,,,,Credible Suit Jacket,Basic Suit Trousers,,Cool Black Shoes,,,,,,4000,10000,3000,6000,1000,2000,70,75,DeathEffect1,,ExploAnt,TRUE,,HitEffect1,,,,,,,
Hector De La Muerte,Boss_Tier2,,Armored,,,,TRUE,,Mad Dogs,30,30,Sleep with the fishes,,Plans: Cal Al Cybers,,Worthy Revolver,,Fatman,,,Don's Toupee_black,Skin5,Male_Face6,,,,Cool Suit Jacket,Worthy Dark Trousers,,,,,,,,4000,10000,6000,6000,1000,2000,70,100,DeathEffect1,,ExploMan,TRUE,130,HitEffect1,VoBossDeathBigThug,,,,,TRUE,
,,,,,,,,,,,,Spaghetti,,Plans: Cal Al Eye,,,,,,,,,,,,,,,,,,,,,,,,,,,,,,,,,,,,,,,,,,
,,,,,,,,,,,,Meatball,,Plans: Cal Al Goggles,,,,,,,,,,,,,,,,,,,,,,,,,,,,,,,,,,,,,,,,,,
,,,,,,,,,,,,,,Plans: Cal Al Shades,,,,,,,,,,,,,,,,,,,,,,,,,,,,,,,,,,,,,,,,,,
,,,,,,,,,,,,,,Plans: Cal Al Sunglasses,,,,,,,,,,,,,,,,,,,,,,,,,,,,,,,,,,,,,,,,,,
,,,,,,,,,,,,,,Plans: Cal Al Visor,,,,,,,,,,,,,,,,,,,,,,,,,,,,,,,,,,,,,,,,,,
Victor De La Muerte,Boss_Tier3,,Armored,,,,TRUE,,Undead,30,30,Chop,,Plans: Kelly Meow's,,Crocodile Knife,,Chef,,,Male_Hair_8,Zombie_skin3,Zombie_Face8,,,,,Clean Suit Pants,,,,,,,,4000,10000,6000,6000,1000,2000,70,100,DeathEffect1,,ExploMan,TRUE,130,HitEffect1,VoMutantDeath,,,,VoMutantAttack,TRUE,
,,,,,,,,,,,,Deglaze,,Plans: Meow Kelly's,,,,,,,,,,,,,,,,,,,,,,,,,,,,,,,,,,,,,,,,,,
,,,,,,,,,,,,Foie Gras,,Plans: Meow Meow,,,,,,,,,,,,,,,,,,,,,,,,,,,,,,,,,,,,,,,,,,
,,,,,,,,,,,,,,Plans: Kelly Meow Meow,,,,,,,,,,,,,,,,,,,,,,,,,,,,,,,,,,,,,,,,,,
,,,,,,,,,,,,,,Plans: Sweet Belt,,,,,,,,,,,,,,,,,,,,,,,,,,,,,,,,,,,,,,,,,,
,,,,,,,,,,,,,,Plans: Sweet Sash,,,,,,,,,,,,,,,,,,,,,,,,,,,,,,,,,,,,,,,,,,
Bernoulli,Small_LowDamage,,Unarmored,,,,,,Resistance,,,,,,,Next-Gen Sniper: LTDC-30,,Tank,,,Male_Hair_5,Skin4,Male_Face3,,1 Cyborg Helmet,,Conference Shirt,Yachting Trousers,,NPC Male Mad Dogs Shoes 01,,,,500,1100,4000,10000,3000,6000,1000,2000,50,75,DeathEffect1,,ExploMan,TRUE,100,HitEffect1,,,,,,,
