Name,Tags,Resource,ExportName,Width,Height,BlocksLineOfSight,FadeToTransparent,Effect,ShadowSize,ShadowBlur,ShadowAlpha,AnimationSound,ActiveEffect,ActiveEffectX,ActiveEffectY,Passable,RespawnDuration
BrownChairBack,chair REMOVE,graphics/decos/chair/brown_chairs.swf,BrownChairBack,1,1,,,,,,,,,,,,
BrownChairBackTilted,chair REMOVE,graphics/decos/chair/brown_chairs.swf,BrownChairBackTilted,1,1,,,,,,,,,,,,
BrownChairFrontTilted,chair REMOVE,graphics/decos/chair/brown_chairs.swf,BrownChairFrontTilted,1,1,,,,,,,,,,,,
BambooBoxLeft,plants,graphics/decos/plants/bamboo.swf,BambooBoxLeft,1,2,,,,,,,,,,,,
BambooPot,plants,graphics/decos/plants/bamboo.swf,BambooPot,1,1,,,,,,,,,,,,
LimeWallLeft,walls UPDATE,graphics/decos/walls/lime_walls.swf,LimeWallLeft,1,4,TRUE,TRUE,,,,,,,,,,
PaperWallLeft,walls REMOVE,graphics/decos/walls/paper_walls.swf,PaperWallLeft,1,3,TRUE,TRUE,,,,,,,,,,
ItaloBuilding1,restaurant UPDATE,graphics/decos/buildings/italo.swf,ItaloRestaurant1,9,8,TRUE,TRUE,,,,,,,,,,
Cargo1Left,truck train cargo,graphics/decos/train_yard/cargo.swf,Cargo1Left,1,3,,,,1,0,,,,,,,
Cargo2Left,truck train cargo,graphics/decos/train_yard/cargo.swf,Cargo2Left,1,3,,,,2,,,,,,,,
TruckLeft,truck cargo UPDATE,graphics/decos/train_yard/truck_old.swf,TruckLeft,3,8,,,,,,,,,,,,
TruckTrailerLeft,truck cargo UPDATE,graphics/decos/train_yard/truck_old.swf,TruckTrailerLeft,3,7,,,,,,,,,,,,
ContainerRight,container,graphics/decos/train_yard/containers.swf,ContainerRight,7,3,TRUE,TRUE,,,,,,,,,,
Container2Left,container,graphics/decos/train_yard/containers.swf,Container2Left,3,7,TRUE,TRUE,,,,,,,,,,
Container3Left,container,graphics/decos/train_yard/containers.swf,Container3Left,3,7,TRUE,TRUE,,,,,,,,,,
CargoShip,cargo ship dock,graphics/decos/train_yard/cargo_ship.swf,CargoShip1,28,8,,,,,,,,,,,,
PizzaBoxes,pizza,graphics/decos/pizzeria/pizzeria_assets.swf,pizza_boxes,1,1,,,,,,,,,,,,
BoardFenceBack1,board fence,graphics/decos/fences/wood_fences.swf,BoardFenceBack1,1,1,TRUE,TRUE,,,,,,,,,,
BoardFenceBack3,board fence,graphics/decos/fences/wood_fences.swf,BoardFenceBack3,1,1,TRUE,TRUE,,,,,,,,,,
BoardFenceBack4,board fence,graphics/decos/fences/wood_fences.swf,BoardFenceBack4,1,1,TRUE,TRUE,,,,,,,,,,
BoardFenceBackCorner1,board fence,graphics/decos/fences/wood_fences.swf,BoardFenceBackCorner1,1,1,TRUE,TRUE,,,,,,,,,,
BoardFenceBackCorner2,board fence,graphics/decos/fences/wood_fences.swf,BoardFenceBackCorner2,1,1,TRUE,TRUE,,,,,,,,,,
BoardFenceFront1,board fence,graphics/decos/fences/wood_fences.swf,BoardFenceFront1,1,1,,TRUE,,,,,,,,,,
BoardFenceFront2,board fence,graphics/decos/fences/wood_fences.swf,BoardFenceFront2,1,1,,TRUE,,,,,,,,,,
BoardFenceFront3,board fence,graphics/decos/fences/wood_fences.swf,BoardFenceFront3,1,1,,TRUE,,,,,,,,,,
BoardFenceFront4,board fence,graphics/decos/fences/wood_fences.swf,BoardFenceFront4,1,1,,TRUE,,,,,,,,,,
BoardFenceFrontCorner1,board fence,graphics/decos/fences/wood_fences.swf,BoardFenceFrontCorner1,1,1,,TRUE,,,,,,,,,,
BoardFenceFrontCorner4,board fence,graphics/decos/fences/wood_fences.swf,BoardFenceFrontCorner4,1,1,,,,1,,,,,,,,
NetFenceCornerDown,net fence,graphics/decos/fences/net_fences.swf,NetFenceCornerDown,1,1,,,,,,,,,,,,
NetFenceCornerLeft,net fence,graphics/decos/fences/net_fences.swf,NetFenceCornerLeft,1,1,,,,,,,,,,,,
NetFenceCornerUp,net fence,graphics/decos/fences/net_fences.swf,NetFenceCornerUp,1,1,,,,,,,,,,,,
NetFenceLong1,net fence,graphics/decos/fences/net_fences.swf,NetFenceLong1,1,2,,,,,,,,,,,,
NetFenceShort,net fence,graphics/decos/fences/net_fences.swf,NetFenceShort,1,1,,,,,,,,,,,,
NetFenceShortCut_1,net fence,graphics/decos/fences/net_fences.swf,NetFenceShortCut_1,1,1,,,,,,,,,,,,
NetFenceShortCut_2,net fence,graphics/decos/fences/net_fences.swf,NetFenceShortCut_2,1,1,,,,,,,,,,,,
WareHouseHighWall,warehouse wall industrial,graphics/decos/interiors_common/interiors_warehouse.swf,WareHouseHighWall,4,1,TRUE,TRUE,,,,,,,,,,
WareHouseLowerWall,warehouse wall industrial,graphics/decos/interiors_common/interiors_warehouse.swf,WareHouseLowerWall,4,1,TRUE,TRUE,,,,,,,,,,
WareHousePilar,warehouse pilar industrial,graphics/decos/interiors_common/interiors_warehouse.swf,WareHousePilar,1,2,TRUE,TRUE,,,,,,,,,,
WareHouse_Inside_Door,warehouse door,graphics/decos/interiors_common/interiors_warehouse.swf,WareHouse_Inside_Door,4,1,TRUE,TRUE,,2,,,,,,,,
WareHouse_Inside_Door_High1,warehouse door,graphics/decos/interiors_common/interiors_warehouse.swf,WareHouse_Inside_Door_High1,4,1,TRUE,TRUE,,2,,,,,,,,
WareHouse_Inside_Door_High2,warehouse door,graphics/decos/interiors_common/interiors_warehouse.swf,WareHouse_Inside_Door_High2,4,1,TRUE,TRUE,,2,,,,,,,,
Warehouse_Pillar_High,warehouse wall,graphics/decos/interiors_common/interiors_warehouse.swf,WareHouse_Pillar_High,1,1,TRUE,TRUE,,2,,,,,,,,
WareHouse_Pillar_Low,warehouse wall,graphics/decos/interiors_common/interiors_warehouse.swf,WareHouse_Pillar_Low,1,1,TRUE,TRUE,,2,,,,,,,,
WareHouseHighWall3,warehouse wall,graphics/decos/interiors_common/interiors_warehouse.swf,WareHouseHighWall3,4,1,TRUE,TRUE,,2,,,,,,,,
WareHouseHighWall4,warehouse wall,graphics/decos/interiors_common/interiors_warehouse.swf,WareHouseHighWall4,4,1,TRUE,TRUE,,2,,,,,,,,
WareHouseLowerWall2,warehouse wall,graphics/decos/interiors_common/interiors_warehouse.swf,WareHouseLowerWall2,4,1,TRUE,TRUE,,2,,,,,,,,
WareHouseLowerWall3,warehouse wall,graphics/decos/interiors_common/interiors_warehouse.swf,WareHouseLowerWall3,4,1,TRUE,TRUE,,2,,,,,,,,
Funeral_Home_01,building funeral,graphics/decos/buildings/funeral_home.swf,Funeral_Home_01,19,9,TRUE,TRUE,,,,,,,,,,
Funeral_Home_03,building funeral,graphics/decos/buildings/funeral_home.swf,Funeral_Home_03,9,6,TRUE,TRUE,,,,,,,,,,
Funeral_Home_Table_01,funeral,graphics/decos/funeral_home_indoors/funeral_home_int_04.swf,Funeral_Home_Table_01,1,3,,,,,,,,,,,,
SafeBelt,,graphics/decos/street/street_assets01.swf,safeBelt,1,1,,,,,,,,,,,,
bus_stop_front_back,bus stop street,graphics/decos/street/bus_stop.swf,bus_stop_front_back,1,3,true,true,,-1,15,,,,,,,
bus_stop_front_seat,bus stop street,graphics/decos/street/bus_stop.swf,bus_stop_front_seat,2,,true,true,,-1,6,,,,,,,
BusStop1,bus stop street UPDATE,graphics/decos/street/street_common1.swf,BusStop1,2,4,TRUE,TRUE,,,,,,,,,,
BusStop1Back,bus stop street UPDATE,graphics/decos/street/street_common1.swf,BusStop1Back,4,2,TRUE,TRUE,,,,,,,,,,
FirePost,,graphics/decos/street/street_common1.swf,FirePost,1,1,,,,,,,,,,,,
OldStreetLamp1,lamp light street,graphics/decos/street/lamps_lights.swf,OldStreetLamp1,1,1,,,,,,,,,,,,
OldStreetLamp2,lamp light street,graphics/decos/street/lamps_lights.swf,OldStreetLamp2,1,1,,,,,,,,,,,,
RoadBlockAndLights,road block light,graphics/decos/street/street_common1.swf,RoadBlockAndLights,1,3,,,,,,,,,,,,
RoadBlockAndSign,road block sign,graphics/decos/street/street_common1.swf,RoadBlockAndSign,1,2,,,,,,,,,,,,
RoadBlockBig,road block,graphics/decos/street/street_common1.swf,RoadBlockBig,1,3,,,,,,,,,,,,
SolarStreetLamp2,lamp light street,graphics/decos/street/lamps_lights.swf,SolarStreetLamp2,1,1,,,,,,,,,,,,
StandardStreetLamp,lamp light street,graphics/decos/street/lamps_lights.swf,StandardStreetLamp,1,1,,,,,,,,,,,,
StandardStreetLamp_off,lamp light street,graphics/decos/street/lamps_lights.swf,StandardStreetLamp_off,1,1,,,,,,,,,,,,
StandardStreetLampBack,lamp light street,graphics/decos/street/lamps_lights.swf,StandardStreetLampBack,1,1,,,,,,,,,,,,
StandardStreetLampBack_off,lamp light street,graphics/decos/street/lamps_lights.swf,StandardStreetLampBack_off,1,1,,,,,,,,,,,,
StreetBench,,graphics/decos/street/street_common1.swf,StreetBench,1,3,,,,,,,,,,,,
StreetBenchBack,,graphics/decos/street/street_common1.swf,StreetBenchBack,3,1,,,,,,,,,,,,
ThrashCan1,,graphics/decos/street/street_common1.swf,ThrashCan1,1,1,,,,,,,,,,,,
ThrashCan2,,graphics/decos/street/street_common1.swf,ThrashCan2,1,1,,,,,,,,,,,,
ThrashCan3,,graphics/decos/street/street_common1.swf,ThrashCan3,1,1,,,,,,,,,,,,
TrafficLights1,lamp light street,graphics/decos/street/lamps_lights.swf,TrafficLights1,1,1,,,,,,,,,,,,
TrafficLights2,lamp light street,graphics/decos/street/lamps_lights.swf,TrafficLights2,1,1,,,,,,,,,,,,
DrugsFactoryBox01,Druglab,graphics/decos/druglab/drugs_factory_objects_v01.swf,Drugs_Factory_Box_01,1,2,,,,,,,,,,,,
DrugsFactoryBox02,Druglab,graphics/decos/druglab/drugs_factory_objects_v01.swf,Drugs_Factory_Box_02,1,1,,,,,,,,,,,,
DrugsFactoryBox03,Druglab,graphics/decos/druglab/drugs_factory_objects_v01.swf,Drugs_Factory_Box_03,1,1,,,,,,,,,,,,
DrugsFactoryBoxOpen01,Druglab,graphics/decos/druglab/drugs_factory_objects_v01.swf,Drugs_Factory_Box_Open_01,1,2,,,,1,,,,,,,,
DrugsFactoryBoxOpen02,Druglab,graphics/decos/druglab/drugs_factory_objects_v01.swf,Drugs_Factory_Box_Open_02,1,1,,,,1,,,,,,,,
DrugsFactoryBoxOpen03,Druglab,graphics/decos/druglab/drugs_factory_objects_v01.swf,Drugs_Factory_Box_Open_03,1,1,,,,,,,,,,,,
DrugsFactoryBush02,Druglab,graphics/decos/druglab/drugs_factory_objects_v01.swf,Drugs_Factory_Bush_02,1,1,,,,,,,,,,,,
DrugsFactoryBush04,Druglab,graphics/decos/druglab/drugs_factory_objects_v01.swf,Drugs_Factory_Bush_04,1,1,,,,,,,,,,,,
DrugsFactoryCan01,Druglab,graphics/decos/druglab/drugs_factory_objects_v01.swf,Drugs_Factory_Can_01,1,1,,,,,,,,,,,,
DrugsFactoryCan02,Druglab,graphics/decos/druglab/drugs_factory_objects_v01.swf,Drugs_Factory_Can_02,1,1,,,,,,,,,,,,
DrugsFactoryCan03,Druglab,graphics/decos/druglab/drugs_factory_objects_v01.swf,Drugs_Factory_Can_03,1,1,,,,,,,,,,,,
DrugsFactoryCan04,Druglab,graphics/decos/druglab/drugs_factory_objects_v01.swf,Drugs_Factory_Can_04,1,1,,,,,,,,,,,,
DrugsFactoryCan05,Druglab,graphics/decos/druglab/drugs_factory_objects_v01.swf,Drugs_Factory_Can_05,1,1,,,,,,,,,,,,
DrugsFactoryCan06,Druglab,graphics/decos/druglab/drugs_factory_objects_v01.swf,Drugs_Factory_Can_06,1,1,,,,,,,,,,,,
DrugsFactoryLight01,Druglab,graphics/decos/druglab/drugs_factory_objects_v01.swf,Drugs_Factory_Light_01,1,1,,,,,,,,,,,,
DrugsFactoryLight02,Druglab,graphics/decos/druglab/drugs_factory_objects_v01.swf,Drugs_Factory_Light_02,1,1,,,,,,,,,,,,
DrugsFactoryLight04,Druglab,graphics/decos/druglab/drugs_factory_objects_v01.swf,Drugs_Factory_Light_04,1,1,,,,,,,,,,,,
DrugsFactoryPackageStack01,Druglab,graphics/decos/druglab/drugs_factory_objects_v01.swf,Drugs_Factory_Package_Stack_01,1,2,,,,,,,,,,,,
DrugsFactoryPackageStack02,Druglab,graphics/decos/druglab/drugs_factory_objects_v01.swf,Drugs_Factory_Package_Stack_02,1,2,,,,,,,,,,,,
DrugsFactoryPackageStack03,Druglab,graphics/decos/druglab/drugs_factory_objects_v01.swf,Drugs_Factory_Package_Stack_03,1,2,,,,,,,,,,,,
DrugsFactoryPackageStack05,Druglab,graphics/decos/druglab/drugs_factory_objects_v01.swf,Drugs_Factory_Package_Stack_05,1,2,,,,,,,,,,,,
DrugsFactoryPackageStack06,Druglab,graphics/decos/druglab/drugs_factory_objects_v01.swf,Drugs_Factory_Package_Stack_06,1,2,,,,,,,,,,,,
DrugsFactoryPackageStack07,Druglab,graphics/decos/druglab/drugs_factory_objects_v01.swf,Drugs_Factory_Package_Stack_07,1,2,,,,,,,,,,,,
DrugsFactoryPackageStackSmall01,Druglab,graphics/decos/druglab/drugs_factory_objects_v01.swf,Drugs_Factory_Package_Stack_Small_01,1,1,,,,,,,,,,,,
DrugsFactoryPackageStackSmall02,Druglab,graphics/decos/druglab/drugs_factory_objects_v01.swf,Drugs_Factory_Package_Stack_Small_02,1,1,,,,,,,,,,,,
DrugsFactoryPackageStackSmall03,Druglab,graphics/decos/druglab/drugs_factory_objects_v01.swf,Drugs_Factory_Package_Stack_Small_03,1,1,,,,,,,,,,,,
DrugsFactoryPackageStackSmall04,Druglab,graphics/decos/druglab/drugs_factory_objects_v01.swf,Drugs_Factory_Package_Stack_Small_04,1,1,,,,,,,,,,,,
DrugsFactoryPot01,Druglab,graphics/decos/druglab/drugs_factory_objects_v01.swf,Drugs_Factory_Pot_01,1,1,,,,,,,,,,,,
DrugsFactoryTable01,Druglab,graphics/decos/druglab/drugs_factory_objects_v01.swf,Drugs_Factory_Table_01,1,2,,,,,,,,,,,,
DrugsFactoryTable03,Druglab,graphics/decos/druglab/drugs_factory_objects_v01.swf,Drugs_Factory_Table_03,1,2,,,,,,,,,,,,
DrugsFactoryTable04,Druglab,graphics/decos/druglab/drugs_factory_objects_v01.swf,Drugs_Factory_Table_04,1,2,,,,,,,,,,,,
DrugsFactoryTable05,Druglab,graphics/decos/druglab/drugs_factory_objects_v01.swf,Drugs_Factory_Table_05,1,2,,,,,,,,,,,,
DrugsFactoryTable06,Druglab,graphics/decos/druglab/drugs_factory_objects_v01.swf,Drugs_Factory_Table_06,1,2,,,,,,,,,,,,
DrugsFactoryTableWithItems01,Druglab,graphics/decos/druglab/drugs_factory_objects_v01.swf,Drugs_Factory_TableWithItems_01,1,2,,,,,,,,,,,,
DrugsFactoryTableWithItems04,Druglab,graphics/decos/druglab/drugs_factory_objects_v01.swf,Drugs_Factory_TableWithItems_04,1,2,,,,,,,,,,,,
DrugsFactoryTableWithItems05,Druglab,graphics/decos/druglab/drugs_factory_objects_v01.swf,Drugs_Factory_TableWithItems_05,1,2,,,,,,,,,,,,
DrugsFactoryTableWithItems06,Druglab,graphics/decos/druglab/drugs_factory_objects_v01.swf,Drugs_Factory_TableWithItems_06,1,2,,,,,,,,,,,,
DrugsFactoryTableWithItems07,Druglab,graphics/decos/druglab/drugs_factory_objects_v01.swf,Drugs_Factory_TableWithItems_07,1,2,,,,,,,,,,,,
DrugsFactoryTableWithItems08,Druglab,graphics/decos/druglab/drugs_factory_objects_v01.swf,Drugs_Factory_TableWithItems_08,1,2,,,,,,,,,,,,
DrugsFactoryTableWithItems09,Druglab,graphics/decos/druglab/drugs_factory_objects_v01.swf,Drugs_Factory_TableWithItems_09,1,2,,,,,,,,,,,,
DrugsFactoryTableWithItems10,Druglab,graphics/decos/druglab/drugs_factory_objects_v01.swf,Drugs_Factory_TableWithItems_10,1,2,,,,,,,,,,,,
DrugsFactoryTableWithItems11,Druglab,graphics/decos/druglab/drugs_factory_objects_v01.swf,Drugs_Factory_TableWithItems_11,1,2,,,,,,,,,,,,
DrugsFactoryTableWithItems12,Druglab,graphics/decos/druglab/drugs_factory_objects_v01.swf,Drugs_Factory_TableWithItems_12,1,2,,,,,,,,,,,,
DrugsFactoryTableWithItems13,Druglab,graphics/decos/druglab/drugs_factory_objects_v01.swf,Drugs_Factory_TableWithItems_13,1,2,,,,,,,,,,,,
DrugsFactoryTableWithItems14,Druglab,graphics/decos/druglab/drugs_factory_objects_v01.swf,Drugs_Factory_TableWithItems_14,1,2,,,,,,,,,,,,
DrugsFactoryTableWithItems15,Druglab,graphics/decos/druglab/drugs_factory_objects_v01.swf,Drugs_Factory_TableWithItems_15,1,2,,,,,,,,,,,,
Rock1,nature rock stone,graphics/decos/rocks/rocks1.swf,rock1,2,3,TRUE,,,2,8,,,,,,,
Rock2,nature rock stone,graphics/decos/rocks/rocks1.swf,rock2,2,3,TRUE,,,1,4,,,,,,,
Stones1,nature rock stone,graphics/decos/rocks/rocks1.swf,stones1,2,2,,,,1,8,,,,,,,
Stones2,nature rock stone,graphics/decos/rocks/rocks1.swf,stones2,2,2,,,,,5,,,,,,,
spruce1,tree spruce,graphics/decos/trees/spruces.swf,spruce1,3,3,TRUE,TRUE,,,,,,,,,,
spruce2,tree spruce,graphics/decos/trees/spruces.swf,spruce2,3,3,TRUE,TRUE,,,,,,,,,,
popple1,tree popple,graphics/decos/trees/popples.swf,popple1,3,3,TRUE,TRUE,,5,21,,,,,,,
popple2,tree popple,graphics/decos/trees/popples.swf,popple2,3,3,TRUE,TRUE,,4,20,,,,,,,
maple1,tree maple,graphics/decos/trees/maples.swf,maple1,3,3,TRUE,TRUE,,8,31,,,,,,,
log1,nature log,graphics/decos/nature_misc/logs.swf,log1,6,1,,,,3,9,,,,,,,
log2,nature log,graphics/decos/nature_misc/logs.swf,log2,6,1,,,,2,9,,,,,,,
warehouse_small1,warehouse building,graphics/decos/buildings/warehouse1.swf,warehouse_small1,11,11,TRUE,TRUE,,15,10,,,,,,,
warehouse_small2,warehouse building,graphics/decos/buildings/warehouse1.swf,warehouse_small2,11,6,TRUE,TRUE,,15,10,,,,,,,
warehouse_small3,warehouse building,graphics/decos/buildings/warehouse1.swf,warehouse_small3,11,6,TRUE,TRUE,,15,10,,,,,,,
warehouse_big1,warehouse building,graphics/decos/buildings/warehouse1.swf,warehouse_big1,21,11,TRUE,TRUE,,19,14,,,,,,,
warehouse_small4,warehouse building,graphics/decos/buildings/warehouse1.swf,warehouse_small4,11,6,TRUE,TRUE,,15,10,,,,,,,
warehouse_small5,warehouse building,graphics/decos/buildings/warehouse1.swf,warehouse_small5,11,6,TRUE,TRUE,,15,19,,,,,,,
garage_small1,garage building warehouse,graphics/decos/buildings/garage.swf,garage_small1,10,10,TRUE,TRUE,,15,10,,,,,,,
garage_small2,garage building warehouse,graphics/decos/buildings/garage.swf,garage_small2,10,7,TRUE,TRUE,,15,10,,,,,,,
garage_small3,garage building warehouse,graphics/decos/buildings/garage.swf,garage_small3,10,5,TRUE,TRUE,,15,10,,,,,,,
garage_small4,garage building warehouse,graphics/decos/buildings/garage.swf,garage_small4,10,10,TRUE,TRUE,,15,10,,,,,,,
garage_small6,garage building warehouse,graphics/decos/buildings/garage.swf,garage_small6,7,4,TRUE,TRUE,,15,10,,,,,,,
building_angular1,building industrial warzone,graphics/decos/buildings_modern/angular_damaged.swf,building_angular1,11,11,TRUE,TRUE,,15,10,,,,,,,
building_angular2,building industrial warzone,graphics/decos/buildings_modern/angular_damaged.swf,building_angular2,11,11,TRUE,TRUE,,15,10,,,,,,,
car_minivan,car vehicle van,graphics/decos/cars/cars1.swf,car_minivan,5,3,TRUE,TRUE,,2,1,,,,,,,
car_taxi,car vehicle taxi,graphics/decos/cars/cars_taxi.swf,car_taxi,4,3,TRUE,TRUE,,1,1,,,,,,,
car_taxi2,vehicle car taxi,graphics/decos/cars/cars_taxi.swf,car_taxi2,3,4,TRUE,TRUE,,-2,1,,,,,,,
car_minivan_1,car,graphics/decos/cars/cars1.swf,car_minivan_1,5,3,TRUE,TRUE,,1,2,,,,,,,
car_minivan_1_back,car,graphics/decos/cars/cars1.swf,car_minivan_1_back,3,5,TRUE,TRUE,,1,2,,,,,,,
car_pickup_1,car,graphics/decos/cars/cars1.swf,car_pickup_1,6,3,TRUE,TRUE,,1,2,,,,,,,
car_pickup_1_back,car,graphics/decos/cars/cars1.swf,car_pickup_1_back,3,6,TRUE,TRUE,,1,2,,,,,,,
car_sedan_1,car,graphics/decos/cars/cars1.swf,car_sedan_1,6,3,TRUE,TRUE,,1,2,,,,,,,
car_sedan_1_back,car,graphics/decos/cars/cars1.swf,car_sedan_1_back,3,6,TRUE,TRUE,,1,2,,,,,,,
car_smallcar_1,car,graphics/decos/cars/cars1.swf,car_smallcar_1,4,2,TRUE,TRUE,,1,2,,,,,,,
car_smallcar_1_back,car,graphics/decos/cars/cars1.swf,car_smallcar_1_back,2,4,TRUE,TRUE,,1,2,,,,,,,
car_suv_1,car,graphics/decos/cars/cars1.swf,car_suv_1,6,3,TRUE,TRUE,,1,2,,,,,,,
car_suv_1_back,car,graphics/decos/cars/cars1.swf,car_suv_1_back,3,6,TRUE,TRUE,,1,2,,,,,,,
car_van_1,car,graphics/decos/cars/cars1.swf,car_van_1,6,3,TRUE,TRUE,,1,2,,,,,,,
car_van_1_back,car,graphics/decos/cars/cars1.swf,car_van_1_back,3,6,TRUE,TRUE,,1,2,,,,,,,
ambulance_front,car ambulance,graphics/decos/cars/cars_ambulance.swf,ambulance_front,6,3,TRUE,TRUE,,1,2,,,,,,,
ambulance_front_open,car ambulance,graphics/decos/cars/cars_ambulance.swf,ambulance_front_open,6,3,TRUE,TRUE,,1,2,,,,,,,
ambulance_back,car ambulance,graphics/decos/cars/cars_ambulance.swf,ambulance_back,3,6,TRUE,TRUE,,1,2,,,,,,,
ambulance_back_open,car ambulance,graphics/decos/cars/cars_ambulance.swf,ambulance_back_open,3,6,TRUE,TRUE,,1,2,,,,,,,
car_labycore1,car labycore,graphics/decos/cars/cars_labycore.swf,car_labycore1,6,3,TRUE,TRUE,,1,2,,,,,,,
car_labycore1_open,car labycore,graphics/decos/cars/cars_labycore.swf,car_labycore1_open,6,3,TRUE,TRUE,,1,2,,,,,,,
car_labycore1_back,car labycore,graphics/decos/cars/cars_labycore.swf,car_labycore1_back,3,6,TRUE,TRUE,,1,2,,,,,,,
car_labycore1_back_open,car labycore,graphics/decos/cars/cars_labycore.swf,car_labycore1_back_open,3,6,TRUE,TRUE,,1,2,,,,,,,
car_labycore_burnt1,car labycore,graphics/decos/cars/cars_labycore_destroyed.swf,car_labycore_burnt1,6,3,TRUE,TRUE,,1,2,,,,,,,
car_labycore_burnt2,car labycore,graphics/decos/cars/cars_labycore_destroyed.swf,car_labycore_burnt2,3,6,TRUE,TRUE,,1,2,,,,,,,
jeep_01_back,jeep car,graphics/decos/cars/cars_jeep.swf,jeep_01_back,3,6,true,true,,,,,,,,,,
jeep_01_front,jeep car,graphics/decos/cars/cars_jeep.swf,jeep_01_front,6,3,true,true,,,,,,,,,,
truck,car,graphics/decos/cars/cars_truck1.swf,truck,3,10,true,true,,,,,,,,,,
hovercar_mobster_back,hovercar gangster,graphics/decos/cars/hovercar_mobster.swf,hovercar_mobster_back,4,7,TRUE,TRUE,,-5,3,,,,,,,
hovercar_cruiser_back,hovercar gangster,graphics/decos/cars/hovercar_cruiser.swf,hovercar_cruiser_back,3,7,TRUE,TRUE,,-3,3,,,,,,,
Stripclub_Bar_Cabinet,furniture bar,graphics/decos/strip_club_indoors/stripclub.swf,Stripclub_Bar_Cabinet,1,3,TRUE,,,3,1,,,,,,,
Stripclub_Bar_Cabinet_wDoors,furniture bar,graphics/decos/strip_club_indoors/stripclub.swf,Stripclub_Bar_Cabinet_wDoors,1,3,TRUE,,,4,2,,,,,,,
Stripclub_Bar_Counter_02,furniture bar UPDATE,graphics/decos/strip_club_indoors/stripclub.swf,Stripclub_Bar_Counter_02,1,6,,,,3,,,,,,,,
Stripclub_Bar_Counter_03,furniture bar UPDATE,graphics/decos/strip_club_indoors/stripclub.swf,Stripclub_Bar_Counter_03,3,6,,,,1,,,,,,,,
Stripclub_Bar_Counter_04,furniture bar UPDATE,graphics/decos/strip_club_indoors/stripclub.swf,Stripclub_Bar_Counter_04,1,8,,,,2,,,,,,,,
Stripclub__0020_Bar_Counter_Corner_02,furniture bar UPDATE,graphics/decos/strip_club_indoors/stripclub.swf,Stripclub__0020_Bar_Counter_Corner_02,2,2,,,,1,,,,,,,,
Stripclub__0002_Bar_Counter_Straight_01.png.png,furniture bar UPDATE,graphics/decos/strip_club_indoors/stripclub.swf,Stripclub__0002_Bar_Counter_Straight_01.png.png,3,1,,,,1,,,,,,,,
Stripclub__0009_Bar_Counter_Straight_04,furniture bar UPDATE,graphics/decos/strip_club_indoors/stripclub.swf,Stripclub__0009_Bar_Counter_Straight_04,1,1,,,,1,,,,,,,,
Stripclub_Bar_Stool,furniture bar,graphics/decos/strip_club_indoors/stripclub.swf,Stripclub_Bar_Stool,1,1,,,,0,0,,,,,,,
Stripclub_Coat_Rack,furniture bar,graphics/decos/strip_club_indoors/stripclub.swf,Stripclub_Coat_Rack,1,3,,,,0,,,,,,,,
Stripclub_Column,furniture bar,graphics/decos/strip_club_indoors/stripclub.swf,Stripclub_Column,1,1,,,,,,,,,,,,
Stripclub_Desk,furniture bar,graphics/decos/strip_club_indoors/stripclub.swf,Stripclub_Desk,1,2,,,,2,,,,,,,,
Stripclub_Fence_Pole_1,bar fence,graphics/decos/strip_club_indoors/stripclub.swf,Stripclub_Fence_Pole_1,1,1,,,,-2,,,,,,,,
Stripclub_Fence_Pole_2,bar fence,graphics/decos/strip_club_indoors/stripclub.swf,Stripclub_Fence_Pole_2,1,1,,,,-2,,,,,,,,
Stripclub_Plant_1,plant,graphics/decos/strip_club_indoors/stripclub.swf,Stripclub_Plant_1,1,1,,,,0,,,,,,,,
Stripclub_Plant_2,plant,graphics/decos/strip_club_indoors/stripclub.swf,Stripclub_Plant_2,1,1,,,,,,,,,,,,
Stripclub_Sofa_1,furniture bar,graphics/decos/strip_club_indoors/stripclub.swf,Stripclub_Sofa_1,1,4,true,,,2,0,,,,,,,
Stripclub_Sofa_2,furniture bar,graphics/decos/strip_club_indoors/stripclub.swf,Stripclub_Sofa_2,4,1,true,,,2,,,,,,,,
Stripclub_Sofa_3,furniture bar,graphics/decos/strip_club_indoors/stripclub.swf,Stripclub_Sofa_3,4,1,true,,,1,,,,,,,,
Stripclub_Sofa_Concave_01,furniture bar,graphics/decos/strip_club_indoors/stripclub.swf,Stripclub_Sofa_Concave_01,3,3,true,,,1,,,,,,,,
Stripclub_Sofa_Concave_02,furniture bar,graphics/decos/strip_club_indoors/stripclub.swf,Stripclub_Sofa_Concave_02,3,3,true,,,1,,,,,,,,
Stripclub_Sofa_Concave_03,furniture bar,graphics/decos/strip_club_indoors/stripclub.swf,Stripclub_Sofa_Concave_03,3,3,true,,,1,,,,,,,,
Stripclub_Sofa_Convex_01,furniture bar,graphics/decos/strip_club_indoors/stripclub.swf,Stripclub_Sofa_Convex_01,3,3,true,,,1,,,,,,,,
Stripclub_Sofa_Convex_02,furniture bar,graphics/decos/strip_club_indoors/stripclub.swf,Stripclub_Sofa_Convex_02,3,3,true,,,1,,,,,,,,
Stripclub_Sofa_Convex_03,furniture bar,graphics/decos/strip_club_indoors/stripclub.swf,Stripclub_Sofa_Convex_03,3,3,true,,,1,,,,,,,,
Stripclub_Speaker_01,furniture bar UPDATE,graphics/decos/strip_club_indoors/stripclub.swf,Stripclub_Speaker_01,1,1,,,,2,,,,,,,,
Stripclub_Speaker_Elements_01,furniture bar UPDATE,graphics/decos/strip_club_indoors/stripclub.swf,Stripclub_Speaker_Elements_01,1,1,,,,2,,,,,,,,
Stripclub_Spotlight_01,furniture bar,graphics/decos/strip_club_indoors/stripclub.swf,Stripclub_Spotlight_01,1,1,,,,,,,,,,,,
Stripclub_Spotlight_02,furniture bar,graphics/decos/strip_club_indoors/stripclub.swf,Stripclub_Spotlight_02,1,1,,,,-1,,,,,,,,
Stripclub__0002_Stripclub_Stage_Part_01,furniture bar UPDATE,graphics/decos/strip_club_indoors/stripclub.swf,Stripclub__0002_Stripclub_Stage_Part_01,5,3,,,,1,,,,,,,,
Stripclub__0006_Stripclub_Stage_Part_02,furniture bar UPDATE,graphics/decos/strip_club_indoors/stripclub.swf,Stripclub__0006_Stripclub_Stage_Part_02,5,3,,,,1,,,,,,,,
Stripclub_Standing_Lamp_01,bar lamp UPDATE,graphics/decos/strip_club_indoors/stripclub.swf,Stripclub_Standing_Lamp_01,1,1,,,,-1,,,,,,,,
Stripclub_Standing_Lamp_02,bar lamp UPDATE,graphics/decos/strip_club_indoors/stripclub.swf,Stripclub_Standing_Lamp_02,1,1,,,,-1,,,,,,,,
Stripclub_Standing_Lamp_03,bar lamp UPDATE,graphics/decos/strip_club_indoors/stripclub.swf,Stripclub_Standing_Lamp_03,1,1,,,,-1,,,,,,,,
Stripclub_Stool,furniture bar,graphics/decos/strip_club_indoors/stripclub.swf,Stripclub_Stool,1,1,,,,,,,,,,,,
Stripclub_Stripper_Pole,furniture bar,graphics/decos/strip_club_indoors/stripclub.swf,Stripclub_Stripper_Pole,1,1,,,,-2,,,,,,,,
Stripclub_Table_Large,furniture bar,graphics/decos/strip_club_indoors/stripclub.swf,Stripclub_Table_Large,2,3,,,,-1,3,,,,,,,
Stripclub_Table_Prop_01,bar prop,graphics/decos/strip_club_indoors/stripclub.swf,Stripclub_Table_Prop_01,1,1,,,,-2,,,,,,,,
Stripclub_Table_Small,furniture bar,graphics/decos/strip_club_indoors/stripclub.swf,Stripclub_Table_Small,1,1,,,,0,2,,,,,,,
Scraper2,building beach,graphics/decos/buildings_beach_boulevard/scrapers_and_deco_houses.swf,Scraper2,17,9,TRUE,TRUE,,-1,,,,,,,,
fence_concrete_w_rail_corner_back,fence,graphics/decos/fences/fences.swf,fence_concrete_w_rail_corner_back,2,2,,TRUE,,,1,,,,,,,
fence_concrete_w_rail_corner_front,fence,graphics/decos/fences/fences.swf,fence_concrete_w_rail_corner_front,2,2,,TRUE,,,1,,,,,,,
fence_concrete_w_rail_corner_left,fence,graphics/decos/fences/fences.swf,fence_concrete_w_rail_corner_left,2,2,,TRUE,,,1,,,,,,,
fence_concrete_w_rail_straight,fence,graphics/decos/fences/fences.swf,fence_concrete_w_rail_straight,4,1,,TRUE,,-1,2,,,,,,,
fence_metal_front,fence,graphics/decos/fences/fences.swf,fence_metal_front,1,1,,,,-3,,,,,,,,
fence_concrete_corner_back,fence UPDATE,graphics/decos/fences/fences.swf,fence_concrete_corner_back,2,2,,,,-1,,,,,,,,
fence_concrete_corner_front,fence UPDATE,graphics/decos/fences/fences.swf,fence_concrete_corner_front,2,2,,,,-2,,,,,,,,
fence_concrete_corner_right,fence UPDATE,graphics/decos/fences/fences.swf,fence_concrete_corner_right,2,2,,,,-2,,,,,,,,
fence_concrete_middle,fence UPDATE,graphics/decos/fences/fences.swf,fence_concrete_middle,1,3,,,,-1,2,,,,,,,
fence_steel_corner_back,fence,graphics/decos/fences/fences.swf,fence_steel_corner_back,1,1,,,,-1,,,,,,,,
fence_steel_corner_front,fence,graphics/decos/fences/fences.swf,fence_steel_corner_front,1,1,,,,-1,,,,,,,,
fence_steel_corner_left,fence,graphics/decos/fences/fences.swf,fence_steel_corner_left,,,,,,-1,,,,,,,,
fence_steel_left_straight_back,fence,graphics/decos/fences/fences.swf,fence_steel_left_straight_back,2,,,,,-2,,,,,,,,
fence_steel_left_straight_front,fence,graphics/decos/fences/fences.swf,fence_steel_left_straight_front,2,,,,,-2,,,,,,,,
fence_steel_middle_back,fence,graphics/decos/fences/fences.swf,fence_steel_middle_back,2,,,,,-2,,,,,,,,
fence_steel_middle_front,fence,graphics/decos/fences/fences.swf,fence_steel_middle_front,2,,,,,-2,,,,,,,,
fence_stone_straight1,fence,graphics/decos/fences/fences.swf,fence_stone_straight1,2,,,,,-2,,,,,,,,
fence_stone_straight2,fence,graphics/decos/fences/fences.swf,fence_stone_straight2,2,,,,,-2,,,,,,,,
fence_turq_deco_straight,fence REMOVE,graphics/decos/fences/fences.swf,fence_turq_deco_straight,2,,,,,-2,2,,,,,,,
fence_highway_front,fence highway road,graphics/decos/fences/fences.swf,fence_highway_front,1,3,,,,-3,,,,,,,,
fence_highway_back,fence highway road,graphics/decos/fences/fences.swf,fence_highway_back,1,3,,,,-3,,,,,,,,
Warehouse2_Big,warehouse building UPDATE,graphics/decos/buildings/warehouse2.swf,Warehouse2_Big,22,10,TRUE,TRUE,,2,3,,,,,,,
Warehouse2_Med,warehouse building UPDATE,graphics/decos/buildings/warehouse2.swf,Warehouse2_Med,10,14,TRUE,TRUE,,3,3,,,,,,,
Warehouse2_Small1,warehouse building UPDATE,graphics/decos/buildings/warehouse2.swf,Warehouse2_Small1,10,6,TRUE,TRUE,,2,3,,,,,,,
Warehouse2_Small3,warehouse building UPDATE,graphics/decos/buildings/warehouse2.swf,Warehouse2_Small3,6,10,TRUE,TRUE,,2,3,,,,,,,
Warehouse2_Small4,warehouse building UPDATE,graphics/decos/buildings/warehouse2.swf,Warehouse2_Small4,10,6,TRUE,TRUE,,2,3,,,,,,,
Basement_Entrance_1,basement,graphics/decos/basement_fire_escape/basement_entrance.swf,Basement_Entrance_1,9,4,,,,-9,2,,,,,,,
Basement_Entrance_2,basement,graphics/decos/basement_fire_escape/basement_entrance.swf,Basement_Entrance_2,9,4,,,,-9,2,,,,,,,
GateBooth_Gate,docks gate UPDATE,graphics/decos/train_yard/gate_booth.swf,GateBooth_Gate,7,1,,,,-4,,,,,,,,
GateBooth2_Booth,docks gate industrial,graphics/decos/train_yard/gate_booth.swf,GateBooth2_Booth,3,3,TRUE,TRUE,,1,,,,,,,,
GateBooth2_Gate,docks gate industrial,graphics/decos/train_yard/gate_booth.swf,GateBooth2_Gate,7,1,,,,-2,2,,,,,,,
Downtown_White1,downtown building UPDATE,graphics/decos/buildings_downtown/downtown_6_white_highrise.swf,Downtown_White1,14,13,TRUE,TRUE,,3,3,,,,,,,
Downtown_White2,downtown building UPDATE,graphics/decos/buildings_downtown/downtown_6_white_highrise.swf,Downtown_White2,12,12,TRUE,TRUE,,3,4,,,,,,,
Downtown_White3,downtown building UPDATE,graphics/decos/buildings_downtown/downtown_6_white_highrise.swf,Downtown_White3,13,10,TRUE,TRUE,,3,5,,,,,,,
Downtown_Brick1,downtown building UPDATE,graphics/decos/buildings_downtown/downtown_brick_house.swf,Downtown_Brick1,14,14,TRUE,TRUE,,4,7,,,,,,,
Downtown_Brick2,downtown building UPDATE,graphics/decos/buildings_downtown/downtown_brick_house.swf,Downtown_Brick2,14,14,TRUE,TRUE,,3,3,,,,,,,
Downtown_Brick3,downtown building UPDATE,graphics/decos/buildings_downtown/downtown_brick_house.swf,Downtown_Brick3,21,12,TRUE,TRUE,,1,2,,,,,,,
Downtown_Brick4,downtown building UPDATE,graphics/decos/buildings_downtown/downtown_brick_house.swf,Downtown_Brick4,14,14,TRUE,TRUE,,2,3,,,,,,,
Labycore_3floor_01,labycore building modern,graphics/decos/buildings_modern/buildings_modern01.swf,labycore_3floor_01,21,12,TRUE,TRUE,,3,3,,,,,,,
Labycore_3floor_02,labycore building modern,graphics/decos/buildings_modern/buildings_immigration.swf,labycore_3floor_02,21,12,TRUE,TRUE,,3,3,,,,,,,
Labycore_highrise_01,labycore building modern,graphics/decos/buildings_modern/buildings_modern01.swf,labycore_highrise_01,15,9,TRUE,TRUE,,3,3,,,,,,,
Labycore_highrise_02,labycore building modern,graphics/decos/buildings_modern/buildings_modern01.swf,labycore_highrise_02,11,22,TRUE,TRUE,,3,3,,,,,,,
Labycore_highrise_03,labycore building modern,graphics/decos/buildings_modern/buildings_modern01.swf,labycore_highrise_03,12,10,TRUE,TRUE,,3,3,,,,,,,
Labycore_highrise_04,labycore building modern,graphics/decos/buildings_modern/buildings_modern01.swf,labycore_highrise_04,15,13,TRUE,TRUE,,-2,3,,,,,,,
Labycore_highrise_05,labycore building modern,graphics/decos/buildings_modern/buildings_modern01.swf,labycore_highrise_05,12,9,TRUE,TRUE,,3,3,,,,,,,
caterpillar_front,construction,graphics/decos/construction/construction_machines.swf,caterpillar_front,4,6,TRUE,true,,1,3,,,,,,,
caterpillar_back,construction,graphics/decos/construction/construction_machines.swf,caterpillar_back,4,6,TRUE,true,,1,3,,,,,,,
forklift_front,construction,graphics/decos/construction/construction_machines.swf,forklift_front,2,6,,,,-1,3,,,,,,,
cable_reel_1,construction,graphics/decos/construction/construction_decor.swf,cable_reel_1,2,2,TRUE,,,-1,3,,,,,,,
brickpile_gray2,construction,graphics/decos/construction/construction_decor.swf,brickpile_gray2,2,2,TRUE,,,2,5,,,,,,,
brickpile_gray1,construction,graphics/decos/construction/construction_decor.swf,brickpile_gray1,2,2,,,,2,1,,,,,,,
cable_reel_2,construction,graphics/decos/construction/construction_decor.swf,cable_reel_2,2,2,,,,-1,3,,,,,,,
brickpile_1,construction,graphics/decos/construction/construction_decor.swf,brickpile_1,2,2,,,,2,4,,,,,,,
brickpile_2,construction,graphics/decos/construction/construction_decor.swf,brickpile_2,2,2,,,,1,3,,,,,,,
planks_1,construction,graphics/decos/construction/construction_decor.swf,planks_1,3,3,,,,-3,5,,,,,,TRUE,
planks_2,construction,graphics/decos/construction/construction_decor.swf,planks_2,2,2,,,,-2,6,,,,,,TRUE,
dumbster_street1,street,graphics/decos/street/street_generic.swf,dumbster_street1,6,4,TRUE,,,,3,,,,,,,
dumbster_street2,street,graphics/decos/street/street_generic.swf,dumbster_street2,6,4,TRUE,,,-1,3,,,,,,,
electric_pole1,street,graphics/decos/street/street_generic.swf,electric_pole1,,,,,,-2,,,,,,,,
electric_pole2,street,graphics/decos/street/street_generic.swf,electric_pole2,,,,,,-2,,,,,,,,
basketball_hoop_street_front,street,graphics/decos/street/street_generic.swf,basketball_hoop_street_front,1,1,,,,,3,,,,,,,
basketball_hoop_street_back,street,graphics/decos/street/street_generic.swf,basketball_hoop_street_back,,,,,,,3,,,,,,,
hotdog_stand1,street,graphics/decos/street/street_generic.swf,hotdog_stand1,1,2,,,,,2,,,,,,,
hotdog_stand2,street,graphics/decos/street/street_generic.swf,hotdog_stand2,1,2,,,,,2,,,,,,,
trash_bin_white,street UPDATE,graphics/decos/street/street_generic.swf,trash_bin_white,,,,,,,3,,,,,,,
trash_bin_green,street UPDATE,graphics/decos/street/street_generic.swf,trash_bin_green,1,1,,,,1,2,,,,,,,
spraycans_2,street,graphics/decos/street/street_generic.swf,spraycans_2,1,1,,,,,4,,,,,,,
spraycans_1,street,graphics/decos/street/street_generic.swf,spraycans_1,,,,,,,1,,,,,,,
shopping_cart_3,street,graphics/decos/street/street_generic.swf,shopping_cart_3,1,1,,,,1,6,,,,,,,
shopping_cart_2,street,graphics/decos/street/street_generic.swf,shopping_cart_2,,,,,,,3,,,,,,,
shopping_cart_1,street,graphics/decos/street/street_generic.swf,shopping_cart_1,1,1,,,,,7,,,,,,,
newspaperbooth1,street,graphics/decos/street/street_generic.swf,newspaperbooth1,1,1,,,,1,2,,,,,,,
newspaperbooth2,street,graphics/decos/street/street_generic.swf,newspaperbooth2,,,,,,,,,,,,,,
newspaperbooth3,street,graphics/decos/street/street_generic.swf,newspaperbooth3,1,1,,,,1,3,,,,,,,
newspaperbooth4,street,graphics/decos/street/street_generic.swf,newspaperbooth4,,,,,,1,5,,,,,,,
newspaperbooth4_back,street,graphics/decos/street/street_generic.swf,newspaperbooth4_back,,,,,,1,,,,,,,,
dumpster_front_open,street,graphics/decos/street/street_generic.swf,dumpster_front_open,1,2,,,,4,7,,,,,,,
dumpster_front_open_rotated,street,graphics/decos/street/street_generic.swf,dumpster_front_open_rotated,1,2,,,,6,6,,,,,,,
dumpster_front,street,graphics/decos/street/street_generic.swf,dumpster_front,1,2,,,,2,3,,,,,,,
dumpster_back,street,graphics/decos/street/street_generic.swf,dumpster_back,1,2,,,,3,1,,,,,,,
dumpster_back_open,street,graphics/decos/street/street_generic.swf,dumpster_back_open,1,2,,,,3,3,,,,,,,
homeless_hut1_front,street,graphics/decos/street/street_homeless.swf,homeless_hut1_front,2,4,,,,-4,2,,,,,,,
homeless_hut1_back,street,graphics/decos/street/street_homeless.swf,homeless_hut1_back,2,4,,,,-4,2,,,,,,,
homeless_hut2_front,street,graphics/decos/street/street_homeless.swf,homeless_hut2_front,2,2,,,,,2,,,,,,,
homeless_hut2_back,street,graphics/decos/street/street_homeless.swf,homeless_hut2_back,2,2,,,,,2,,,,,,,
rooftop_entrance_front2,rooftop RETOUCH,graphics/decos/rooftop/rooftop_generic.swf,rooftop_entrance_front2,4,7,TRUE,TRUE,,-2,,,,,,,,
rooftop_entrance_back2,rooftop RETOUCH,graphics/decos/rooftop/rooftop_generic.swf,rooftop_entrance_back2,7,4,TRUE,TRUE,,-2,,,,,,,,
rooftop_watertower_front,rooftop,graphics/decos/rooftop/rooftop_generic.swf,rooftop_watertower_front,4,4,,TRUE,,-2,2,,,,,,,
rooftop_watertower_back,rooftop,graphics/decos/rooftop/rooftop_generic.swf,rooftop_watertower_back,4,4,,TRUE,,-2,2,,,,,,,
roof_dish_1,rooftop,graphics/decos/rooftop/rooftop_generic.swf,roof_dish1,2,2,,TRUE,,-3,9,,,,,,,
roof_air_duct_1,rooftop,graphics/decos/rooftop/rooftop_generic.swf,roof_air_duct_1,1,1,,,,,2,,,,,,,
plant_box_high_middle,park RETOUCH,graphics/decos/park/plantboxes.swf,plant_box_high_middle,2,2,,,,1,2,,,,,,,
plant_box_high_end_round1,park RETOUCH,graphics/decos/park/plantboxes.swf,plant_box_high_end_round1,2,2,,,,-1,2,,,,,,,
plant_box_high_end_round2,park RETOUCH,graphics/decos/park/plantboxes.swf,plant_box_high_end_round2,2,2,,,,1,2,,,,,,,
plant_box_high_circle,park RETOUCH,graphics/decos/park/plantboxes.swf,plant_box_high_circle,2,2,,,,-1,2,,,,,,,
treebase,park RETOUCH,graphics/decos/park/plantboxes.swf,treebase,2,2,,,,-2,1,,,,,,true,
terrace_2_sunscreen_2_closed,beach,graphics/decos/beach_assets/beach_assets.swf,terrace_sunscreen_2_closed,1,1,,,,,4,,,,,,,
terrace_sunscreen_2,beach,graphics/decos/beach_assets/beach_assets.swf,terrace_sunscreen_2,1,1,,,,2,8,,,,,,,
terrace_sunscreen,beach,graphics/decos/beach_assets/beach_assets.swf,terrace_sunscreen,1,1,,,,2,7,,,,,,,
table_terrace,table beach,graphics/decos/beach_assets/beach_assets.swf,table_terrace,3,3,,,,-4,,,,,,,,
sun_chair_3_front,chair beac,graphics/decos/beach_assets/beach_assets.swf,sun_chair_3_front,1,3,,,,-1,2,,,,,,,
sun_chair_2_front,chair beach,graphics/decos/beach_assets/beach_assets.swf,sun_chair_2_front,1,3,,,,2,2,,,,,,,
sun_chair_2_back,chair beach,graphics/decos/beach_assets/beach_assets.swf,sun_chair_2_back,1,3,,,,,3,,,,,,,
sun_chair_1_front,chair beach,graphics/decos/beach_assets/beach_assets.swf,sun_chair_1_front,1,3,,,,1,2,,,,,,,
sun_chair_1_back,chair beach,graphics/decos/beach_assets/beach_assets.swf,sun_chair_1_back,1,3,,,,,2,,,,,,,
bench_turq_front,beach park,graphics/decos/beach_assets/beach_assets.swf,bench_turq_front,3,1,,,,,2,,,,,,,
bench_turq_back,beach park,graphics/decos/beach_assets/beach_assets.swf,bench_turq_back,3,1,,,,,2,,,,,,,
bench_marble,beach park,graphics/decos/beach_assets/beach_assets.swf,bench_marble,4,1,,,,,,,,,,,,
beachhouse2,beach building,graphics/decos/beach_assets/beach_assets.swf,beachhouse2,6,6,TRUE,TRUE,,1,7,,,,,,,
beachhouse1,beach building,graphics/decos/beach_assets/beach_assets.swf,beachhouse1,6,6,TRUE,TRUE,,,6,,,,,,,
welding_kit_1,industrial docks,graphics/decos/train_yard/industrial_common.swf,welding_kit_1,2,1,,,,1,,,,,,,,
welding_kit_2,industrial docks,graphics/decos/train_yard/industrial_common.swf,welding_kit_2,2,1,,,,1,,,,,,,,
trolley,industrial docks,graphics/decos/train_yard/industrial_common.swf,trolley,1,1,,,,,,,,,,,,
propane_tower,industrial docks RETOUCH,graphics/decos/train_yard/industrial_common.swf,propane_tower,4,4,TRUE,TRUE,,-3,9,,,,,,,
pallet_pile_1,industrial docks construction,graphics/decos/train_yard/industrial_common.swf,pallet_pile_1,3,3,,,,,6,,,,,,,
pallet_pile_2,industrial docks construction,graphics/decos/train_yard/industrial_common.swf,pallet_pile_2,2,2,,,,1,3,,,,,,,
pallet_1,industrial docks construction,graphics/decos/train_yard/industrial_common.swf,pallet_1,2,2,,,,,,,,,,,TRUE,
pallet_2,industrial docks construction,graphics/decos/train_yard/industrial_common.swf,pallet_2,2,2,,,,1,3,,,,,,TRUE,
pallet_3,industrial docks construction,graphics/decos/train_yard/industrial_common.swf,pallet_3,2,1,,,,-1,3,,,,,,,
forklift_trad,industrial docks construction,graphics/decos/train_yard/industrial_common.swf,forklift_trad,3,1,,,,,4,,,,,,,
laby_orange_pillar,sign labycore,graphics/decos/signs/signs_intro.swf,laby_orange_pillar_intro,1,2,TRUE,,,-3,3,,,,,,,
laby_pillar_big,sign labycore,graphics/decos/signs/signs_intro.swf,laby_pillar_big_intro,4,1,TRUE,TRUE,,1,9,,,,,,,
laby_rights_left,sign labycore,graphics/decos/signs/signs_labycore.swf,laby_rights_left,3,1,TRUE,,,,4,,,,,,,
videoscreen_front_high,sign screen RETOUCH,graphics/decos/video_screens/screens.swf,videoscreen_front_high,2,4,TRUE,TRUE,,-2,1,,,,,,,
videoscreen_front_higher,sign screen RETOUCH,graphics/decos/video_screens/screens.swf,videoscreen_front_higher,2,4,TRUE,TRUE,,-2,1,,,,,,,
videoscreen_back_high,sign screen RETOUCH,graphics/decos/video_screens/screens.swf,videoscreen_back_high,2,4,TRUE,TRUE,,-2,1,,,,,,,
videoscreen_back_higher,sign screen RETOUCH,graphics/decos/video_screens/screens.swf,videoscreen_back_higher,2,4,TRUE,TRUE,,-2,1,,,,,,,
pier_bumber1,docks pier,graphics/decos/docks/pier_water_items.swf,pier_bumber1,,,,,,,,,,,,,,
pier_bumber2,docks pier,graphics/decos/docks/pier_water_items.swf,pier_bumber2,,,,,,,,,,,,,,
conveyor_front,industrial,graphics/decos/train_yard/industrial_common.swf,conveyor_front,1,1,,,,,,,,,,,,
conveyor_back,industrial,graphics/decos/train_yard/industrial_common.swf,conveyor_back,1,1,,,,,,,,,,,,
conveyor_middle_1,industrial,graphics/decos/train_yard/industrial_common.swf,conveyor_middle_1,3,1,,,,,,,,,,,,
conveyor_middle_2,industrial,graphics/decos/train_yard/industrial_common.swf,conveyor_middle_2,3,1,,,,,,,,,,,,
jerrycan_1,industrial,graphics/decos/train_yard/industrial_common.swf,jerrycan_1,1,1,,,,,,,,,,,,
jerrycan_2,industrial,graphics/decos/train_yard/industrial_common.swf,jerrycan_2,1,1,,,,,,,,,,,,
toolbox_1,industrial,graphics/decos/train_yard/industrial_common.swf,toolbox_1,2,2,,,,-1,,,,,,,,
toolbox_2,industrial,graphics/decos/train_yard/industrial_common.swf,toolbox_2,1,1,,,,,,,,,,,,
sandbags_1,sandbag,graphics/decos/fences/fences.swf,sandbags_1,6,1,TRUE,,,3,7,,,,,,,
sandbags_2,sandbag,graphics/decos/fences/fences.swf,sandbags_2,5,1,,,,3,6,,,,,,,
sandbags_3,sandbag,graphics/decos/fences/fences.swf,sandbags_3,4,1,,,,2,9,,,,,,,
trash_bag_3,street trash,graphics/decos/street/street_generic.swf,trash_bag_3,1,1,,,,2,1,,,,,,,
trash_tire_1,street trash,graphics/decos/street/street_generic.swf,trash_tire_1,1,1,TRUE,,,2,,,,,,,,
big_crane_bottom,crane UPDATE,graphics/decos/construction/crane.swf,big_crane_bottom,4,13,,,,,10,,,,,,,
burning_barrel,barrel fire,graphics/decos/street/street_homeless.swf,burning_barrel,1,1,,,,1,4,,BarrelOnFire,,,,,
coil_front,powerplant,graphics/decos/power_plant/power_plant.swf,coil_front,8,2,,TRUE,,1,10,,,,,,,
coil_back,powerplant,graphics/decos/power_plant/power_plant.swf,coil_back,8,2,,TRUE,,,11,,,,,,,
compression_tank,powerplant,graphics/decos/power_plant/power_plant.swf,compression_tank,10,3,TRUE,TRUE,,,7,,,,,,,
double_tank_back,powerplant,graphics/decos/power_plant/power_plant.swf,double_tank_back,4,3,TRUE,TRUE,,4,6,,,,,,,
double_tank__front,powerplant,graphics/decos/power_plant/power_plant.swf,double_tank_front,4,3,TRUE,TRUE,,3,5,,,,,,,
gas_sphere,powerplant RETOUCH,graphics/decos/power_plant/power_plant.swf,gas_sphere,9,9,TRUE,TRUE,,1,29,,,,,,,
generator_1_back,powerplant,graphics/decos/power_plant/power_plant.swf,generator_1_back,8,4,TRUE,TRUE,,2,8,,,,,,,
generator_1_front,powerplant,graphics/decos/power_plant/power_plant.swf,generator_1_front,8,4,TRUE,TRUE,,2,8,,,,,,,
pipe_junction_back,powerplant,graphics/decos/power_plant/power_plant.swf,pipe_junction_back,6,2,,TRUE,,,6,,,,,,,
pipe_junction_front,powerplant,graphics/decos/power_plant/power_plant.swf,pipe_junction_front,6,2,,TRUE,,,7,,,,,,,
pp_controller_1,powerplant,graphics/decos/power_plant/power_plant.swf,pp_controller_1,1,3,TRUE,TRUE,,2,3,,,,,,,
pp_controller_2,powerplant,graphics/decos/power_plant/power_plant.swf,pp_controller_2,1,1,TRUE,TRUE,,2,2,,,,,,,
pp_controller_5,powerplant,graphics/decos/power_plant/power_plant.swf,pp_controller_5,1,2,TRUE,TRUE,,2,2,,,,,,,
curvy_sofa_back,furniture sofa,graphics/decos/interiors_common/interiors_common.swf,curvy_sofa_back,5,2,,,,-1,,,,,,,,
curvy_sofa_front,furniture sofa,graphics/decos/interiors_common/interiors_common.swf,curvy_sofa_front,4,2,,,,,,,,,,,,
desk_black,furniture table office,graphics/decos/interiors_common/interiors_common.swf,desk_black,4,1,,,,1,3,,,,,,,
desk_w_screens,table surveillance powerplant,graphics/decos/interiors_common/interiors_common.swf,desk_w_screens,5,2,TRUE,TRUE,,3,6,,,,,,,
floorlamp_black_1,light interior,graphics/decos/interiors_common/interiors_common.swf,floorlamp_black_1,1,1,,,,-1,,,,,,,,
floorlamp_black_2,light interior,graphics/decos/interiors_common/interiors_common.swf,floorlamp_black_2,1,1,,,,,,,,,,,,
light_pillar_black,light powerplant interior,graphics/decos/interiors_common/interiors_common.swf,light_pillar_black,1,1,,TRUE,,,,,,,,,,
light_pillar_white,light powerplant interior,graphics/decos/interiors_common/interiors_common.swf,light_pillar_white,1,1,,TRUE,,,,,,,,,,
loungechair_b_angled,furniture chair,graphics/decos/interiors_common/interiors_common.swf,loungechair_b_angled,2,2,,,,,2,,,,,,,
loungechair_b_front,furniture chair,graphics/decos/interiors_common/interiors_common.swf,loungechair_b_front,2,2,,,,-1,,,,,,,,
loungechair_b_back,furniture chair,graphics/decos/interiors_common/interiors_common.swf,loungechair_b_back,2,2,,,,-1,,,,,,,,
loungechair_w_angled_front,furniture chair,graphics/decos/interiors_common/interiors_common.swf,loungechair_w_angled_front,2,2,,,,,,,,,,,,
loungechair_w_front,furniture chair,graphics/decos/interiors_common/interiors_common.swf,loungechair_w_front,2,2,,,,-1,,,,,,,,
reception_bw_front,furniture table office,graphics/decos/interiors_common/interiors_common.swf,reception_bw_front,6,3,,,,5,3,,,,,,,
reception_bw3_front,furniture table office,graphics/decos/interiors_common/interiors_common.swf,reception_bw3_front,5,5,,,,6,6,,,,,,,
reception_bw3_back,furniture table office,graphics/decos/interiors_common/interiors_common.swf,reception_bw3_back,6,6,,,,-2,7,,,,,,,
reception_orange_back,furniture table office,graphics/decos/interiors_common/interiors_common.swf,reception_orange_back,6,3,,,,4,10,,,,,,,
reception_orange_front,furniture table office RETOUCH,graphics/decos/interiors_common/interiors_common.swf,reception_orange_front,6,3,,,,3,6,,,,,,,
table_touchscreen,furniture table office,graphics/decos/interiors_common/interiors_common.swf,table_touchscreen,2,2,,,,-1,4,,,,,,,
table_white_w_chairs,furniture table chair office,graphics/decos/interiors_common/interiors_common.swf,table_white_w_chairs,2,3,,,,-2,5,,,,,,,
workchair_1_back,chair office powerplant,graphics/decos/interiors_common/interiors_common.swf,workchair_1_back,1,1,,,,,,,,,,,,
workchair_1_front,chair office powerplant,graphics/decos/interiors_common/interiors_common.swf,workchair_1_front,1,1,,,,1,,,,,,,,
workchair_2_angled,furniture chair office,graphics/decos/interiors_common/interiors_common.swf,workchair_2_angled,1,1,,,,,,,,,,,,
workchair_2_back,furniture chair office,graphics/decos/interiors_common/interiors_common.swf,workchair_2_back,1,1,,,,1,,,,,,,,
workchair_3_front,furniture chair office,graphics/decos/interiors_common/interiors_common.swf,workchair_3_front,1,1,,,,1,,,,,,,,
workchair_3_back,furniture chair office,graphics/decos/interiors_common/interiors_common.swf,workchair_3_back,1,1,,,,1,,,,,,,,
computer_front,computer office labycore,graphics/decos/high_tech/computers_and_screen_graphics.swf,computer_front,6,2,TRUE,,,-9,3,,,,,,,
computer_back,computer office labycore,graphics/decos/high_tech/computers_and_screen_graphics.swf,computer_back,2,6,TRUE,,,-9,3,,,,,,,
computer_user_panel_front,computer office labycore,graphics/decos/high_tech/computers_and_screen_graphics.swf,computer_user_panel_front,1,1,,,,-3,1,,,,,,,
computer_user_panel_back,computer office labycore,graphics/decos/high_tech/computers_and_screen_graphics.swf,computer_user_panel_back,1,1,,,,-3,1,,,,,,,
pipefence_corner_back,fence powerplant,graphics/decos/power_plant/pipes.swf,pipefence_corner_back,2,2,TRUE,TRUE,,,,,,,,,,
pipefence_corner_right,fence powerplant,graphics/decos/power_plant/pipes.swf,pipefence_corner_right,2,2,TRUE,TRUE,,-3,3,,,,,,,
pipefence_corner_front,fence powerplant,graphics/decos/power_plant/pipes.swf,pipefence_corner_front,2,2,TRUE,TRUE,,-2,,,,,,,,
pipefence_straight,fence powerplant,graphics/decos/power_plant/pipes.swf,pipefence_straight,2,4,TRUE,TRUE,,,,,,,,,,
pipefence_end_front,fence powerplant,graphics/decos/power_plant/pipes.swf,pipefence_end_front,2,2,TRUE,TRUE,,,,,,,,,,
pipefence_end_back,fence powerplant,graphics/decos/power_plant/pipes.swf,pipefence_end_back,2,2,TRUE,TRUE,,,,,,,,,,
beer_crate,BEER BISSE OLUT diner bar,graphics/decos/diner/diner.swf,beer_crate,1,1,,,,2,,,,,,,,
beer_crate_stack,BEER BINI KALJA diner bar,graphics/decos/diner/diner.swf,beer_crate_stack,1,1,,,,3,2,,,,,,,
cooking_eq_1,diner bar kitchen,graphics/decos/diner/diner.swf,cooking_eq_1,3,1,,,,3,,,,,,,,
cooking_eq_1_w_microwave,diner bar kitchen,graphics/decos/diner/diner.swf,cooking_eq_1_w_microwave,3,1,,,,2,2,,,,,,,
cooking_eq_1_w_plates,diner bar kitchen,graphics/decos/diner/diner.swf,cooking_eq_1_w_plates,3,1,,,,3,1,,,,,,,
cooking_eq_2,diner bar kitchen,graphics/decos/diner/diner.swf,cooking_eq_2,1,1,,,,4,2,,,,,,,
diner_stool,chair diner bar,graphics/decos/diner/diner.swf,diner_stool,1,1,,,,,,,,,,,,
diner_table,diner table restaurant,graphics/decos/diner/diner.swf,diner_table,4,3,,,,2,4,,,,,,,
smokestack_1_small,pipe smokestack industrial RETOUCH,graphics/decos/smokestacks/smokestacks.swf,smokestack_1_small,4,4,TRUE,TRUE,,8,15,,,,,,,
smokestack_2,pipe smokestack industrial RETOUCH,graphics/decos/smokestacks/smokestacks.swf,smokestack_2,4,4,TRUE,TRUE,,9,19,,,,,,,
smokestack_3,pipe smokestack industrial RETOUCH,graphics/decos/smokestacks/smokestacks.swf,smokestack_3,4,4,TRUE,TRUE,,10,17,,,,,,,
razorfence_2_crn_right,fence security prison,graphics/decos/fences/security_fences.swf,razorfence_2_crn_right,2,2,TRUE,,,-2,8,,,,,,,
razorfence_2_crn_front,fence security prison,graphics/decos/fences/security_fences.swf,razorfence_2_crn_front,2,2,TRUE,,,-2,8,,,,,,,
razorfence_2_crn_back,fence security prison,graphics/decos/fences/security_fences.swf,razorfence_2_crn_back,2,2,TRUE,,,-2,8,,,,,,,
razorfence_2_straight,fence security prison,graphics/decos/fences/security_fences.swf,razorfence_2_straight,4,1,TRUE,,,-2,8,,,,,,,
razorfence_2_straight_door,fence security prison,graphics/decos/fences/security_fences.swf,razorfence_2_straight_door,4,1,TRUE,,,-2,8,,,,,,,
razorfence_2_cut_left,fence security prison,graphics/decos/fences/security_fences.swf,razorfence_2_cut_left,1,1,true,,,-2,8,,,,,,,
razorfence_2_cut_right,fence security prison,graphics/decos/fences/security_fences.swf,razorfence_2_cut_right,1,1,TRUE,,,-2,8,,,,,,,
razorfence_1_crn_right,fence security prison,graphics/decos/fences/security_fences.swf,razorfence_1_crn_right,2,2,TRUE,,,-2,8,,,,,,,
razorfence_1_crn_front,fence security prison,graphics/decos/fences/security_fences.swf,razorfence_1_crn_front,2,2,TRUE,,,-2,8,,,,,,,
razorfence_1_crn_back,fence security prison,graphics/decos/fences/security_fences.swf,razorfence_1_crn_back,2,2,TRUE,,,-2,8,,,,,,,
razorfence_1_straight,fence security prison,graphics/decos/fences/security_fences.swf,razorfence_1_straight,4,1,TRUE,,,-2,8,,,,,,,
razorfence_1_straight_door,fence security prison,graphics/decos/fences/security_fences.swf,razorfence_1_straight_door,4,1,TRUE,,,-2,8,,,,,,,
razor_crn_back,fence security prison,graphics/decos/fences/security_fences.swf,razor_crn_back,3,3,,,,-3,10,,,,,,,
razor_crn_front,fence security prison,graphics/decos/fences/security_fences.swf,razor_crn_front,3,3,,,,-3,10,,,,,,,
razor_crn_right,fence security prison,graphics/decos/fences/security_fences.swf,razor_crn_right,3,3,,,,-3,10,,,,,,,
razor_straight,fence security prison,graphics/decos/fences/security_fences.swf,razor_straight,4,2,,,,-3,10,,,,,,,
wirefence_straight,fence security prison,graphics/decos/fences/security_fences.swf,wirefence_straight,4,1,,,,-2,8,,,,,,,
wirefence_straight_door,fence security prison,graphics/decos/fences/security_fences.swf,wirefence_straight_door,4,1,,,,-2,8,,,,,,,
sandbags_crn_back,fence security prison,graphics/decos/fences/security_fences.swf,sandbags_crn_back,2,2,,,,1,4,,,,,,,
sandbags_crn_front,fence security prison,graphics/decos/fences/security_fences.swf,sandbags_crn_front,2,2,,,,2,4,,,,,,,
sandbags_crn_right,fence security prison,graphics/decos/fences/security_fences.swf,sandbags_crn_right,2,2,,,,2,4,,,,,,,
sandbags_straight,fence security prison,graphics/decos/fences/security_fences.swf,sandbags_straight,4,1,,,,2,2,,,,,,,
dirty_matress,ghetto furniture bed,graphics/decos/interiors_ghetto/interiors_ghetto.swf,dirty_matress,3,2,,,,2,2,,,,,,,
radiator_old,radiator ghetto interior,graphics/decos/interiors_ghetto/interiors_ghetto.swf,radiator_old,2,1,,,,-1,2,,,,,,,
ragpile_1,trash ghetto interior,graphics/decos/interiors_ghetto/interiors_ghetto.swf,ragpile_1,2,2,,,,,3,,,,,,,
ragpile_2,trash ghetto interior,graphics/decos/interiors_ghetto/interiors_ghetto.swf,ragpile_2,2,2,,,,,2,,,,,,,
ragpile_3,trash ghetto interior,graphics/decos/interiors_ghetto/interiors_ghetto.swf,ragpile_3,1,1,,,,,,,,,,,,
sink_dirty,bathroom ghetto interior,graphics/decos/interiors_ghetto/interiors_ghetto.swf,sink_dirty,1,1,,,,,2,,,,,,,
toilet_seat,ghetto interior bathroom,graphics/decos/interiors_ghetto/interiors_ghetto.swf,toilet_seat,1,1,,,,,,,,,,,,
shelves_01,warehouse furniture,graphics/decos/interiors_common/warehouse_shelves.swf,shelves_01,1,2,TRUE,TRUE,,,,,,,,,,
shelves_01_back,warehouse furniture,graphics/decos/interiors_common/warehouse_shelves.swf,shelves_01_back,1,2,TRUE,TRUE,,,,,,,,,,
shelves_02,warehouse furniture,graphics/decos/interiors_common/warehouse_shelves.swf,shelves_02,1,2,TRUE,TRUE,,,,,,,,,,
shelves_02_back,warehouse furniture,graphics/decos/interiors_common/warehouse_shelves.swf,shelves_02_back,1,2,TRUE,TRUE,,,,,,,,,,
shelves_03,warehouse furniture,graphics/decos/interiors_common/warehouse_shelves.swf,shelves_03,1,2,TRUE,TRUE,,,,,,,,,,
shelves_03_back,warehouse furniture,graphics/decos/interiors_common/warehouse_shelves.swf,shelves_03_back,1,2,TRUE,TRUE,,,,,,,,,,
shelves_04,warehouse furniture,graphics/decos/interiors_common/warehouse_shelves.swf,shelves_04,1,2,TRUE,TRUE,,,,,,,,,,
shelves_04_back,warehouse furniture,graphics/decos/interiors_common/warehouse_shelves.swf,shelves_04_back,1,2,TRUE,TRUE,,,,,,,,,,
shelves_05,warehouse furniture,graphics/decos/interiors_common/warehouse_shelves.swf,shelves_05,1,2,TRUE,TRUE,,,,,,,,,,
shelves_05_back,warehouse furniture,graphics/decos/interiors_common/warehouse_shelves.swf,shelves_05_back,1,2,TRUE,TRUE,,,,,,,,,,
shelves_00,warehouse furniture,graphics/decos/interiors_common/warehouse_shelves.swf,shelves_00,1,2,TRUE,TRUE,,,,,,,,,,
shelves_00_back,warehouse furniture,graphics/decos/interiors_common/warehouse_shelves.swf,shelves_00_back,1,2,TRUE,TRUE,,,,,,,,,,
shelves_high_00,warehouse furniture,graphics/decos/interiors_common/warehouse_shelves.swf,shelves_high_00,1,2,TRUE,TRUE,,,,,,,,,,
shelves_high_00_back,warehouse furniture,graphics/decos/interiors_common/warehouse_shelves.swf,shelves_high_00_back,1,2,TRUE,TRUE,,,,,,,,,,
shelves_high_01,warehouse furniture,graphics/decos/interiors_common/warehouse_shelves.swf,shelves_high_01,1,2,TRUE,TRUE,,,,,,,,,,
shelves_high_01_back,warehouse furniture,graphics/decos/interiors_common/warehouse_shelves.swf,shelves_high_01_back,1,2,TRUE,TRUE,,,,,,,,,,
shelves_high_02,warehouse furniture,graphics/decos/interiors_common/warehouse_shelves.swf,shelves_high_02,1,2,TRUE,TRUE,,,,,,,,,,
shelves_high_02_back,warehouse furniture,graphics/decos/interiors_common/warehouse_shelves.swf,shelves_high_02_back,1,2,TRUE,TRUE,,,,,,,,,,
shelves_high_03,warehouse furniture,graphics/decos/interiors_common/warehouse_shelves.swf,shelves_high_03,1,2,TRUE,TRUE,,,,,,,,,,
shelves_high_03_back,warehouse furniture,graphics/decos/interiors_common/warehouse_shelves.swf,shelves_high_03_back,1,2,TRUE,TRUE,,,,,,,,,,
shelves_high_04,warehouse furniture,graphics/decos/interiors_common/warehouse_shelves.swf,shelves_high_04,1,2,TRUE,TRUE,,,,,,,,,,
shelves_high_04_back,warehouse furniture,graphics/decos/interiors_common/warehouse_shelves.swf,shelves_high_04_back,1,2,TRUE,TRUE,,,,,,,,,,
trash_bags_1,trash,graphics/decos/street/street_generic.swf,trash_bags_1,2,2,,,,,,,,,,,,
trash_bags_2,trash,graphics/decos/street/street_generic.swf,trash_bags_2,2,2,,,,,,,,,,,,
inside_wall_layered,interior wall,graphics/decos/interiors_walls_doors/interiors_walls_doors.swf,inside_wall_layered,1,4,TRUE,TRUE,,3,,,,,,,,
inside_wall_layered_entrance,interior wall,graphics/decos/interiors_walls_doors/interiors_walls_doors.swf,inside_wall_layered_entrance,1,4,TRUE,TRUE,,2,,,,,,,,
inside_wall_layered_outside,interior wall,graphics/decos/interiors_walls_doors/interiors_walls_doors.swf,inside_wall_layered_outside,1,4,TRUE,TRUE,,2,,,,,,,,
inside_wall_layered_outside_open,interior wall,graphics/decos/interiors_walls_doors/interiors_walls_doors.swf,inside_wall_layered_outside_open,1,4,TRUE,TRUE,,2,,,,,,,,
inside_wall_layered_window2,interior wall,graphics/decos/interiors_walls_doors/interiors_walls_doors.swf,inside_wall_layered_window2,1,4,TRUE,TRUE,,2,,,,,,,,
inside_wall_layered_window2_outside,interior wall,graphics/decos/interiors_walls_doors/interiors_walls_doors.swf,inside_wall_layered_window2_outside,1,4,TRUE,TRUE,,2,,,,,,,,
inside_wall_layered_window3,interior wall,graphics/decos/interiors_walls_doors/interiors_walls_doors.swf,inside_wall_layered_window3,1,4,TRUE,TRUE,,2,,,,,,,,
inside_wall_layered_window3_outside,interior wall,graphics/decos/interiors_walls_doors/interiors_walls_doors.swf,inside_wall_layered_window3_outside,1,4,TRUE,TRUE,,2,,,,,,,,
inside_wall_layered_window_4,interior wall,graphics/decos/interiors_walls_doors/interiors_walls_doors.swf,inside_wall_layered_window4,1,4,TRUE,TRUE,,,,,,,,,,
inside_wall_layered_window5_outside,interior wall,graphics/decos/interiors_walls_doors/interiors_walls_doors.swf,inside_wall_layered_window5_outside,1,4,TRUE,TRUE,,2,,,,,,,,
inside_wall_layered_window6,interior wall,graphics/decos/interiors_walls_doors/interiors_walls_doors.swf,inside_wall_layered_window6,1,4,TRUE,TRUE,,2,,,,,,,,
inside_wall_layered_window6_outside,interior wall,graphics/decos/interiors_walls_doors/interiors_walls_doors.swf,inside_wall_layered_window6_outside,1,4,TRUE,TRUE,,2,,,,,,,,
inside_wall_corner_pillar_right,interior wall,graphics/decos/interiors_walls_doors/interiors_walls_doors.swf,inside_wall_corner_pillar_right,1,1,TRUE,TRUE,,2,,,,,,,,
inside_wall_corner_pillar_front,interior wall,graphics/decos/interiors_walls_doors/interiors_walls_doors.swf,inside_wall_corner_pillar_front,1,1,TRUE,TRUE,,2,,,,,,,,
inside_wall_glass,interior wall glass,graphics/decos/interiors_walls_doors/interiors_walls_doors.swf,inside_wall_glass,1,4,TRUE,TRUE,,-2,,,,,,,,
inside_wall_glass_no_glass,interior wall glass,graphics/decos/interiors_walls_doors/interiors_walls_doors.swf,inside_wall_glass_no_glass,1,4,TRUE,TRUE,,-5,,,,,,,,
inside_wall_glass_unbreakable,interior wall glass unbreakable,graphics/decos/interiors_walls_doors/interiors_walls_doors.swf,inside_wall_glass_unbreakable,1,4,TRUE,TRUE,,-2,,,,,,,,
oil_pump_front_1,oil pump power plant,graphics/decos/power_plant/power_plant.swf,oil_pump_front_1,4,9,TRUE,TRUE,,4,3,,,,,,,
oil_pump_front_2,oil pump power plant,graphics/decos/power_plant/power_plant.swf,oil_pump_front_2,4,9,TRUE,TRUE,,,4,,,,,,,
oil_pump_back_1,oil pump power plant,graphics/decos/power_plant/power_plant.swf,oil_pump_back_1,9,4,TRUE,TRUE,,3,2,,,,,,,
fake_building_1,building,graphics/decos/buildings_downtown/downtown_6_white_highrise.swf,fake_building_2,12,4,TRUE,TRUE,,4,3,,,,,,,
fake_building_3,building,graphics/decos/buildings_downtown/downtown_6_white_highrise.swf,fake_building_3,13,4,TRUE,TRUE,,4,7,,,,,,,
warehouse_big2,warehouse building red,graphics/decos/buildings/warehouse1.swf,warehouse_big2,21,11,TRUE,TRUE,,10,,,,,,,,
warehouse_small_red,warehouse red building,graphics/decos/buildings/warehouse1.swf,warehouse_small_red,11,6,TRUE,TRUE,,8,,,,,,,,
warehouse_big_white,white warehouse,graphics/decos/buildings/warehouse1.swf,warehouse_big_white,21,11,TRUE,TRUE,,11,,,,,,,,
warehouse_small_white2,white warehouse,graphics/decos/buildings/warehouse1.swf,warehouse_small_white2,11,6,TRUE,TRUE,,7,,,,,,,,
fence_hedge_maze,fence hedge,graphics/decos/fences/fences.swf,fence_hedge_maze,3,1,TRUE,TRUE,,2,,,,,,,,
fence_hedge_maze_corner,hedge maze fence,graphics/decos/fences/fences.swf,fence_hedge_maze_corner,1,1,TRUE,TRUE,,2,,,,,,,,
TrouserShelf,trousers pants self shop,graphics/decos/shop_decorations/shop_decos.swf,TrouserShelf,3,1,TRUE,TRUE,,,,,,,,,,
ShirtHanger,trousers pants self shop,graphics/decos/shop_decorations/shop_decos.swf,ShirtHanger,3,1,TRUE,,,,,,,,,,,
RifleStand,,graphics/decos/shop_decorations/shop_decos.swf,RifleStand,2,1,TRUE,TRUE,,,,,,,,,,
platform_edge_side_out,platform edge border,graphics/decos/platform/elevated_platforms.swf,platform_edge_side_out,1,2,,,,-5,,,,,,,,
platform_edge_side_in,platform edge border,graphics/decos/platform/elevated_platforms.swf,platform_edge_side_in,2,1,,,,-5,,,,,,,,
platform_edge_corner_out_front,platform edge border,graphics/decos/platform/elevated_platforms.swf,platform_edge_corner_out_front,2,2,,,,-5,,,,,,,,
platform_edge_corner_in_back,platform edge border,graphics/decos/platform/elevated_platforms.swf,platform_edge_corner_in_back,2,2,,,,-5,,,,,,,,
platform_edge_corner_out_left,platform edge border,graphics/decos/platform/elevated_platforms.swf,platform_edge_corner_out_left,2,2,,,,-5,,,,,,,,
platform_edge_corner_in_left,platform edge border,graphics/decos/platform/elevated_platforms.swf,platform_edge_corner_in_left,2,2,,,,-5,,,,,,,,
platform_edge_corner_out_back,platform edge border,graphics/decos/platform/elevated_platforms.swf,platform_edge_corner_out_back,2,2,,,,-5,,,,,,,,
platform_edge_corner_in_front,platform edge border,graphics/decos/platform/elevated_platforms.swf,platform_edge_corner_in_front,2,2,,,,-5,,,,,,,,
platform_edge_side_out_end_back,platform edge border,graphics/decos/platform/elevated_platforms.swf,platform_edge_side_out_end_back,1,2,,,,-5,,,,,,,,
industrial_lift,platform industrial lift,graphics/decos/platform/elevated_platforms.swf,industrial_lift,5,5,TRUE,FALSE,,2,,,,,,,,
lava_formation_1,lava rock stone tunnel,graphics/decos/lava_rock/lava_rock.swf,lava_formation_1,3,6,TRUE,TRUE,,3,15,,,,,,,
lava_formation_2,lava rock stone tunnel,graphics/decos/lava_rock/lava_rock.swf,lava_formation_2,3,2,TRUE,TRUE,,,4,,,,,,,
lava_formation_3,lava rock stone tunnel,graphics/decos/lava_rock/lava_rock.swf,lava_formation_3,2,2,TRUE,TRUE,,,4,,,,,,,
lava_pilar_1,lava rock stone tunnel,graphics/decos/lava_rock/lava_rock.swf,lava_pilar_1,3,2,TRUE,TRUE,,,5,,,,,,,
lava_pilar_2,lava rock stone tunnel,graphics/decos/lava_rock/lava_rock.swf,lava_pilar_2,4,2,TRUE,TRUE,,,5,,,,,,,
lava_rock_2,lava rock stone tunnel,graphics/decos/lava_rock/lava_rock.swf,lava_rock_2,4,3,,,,-2,8,,,,,,,
lava_rock_3,lava rock stone tunnel,graphics/decos/lava_rock/lava_rock.swf,lava_rock_3,2,2,,,,-1,8,,,,,,,
lava_rock_4,lava rock stone tunnel,graphics/decos/lava_rock/lava_rock.swf,lava_rock_4,1,1,,,,,,,,,,,,
lava_wall_1,lava rock stone tunnel,graphics/decos/lava_rock/lava_rock.swf,lava_wall_1,2,5,TRUE,TRUE,,,5,,,,,,,
lava_wall_2,lava rock stone tunnel,graphics/decos/lava_rock/lava_rock.swf,lava_wall_2,2,5,TRUE,TRUE,,,5,,,,,,,
lava_wall_3,lava rock stone tunnel,graphics/decos/lava_rock/lava_rock.swf,lava_wall_3,2,5,TRUE,TRUE,,,5,,,,,,,
construction_fence1,fence,graphics/decos/fences/construction_fence.swf,construction_fence1,1,4,TRUE,TRUE,,,,,,,,,,
construction_fence2,fence,graphics/decos/fences/construction_fence.swf,construction_fence2,1,4,TRUE,TRUE,,,,,,,,,,
construction_fence3,fence,graphics/decos/fences/construction_fence.swf,construction_fence3,1,4,TRUE,TRUE,,,,,,,,,,
construction_fence4,fence,graphics/decos/fences/construction_fence.swf,construction_fence4,1,2,TRUE,TRUE,,,,,,,,,,
construction_fence5,fence,graphics/decos/fences/construction_fence.swf,construction_fence5,1,2,TRUE,TRUE,,,,,,,,,,
motor_boat1,boat,graphics/decos/boats/motor_boat1.swf,motor_boat1,16,6,TRUE,FALSE,,-6,12,,,,,,,
motor_boat1_2,boat,graphics/decos/boats/motor_boat1_2.swf,motor_boat1_2,16,6,TRUE,FALSE,,-6,12,,,,,,,
motor_boat1_drydock2,boat dock,graphics/decos/boats/motor_boat_drydock2.swf,motor_boat1_drydock2,16,7,TRUE,TRUE,,-10,10,,,,,,,
rubber_boat1,boat rubber,graphics/decos/docks/rubberboat_buoy_lifering.swf,rubber_boat1,4,6,,,,-2,6,,,,,,,
rubber_boat1_2,boat rubber,graphics/decos/docks/rubberboat_buoy_lifering.swf,rubber_boat1_2,4,6,,,,-2,6,,,,,,,
submarine1,docks boat,graphics/decos/docks/submarine.swf,submarine1,31,7,,,,-10,24,,,,,,,
drill_back_left,drill tunnel,graphics/decos/construction/huge_drill.swf,drill_back_left,9,5,TRUE,TRUE,,,,,,,,,,
drill_back_right,drill tunnel,graphics/decos/construction/huge_drill.swf,drill_back_right,5,9,TRUE,TRUE,,,,,,,,,,
drill_front_left,drill tunnel,graphics/decos/construction/huge_drill.swf,drill_front_left,5,9,TRUE,TRUE,,,,,,,,,,
drill_front_right,drill tunnel,graphics/decos/construction/huge_drill.swf,drill_front_right,9,5,TRUE,TRUE,,,,,,,,,,
HologramHeadBack,hologram head sid lowen,graphics/decos/hologram/sid_hologram_head.swf,HologramHeadBack,4,4,,,,-4,9,,,,,,,
HologramHeadFront,hologram head sid lowen,graphics/decos/hologram/sid_hologram_head.swf,HologramHeadFront,4,4,,,,-4,9,,,,,,,
lava_stone1,lava rock stone tunnel,graphics/decos/lava_rock/lava_rock.swf,lava_stone1,3,2,TRUE,TRUE,,-1,5,,,,,,,
lava_stone2,lava rock stone tunnel,graphics/decos/lava_rock/lava_rock.swf,lava_stone2,2,2,TRUE,TRUE,,-1,5,,,,,,,
lava_stone3,lava rock stone tunnel,graphics/decos/lava_rock/lava_rock.swf,lava_stone3,2,2,TRUE,TRUE,,-1,,,,,,,,
lava_stone4,lava rock stone tunnel,graphics/decos/lava_rock/lava_rock.swf,lava_stone4,4,3,TRUE,,,-2,12,,,,,,,
lava_stone5,lava rock stone tunnel,graphics/decos/lava_rock/lava_rock.swf,lava_stone5,2,2,,,,-2,4,,,,,,,
lava_stone6,lava rock stone tunnel,graphics/decos/lava_rock/lava_rock.swf,lava_stone6,1,1,,,,-1,3,,,,,,,
pillar_blanco1,basement tunnel pillar concrete,graphics/decos/interiors_basement/walls_pillars_grates_pipes.swf,pillar_blanco1,,,TRUE,TRUE,,-5,,,,,,,,
pillar_blanco2,basement tunnel pillar concrete,graphics/decos/interiors_basement/walls_pillars_grates_pipes.swf,pillar_blanco2,,,TRUE,TRUE,,-5,,,,,,,,
pillar_electric1,basement tunnel pillar concrete,graphics/decos/interiors_basement/walls_pillars_grates_pipes.swf,pillar_electric1,,,TRUE,TRUE,,-5,,,,,,,,
pillar_electric2,basement tunnel pillar concrete,graphics/decos/interiors_basement/walls_pillars_grates_pipes.swf,pillar_electric2,,,TRUE,TRUE,,-5,,,,,,,,
pillar_pipes1,basement tunnel pillar concrete,graphics/decos/interiors_basement/walls_pillars_grates_pipes.swf,pillar_pipes1,,,TRUE,TRUE,,-5,,,,,,,,
wall_concrete1,basement tunnel wall concrete,graphics/decos/interiors_basement/walls_pillars_grates_pipes.swf,wall_concrete1,1,3,TRUE,TRUE,,-5,,,,,,,,
wall_concrete2,basement tunnel wall concrete,graphics/decos/interiors_basement/walls_pillars_grates_pipes.swf,wall_concrete2,,3,TRUE,TRUE,,-5,,,,,,,,
wall_concrete1_exploded1,basement tunnel wall concrete hole explosion,graphics/decos/interiors_basement/walls_pillars_grates_pipes.swf,wall_concrete1_exploded1,1,2,TRUE,FALSE,,-5,,,,,,,,
wall_concrete1_exploded2,basement tunnel wall concrete hole explosion,graphics/decos/interiors_basement/walls_pillars_grates_pipes.swf,wall_concrete1_exploded2,1,2,TRUE,FALSE,,-5,,,,,,,,
wall_grate1,basement tunnel wall grid grate,graphics/decos/interiors_basement/walls_pillars_grates_pipes.swf,wall_grate1,,2,TRUE,TRUE,,-5,,,,,,,,
wall_grate2,basement tunnel wall grid grate,graphics/decos/interiors_basement/walls_pillars_grates_pipes.swf,wall_grate2,,2,TRUE,TRUE,,-5,,,,,,,,
wall_grate2_back,basement tunnel wall grid grate,graphics/decos/interiors_basement/walls_pillars_grates_pipes.swf,wall_grate2_back,,2,TRUE,TRUE,,-5,,,,,,,,
wall_wirerouter,basement tunnel wall wire,graphics/decos/interiors_basement/walls_pillars_grates_pipes.swf,wall_wirerouter,,,TRUE,TRUE,,-5,,,,,,,,
guard_tower1,prison tower surveillance,graphics/decos/prison/prison_generic.swf,guard_tower1,3,3,TRUE,TRUE,,,,,,,,,,
labycore_prison_01,labycore building modern prison,graphics/decos/buildings_modern/buildings_prison.swf,labycore_prison_01,15,10,TRUE,TRUE,,3,5,,,,,,,
labycore_prison_02,labycore building modern prison,graphics/decos/buildings_modern/buildings_prison.swf,labycore_prison_02,20,11,TRUE,TRUE,,3,5,,,,,,,
floodlight_tower1,prison light tower surveillance,graphics/decos/prison/prison_generic.swf,floodlight_tower1,2,2,,TRUE,,,,,,,,,,
floodlight_tower2,prison light tower surveillance,graphics/decos/prison/prison_generic.swf,floodlight_tower2,2,2,,TRUE,,,,,,,,,,
searchlight_front1,light surveillance needle park,graphics/decos/security/searchlight.swf,searchlight_front1,1,1,,TRUE,,,,,,,,,,
searchlight_back2,light surveillance needle park,graphics/decos/security/searchlight.swf,searchlight_back2,1,1,,TRUE,,,,,,,,,,
watchtower1,tower surveillance camouflage needle park,graphics/decos/security/watchtower.swf,watchtower1,3,3,TRUE,TRUE,,3,3,,,,,,,
watchtower2,tower surveillance camouflage needle park,graphics/decos/security/watchtower.swf,watchtower2,3,3,TRUE,TRUE,,3,3,,,,,,,
bluegrey_wall_1,prison interior wall,graphics/decos/prison/prison_interiors.swf,bluegrey_wall_1,4,1,TRUE,TRUE,,3,,,,,,,,
bluegrey_wall_1_decor1,prison interior wall,graphics/decos/prison/prison_interiors.swf,bluegrey_wall_1_decor1,4,1,TRUE,TRUE,,3,,,,,,,,
bluegrey_wall_1_decor2,prison interior wall,graphics/decos/prison/prison_interiors.swf,bluegrey_wall_1_decor2,4,1,TRUE,TRUE,,3,,,,,,,,
bluegrey_wall_1_decor3,prison interior wall,graphics/decos/prison/prison_interiors.swf,bluegrey_wall_1_decor3,4,1,TRUE,TRUE,,3,,,,,,,,
bluegrey_wall_2,prison interior wall,graphics/decos/prison/prison_interiors.swf,bluegrey_wall_2,4,1,TRUE,TRUE,,3,,,,,,,,
bluegrey_wall_3,prison interior wall,graphics/decos/prison/prison_interiors.swf,bluegrey_wall_3,4,1,TRUE,TRUE,,3,,,,,,,,
bluegrey_pillar,prison interior wall,graphics/decos/prison/prison_interiors.swf,bluegrey_pillar,1,1,TRUE,TRUE,,3,,,,,,,,
prison_bed1,prison furniture,graphics/decos/prison/prison_interiors.swf,prison_bed1,3,1,,TRUE,,-1,2,,,,,,,
HealthStationRight,health station,graphics/decos/health_station/health_station.swf,HealthStation_Right,4,2,TRUE,TRUE,,-1,5,,,,,,,
AlarmDeviceIdle,alarm,graphics/decos/alarm/alarm.swf,AlarmDeviceIdle,1,1,,,,-2,10,,,,,,,
lava_formation_1_plain,lava rock stone tunnel,graphics/decos/lava_rock/lava_rock.swf,lava_formation_1_plain,3,6,TRUE,TRUE,,,5,,,,,,,
lava_pilar_1_plain,lava rock stone tunnel,graphics/decos/lava_rock/lava_rock.swf,lava_pilar_1_plain,3,2,TRUE,TRUE,,-2,5,,,,,,,
lava_pilar_2_plain,lava rock stone tunnel,graphics/decos/lava_rock/lava_rock.swf,lava_pilar_2_plain,4,2,TRUE,TRUE,,,5,,,,,,,
lava_wall_1_plain,lava rock stone tunnel,graphics/decos/lava_rock/lava_rock.swf,lava_wall_1_plain,2,5,TRUE,TRUE,,-1,5,,,,,,,
lava_wall_2_plain,lava rock stone tunnel,graphics/decos/lava_rock/lava_rock.swf,lava_wall_2_plain,2,5,TRUE,TRUE,,,,,,,,,,
lava_wall_3_plain,lava rock stone tunnel,graphics/decos/lava_rock/lava_rock.swf,lava_wall_3_plain,2,5,TRUE,TRUE,,,5,,,,,,,
helicopter_small_back,aircraft helicopter,graphics/decos/aircraft/helicopter_small_back.swf,helicopter_small_back,10,4,TRUE,TRUE,,-10,10,,,,,,,
helicopter_wrecked_front,aircraft helicopter,graphics/decos/aircraft/helicopter_wrecked.swf,helicopter_wrecked_front,4,20,TRUE,TRUE,,-10,10,,,,,,,
sign_post1,light post traffic,graphics/decos/light_posts_and_displays/light_posts_and_displays.swf,sign_post1,1,1,,TRUE,,,,,,,,,,
sign_post2,light post traffic,graphics/decos/light_posts_and_displays/light_posts_and_displays.swf,sign_post2,1,1,,TRUE,,,,,,,,,,
display_stand_front,light sign traffic,graphics/decos/light_posts_and_displays/light_posts_and_displays.swf,display_stand_front,1,3,TRUE,TRUE,,,,,,,,,,
display_stand_back,light sign traffic,graphics/decos/light_posts_and_displays/light_posts_and_displays.swf,display_stand_back,1,3,TRUE,TRUE,,,,,,,,,,
shelter1_front_frame,shelter frame,graphics/decos/buildings/shelter.swf,shelter1_front_frame,1,1,,TRUE,,-4,6,,,,,,,
shelter1_front_canvas1,shelter canvas,graphics/decos/buildings/shelter.swf,shelter1_front_canvas1,1,1,,TRUE,,-4,6,,,,,,,
shelter1_middle_canvas1,shelter canvas,graphics/decos/buildings/shelter.swf,shelter1_middle_canvas1,1,4,,TRUE,,-4,6,,,,,,,
shelter1_back_canvas1,shelter canvas,graphics/decos/buildings/shelter.swf,shelter1_back_canvas1,1,2,,TRUE,,-4,6,,,,,,,
shelter1_front_canvas2,shelter canvas,graphics/decos/buildings/shelter.swf,shelter1_front_canvas2,1,1,,TRUE,,-4,6,,,,,,,
shelter1_middle_canvas2,shelter canvas,graphics/decos/buildings/shelter.swf,shelter1_middle_canvas2,1,4,,TRUE,,-4,6,,,,,,,
shelter1_back_canvas2,shelter canvas,graphics/decos/buildings/shelter.swf,shelter1_back_canvas2,1,2,,TRUE,,-4,6,,,,,,,
shelter2_front_canvas1,shelter canvas,graphics/decos/buildings/shelter.swf,shelter2_front_canvas1,1,1,,TRUE,,-4,6,,,,,,,
shelter2_middle_canvas1,shelter canvas,graphics/decos/buildings/shelter.swf,shelter2_middle_canvas1,1,4,,TRUE,,-4,6,,,,,,,
shelter2_back_canvas1,shelter canvas,graphics/decos/buildings/shelter.swf,shelter2_back_canvas1,1,2,,TRUE,,-4,6,,,,,,,
shelter2_front_canvas2,shelter canvas,graphics/decos/buildings/shelter.swf,shelter2_front_canvas2,1,1,,TRUE,,-4,6,,,,,,,
shelter2_middle_canvas2,shelter canvas,graphics/decos/buildings/shelter.swf,shelter2_middle_canvas2,1,4,,TRUE,,-4,6,,,,,,,
shelter2_back_canvas2,shelter canvas,graphics/decos/buildings/shelter.swf,shelter2_back_canvas2,1,2,,TRUE,,-4,6,,,,,,,
hangar,buildind rebel camp,graphics/decos/rebel_camp/rebel_camp.swf,hangar,17,38,TRUE,TRUE,,5,,,,,,,,
shelter1_wall_front,shelter wall,graphics/decos/buildings/shelter.swf,shelter1_wall_front,1,1,,TRUE,,-4,6,,,,,,,
shelter1_wall_middle,shelter wall,graphics/decos/buildings/shelter.swf,shelter1_wall_middle,1,4,,TRUE,,-4,6,,,,,,,
shelter1_wall_back,shelter wall,graphics/decos/buildings/shelter.swf,shelter1_wall_back,1,2,,TRUE,,-4,6,,,,,,,
shelter2_wall_front,shelter wall,graphics/decos/buildings/shelter.swf,shelter2_wall_front,1,1,,TRUE,,-4,6,,,,,,,
shelter2_wall_middle,shelter wall,graphics/decos/buildings/shelter.swf,shelter2_wall_middle,1,4,,TRUE,,-4,6,,,,,,,
shelter2_wall_back,shelter wall,graphics/decos/buildings/shelter.swf,shelter2_wall_back,1,2,,TRUE,,-4,6,,,,,,,
bed,bed rebel camp,graphics/decos/rebel_camp/rebel_camp.swf,bed,2,4,,TRUE,,-2,3,,,,,,,
chair,chair rebel camp,graphics/decos/rebel_camp/rebel_camp.swf,chair,1,1,,TRUE,,,,,,,,,,
command_center,command rebel camp,graphics/decos/rebel_camp/rebel_camp.swf,command_center,7,7,,TRUE,,,,1,,,,,,
table,table rebel camp,graphics/decos/rebel_camp/rebel_camp.swf,table,2,3,,TRUE,,-1,6,,,,,,,
main_door_center,door rebel camp,graphics/decos/rebel_camp/rebel_camp.swf,main_door_center,1,1,,,,,,1,,,,,,
main_door_left,door rebel camp,graphics/decos/rebel_camp/rebel_camp.swf,main_door_left,7,5,,,,,,1,,,,,,
main_door_right,door rebel camp,graphics/decos/rebel_camp/rebel_camp.swf,main_door_right,8,5,,TRUE,,,,1,,,,,,
weapon_box2,weapon container,graphics/decos/items/weapons_containers.swf,weapon_box2,2,1,,,,1,,,,,,,,
medicine_box,medicine container,graphics/decos/items/weapons_containers.swf,medicine_box,2,1,,,,1,,,,,,,,
missile1,weapon,graphics/decos/items/weapons_containers.swf,missile1,3,1,,,,-2,,,,,,,TRUE,
missile1_2,weapon,graphics/decos/items/weapons_containers.swf,missile1_2,1,3,,,,-2,,,,,,,TRUE,
missile2,weapon,graphics/decos/items/weapons_containers.swf,missile2,3,1,,,,-2,,,,,,,TRUE,
missile_launcher1,weapon,graphics/decos/items/weapons_containers.swf,missile_launcher1,3,1,,,,-1,,,,,,,,
missile_launcher1_2,weapon,graphics/decos/items/weapons_containers.swf,missile_launcher1_2,1,3,,,,-1,,,,,,,,
missile_box1,weapon container,graphics/decos/items/weapons_containers.swf,missile_box1,2,3,,,,,,,,,,,,
missile_box1_2,weapon container,graphics/decos/items/weapons_containers.swf,missile_box1_2,2,3,,,,,,,,,,,,
missile_box2,weapon container,graphics/decos/items/weapons_containers.swf,missile_box2,2,3,,,,,,,,,,,,
missile_box2_2,weapon container,graphics/decos/items/weapons_containers.swf,missile_box2_2,2,3,,,,,,,,,,,,
generator_2_front,generator,graphics/decos/power_plant/power_plant.swf,generator_2_front,7,6,TRUE,TRUE,,2,9,,,,,,,
bar_stool,bar disco club,graphics/decos/night_club/night_club.swf,bar_stool,1,1,,,,-2,,1,,,,,,
bar_table_left,bar disco club,graphics/decos/night_club/night_club.swf,bar_table_left,2,2,,TRUE,,-2,2,,,,,,,
bar_table_middle,bar disco club,graphics/decos/night_club/night_club.swf,bar_table_middle,1,1,,TRUE,,,,,,,,,,
bar_table_right,bar disco club,graphics/decos/night_club/night_club.swf,bar_table_right,2,2,,TRUE,,-2,2,,,,,,,
chair_1,bar disco club chair,graphics/decos/night_club/night_club.swf,chair_1,1,1,,TRUE,,,,,,,,,,
chair_2,bar disco club chair,graphics/decos/night_club/night_club.swf,chair_2,1,1,,TRUE,,,,,,,,,,
chair_3,bar disco club chair,graphics/decos/night_club/night_club.swf,chair_3,1,1,,TRUE,,,,,,,,,,
chair_4,bar disco club chair,graphics/decos/night_club/night_club.swf,chair_4,1,1,,TRUE,,,,,,,,,,
chair_5,bar disco club chair,graphics/decos/night_club/night_club.swf,chair_5,1,1,,TRUE,,,,,,,,,,
club_table,bar disco club table,graphics/decos/night_club/night_club.swf,club_table,1,1,,TRUE,,,,,,,,,,
wall_left_door_left,bar disco club wall door,graphics/decos/night_club/night_club.swf,wall_left_door_left,1,2,,,,,,,,,,,,
wall_left_door_right,bar disco club wall door,graphics/decos/night_club/night_club.swf,wall_left_door_right,1,2,,,,,,,,,,,,
wall_left_tile,bar disco club wall,graphics/decos/night_club/night_club.swf,wall_left_tile,1,1,,,,,,,,,,,,
wall_right_corner_left,bar disco club corner,graphics/decos/night_club/night_club.swf,wall_right_corner_left,4,1,,,,,,,,,,,,
wall_right_corner_right,bar disco club corner,graphics/decos/night_club/night_club.swf,wall_right_corner_right,4,1,,,,,,,,,,,,
wall_right_door,bar disco club wall door,graphics/decos/night_club/night_club.swf,wall_right_door,4,1,,,,,,,,,,,,
wall_right_tile,bar disco club wall,graphics/decos/night_club/night_club.swf,wall_right_tile,1,1,,,,,,,,,,,,
wall_intro,wall high clean intro,graphics/decos/harbor/intro_walls.swf,wall_intro,2,3,TRUE,TRUE,,,,,,,,,,
wall_column_intro,wall high clean intro,graphics/decos/harbor/intro_walls.swf,wall_column_intro,2,1,TRUE,TRUE,,,,,,,,,,
wall_corner_intro_back,wall high clean intro,graphics/decos/harbor/intro_walls.swf,wall_corner_intro_back,2,1,TRUE,TRUE,,1,,,,,,,,
labycore_highrise_intro,building labycore intro,graphics/decos/buildings_modern/labycore_highrise1.swf,labycore_highrise_intro,15,13,TRUE,TRUE,,-2,3,,,,,,,
balloons_big2_w_grounder,parade intro,graphics/decos/harbor/parade_balloons_and_decor.swf,balloons_big2_w_grounder,1,1,TRUE,TRUE,,-2,,,,,,,,
balloons_small1_w_grounder,parade intro,graphics/decos/harbor/parade_balloons_and_decor.swf,balloons_small1_w_grounder,1,1,TRUE,TRUE,,-2,,,,,,,,
balloons_small2_w_grounder,parade intro,graphics/decos/harbor/parade_balloons_and_decor.swf,balloons_small2_w_grounder,1,1,TRUE,TRUE,,-2,,,,,,,,
fencepost1,parade intro,graphics/decos/harbor/parade_balloons_and_decor.swf,fencepost1,1,1,,,,-2,,,,,,,,
fencepost2,parade intro,graphics/decos/harbor/parade_balloons_and_decor.swf,fencepost2,1,1,,,,-2,,,,,,,,
fencepost3,parade intro,graphics/decos/harbor/parade_balloons_and_decor.swf,fencepost3,1,1,,,,-2,,,,,,,,
outfit_crate_1,outfit crate box intro,graphics/decos/items/cloth_crates.swf,outfit_crate_1,1,1,,,,1,,,,,,,,
outfit_crate_2,outfit crate box intro,graphics/decos/items/cloth_crates.swf,outfit_crate_2,1,1,,,,1,,,,,,,,
outfit_crate_3,outfit crate box intro,graphics/decos/items/cloth_crates.swf,outfit_crate_3,1,1,,,,1,,,,,,,,
fence_rounded,fence intro parade,graphics/decos/fences/parade_fences.swf,fence_rounded,4,1,,,,-2,8,,,,,,,
drugplant_bale,drug field farm,graphics/decos/plants/drugplant.swf,drugplant_bale,2,1,,,,1,,,,,,,,
turret_generator,turret generator,graphics/decos/high_tech/labycore_tech.swf,turret_generator,1,1,,,,,,,,,,,,
grass_dry_patch6,grass dry nature,graphics/ground_decos/nature_dry_grass.swf,grass_dry_patch6,1,1,,,,,,,,,,,,
grass_dry_patch7,grass dry nature,graphics/ground_decos/nature_dry_grass.swf,grass_dry_patch7,1,1,,,,,,,,,,,,
grass_dry_patch8,grass dry nature,graphics/ground_decos/nature_dry_grass.swf,grass_dry_patch8,1,1,,,,,,,,,,,,
vendor_shop1,street vendor shop stand,graphics/decos/vendor/street_vendors.swf,vendor_shop1,4,3,TRUE,TRUE,,-2,,,,,,,,
vendor_shop2,street vendor shop stand,graphics/decos/vendor/street_vendors.swf,vendor_shop2,4,3,TRUE,TRUE,,-2,,,,,,,,
vendor_shop3,street vendor shop stand,graphics/decos/vendor/street_vendors.swf,vendor_shop3,4,3,TRUE,TRUE,,-2,,,,,,,,
sign_goods1,street vendor sign,graphics/decos/vendor/street_vendors.swf,sign_goods1,1,1,,,,-1,,,,,,,,
sign_guns1_2,street vendor sign,graphics/decos/vendor/street_vendors.swf,sign_guns1_2,1,1,,,,-1,,,,,,,,
bang_o_mat1,street vending machine,graphics/decos/vendor/bang_o_mat.swf,bang_o_mat1,2,1,TRUE,TRUE,,1,2,,,,,,,
bang_o_mat2,street vending machine,graphics/decos/vendor/bang_o_mat.swf,bang_o_mat2,1,2,TRUE,TRUE,,1,2,,,,,,,
bang_o_mat3,street vending machine,graphics/decos/vendor/bang_o_mat.swf,bang_o_mat3,2,1,TRUE,TRUE,,1,2,,,,,,,
bang_o_mat1_broken,street vending machine broken,graphics/decos/vendor/bang_o_mat.swf,bang_o_mat1_broken,2,1,TRUE,TRUE,,1,2,,,,,,,
bang_o_mat2_broken,street vending machine broken,graphics/decos/vendor/bang_o_mat.swf,bang_o_mat2_broken,1,2,TRUE,TRUE,,1,2,,,,,,,
bang_o_mat3_broken,street vending machine broken,graphics/decos/vendor/bang_o_mat.swf,bang_o_mat3_broken,2,1,TRUE,TRUE,,1,2,,,,,,,
bush_big_01,wild nature bush,graphics/decos/nature_misc/wild_nature.swf,bush_big_01,2,1,,,,,,,,,,,,
bush_big_02,wild nature bush,graphics/decos/nature_misc/wild_nature.swf,bush_big_02,1,1,,,,,,,,,,,,
bush_small_01,wild nature bush,graphics/decos/nature_misc/wild_nature.swf,bush_small_01,,,,,,,,,,,,,,
rock_pile_01,rock pile,graphics/decos/nature_misc/wild_nature.swf,rock_pile_01,3,2,,,,,,,,,,,,
wild_plant_01,wild nature plant,graphics/decos/nature_misc/wild_nature.swf,wild_plant_01,,,,,,,,,,,,,,
wild_plant_02,wild nature plant,graphics/decos/nature_misc/wild_nature.swf,wild_plant_02,,,,,,,,,,,,,,
ferry_front,ferry boat,graphics/decos/boats/ferry.swf,ferry_front,16,8,,,,,14,,,,,,,
ferry_back,ferry boat,graphics/decos/boats/ferry_back.swf,ferry_back,16,9,,,,,14,,,,,,,
sentrybot_piece1,robot,graphics/decos/robots/sentrybot.swf,sentrybot_piece1,2,2,,,,-2,3,,,,,,,
sentrybot_piece2,robot,graphics/decos/robots/sentrybot.swf,sentrybot_piece2,2,1,,,,1,3,,,,,,,
sentrybot_piece4,robot,graphics/decos/robots/sentrybot.swf,sentrybot_piece4,3,,,,,,3,,,,,,,
sentrybot_piece5,robot,graphics/decos/robots/sentrybot.swf,sentrybot_piece5,1,3,,,,,3,,,,,,,
sentrybot_piece6,robot,graphics/decos/robots/sentrybot.swf,sentrybot_piece6,,,,,,2,3,,,,,,,
night_club,,graphics/decos/night_club/night_club.swf,night_club,15,20,,true,,,,1,,,,,,
light_rig_01,night club light rig,graphics/decos/night_club/night_club.swf,light_rig_01,1,1,,true,,,5,,,,,,,
light_rig_02,night club light rig,graphics/decos/night_club/night_club.swf,light_rig_02,1,1,,true,,,5,,,,,,,
light_rig_03,night club light rig,graphics/decos/night_club/night_club.swf,light_rig_03,1,1,,true,,,5,,,,,,,
light_rig_04,night club light rig,graphics/decos/night_club/night_club.swf,light_rig_04,1,1,,true,,,5,,,,,,,
night_club_custom_sign,,graphics/decos/night_club/night_club.swf,night_club_custom_sign,1,6,,true,,,5,,,,,,,
bar_shelf,night club bar shelf drink booze,graphics/decos/night_club/night_club.swf,bar_shelf,1,8,,true,,,,,,,,,,
ship_interior_corner_center,ship interior wall corner,graphics/decos/ship_interior/ship_interior.swf,ship_interior_corner_center,3,3,,true,,,,1,,,,,,
ship_interior_corner_left,ship interior corner,graphics/decos/ship_interior/ship_interior.swf,ship_interior_corner_left,2,3,,true,,,,1,,,,,,
ship_interior_corner_right,ship interior corner,graphics/decos/ship_interior/ship_interior.swf,ship_interior_corner_right,3,2,,true,,,,1,,,,,,
ship_interior_wall_left,ship interior wall,graphics/decos/ship_interior/ship_interior.swf,ship_interior_wall_left,2,3,,true,,,,1,,,,,,
ship_interior_wall_right,ship interior wall,graphics/decos/ship_interior/ship_interior.swf,ship_interior_wall_right,3,2,,true,,,,1,,,,,,
stand_sign_construction_1,sign construction warning,graphics/decos/light_posts_and_displays/light_posts_and_displays.swf,stand_sign_construction_1,1,3,,true,,,,,,,,,,
stand_sign_danger_1,sign danger,graphics/decos/light_posts_and_displays/light_posts_and_displays.swf,stand_sign_danger_1,1,3,,true,,,,,,,,,,
stand_sign_do_not_enter_1,sign do not enter,graphics/decos/light_posts_and_displays/light_posts_and_displays.swf,stand_sign_do_not_enter_1,1,3,,true,,,,,,,,,,
stand_sign_obey_1,sign obey,graphics/decos/light_posts_and_displays/light_posts_and_displays.swf,stand_sign_obey_1,1,3,,true,,,,,,,,,,
stand_sign_slow_1,sign slow,graphics/decos/light_posts_and_displays/light_posts_and_displays.swf,stand_sign_slow_1,1,3,,true,,,,,,,,,,
stand_sign_stop_1,sign stop,graphics/decos/light_posts_and_displays/light_posts_and_displays.swf,stand_sign_stop_1,1,3,,true,,,,,,,,,,
stand_sign_walk_1,sign walk,graphics/decos/light_posts_and_displays/light_posts_and_displays.swf,stand_sign_walk_1,1,3,,true,,,,,,,,,,
stand_sign_construction_2,sign warning construction,graphics/decos/light_posts_and_displays/light_posts_and_displays.swf,stand_sign_construction_2,3,1,,true,,,,,,,,,,
stand_sign_danger_2,sign danger,graphics/decos/light_posts_and_displays/light_posts_and_displays.swf,stand_sign_danger_2,3,1,,true,,,,,,,,,,
stand_sign_do_not_enter_2,sign do not enter,graphics/decos/light_posts_and_displays/light_posts_and_displays.swf,stand_sign_do_not_enter_2,3,1,,true,,,,,,,,,,
stand_sign_obey_2,sign obey,graphics/decos/light_posts_and_displays/light_posts_and_displays.swf,stand_sign_obey_2,3,1,,true,,,,,,,,,,
stand_sign_slow_2,sign slow,graphics/decos/light_posts_and_displays/light_posts_and_displays.swf,stand_sign_slow_2,3,1,,true,,,,,,,,,,
stand_sign_stop_2,sign stop,graphics/decos/light_posts_and_displays/light_posts_and_displays.swf,stand_sign_stop_2,3,1,,true,,,,,,,,,,
stand_sign_walk_2,sign walk,graphics/decos/light_posts_and_displays/light_posts_and_displays.swf,stand_sign_walk_2,3,1,,true,,,,,,,,,,
bridge_arch_pillar_back,bridge,graphics/decos/bridge/bridge.swf,bridge_arch_pillar_back,1,1,,true,,,,,,,,,,
bridge_arch_pillar_front,bridge,graphics/decos/bridge/bridge.swf,bridge_arch_pillar_front,1,1,,true,,,,,,,,,,
bridge_outer_edge,bridge,graphics/decos/bridge/bridge.swf,bridge_outer_edge,1,1,,true,,,,,,,,,,
bridge_wall,bridge,graphics/decos/bridge/bridge.swf,bridge_wall,1,1,,true,,,,,,,,,,
bridge_wall_outside,bridge,graphics/decos/bridge/bridge.swf,bridge_wall_outside,1,1,,true,,,,,,,,,,
ship_interior_pillar,ship pilar,graphics/decos/ship_interior/ship_interior.swf,ship_interior_pillar,1,1,,true,,,,,,,,,,
ship_interior_glass,ship,graphics/decos/ship_interior/ship_interior.swf,ship_interior_glass,1,1,true,true,,,,,,,,,,
ship_interior_bunk,ship,graphics/decos/ship_interior/ship_interior.swf,ship_interior_bunk,1,3,,true,,,,,,,,,,
beam gate pilar,beam gate force field,graphics/decos/gate/automated_gate_beam.swf,beam_gate_pilar,1,1,true,,,,,,,,,,,
bridge_end_back_1,bridge,graphics/decos/bridge/bridge.swf,bridge_end_back_1,1,1,,true,,,,,,,,,,
bridge_end_back_2,bridge,graphics/decos/bridge/bridge.swf,bridge_end_back_2,1,1,,true,,,,,,,,,,
bridge_end_front_1,bridge,graphics/decos/bridge/bridge.swf,bridge_end_front_1,1,1,,true,,,,,,,,,,
bridge_end_front_2,bridge,graphics/decos/bridge/bridge.swf,bridge_end_front_2,1,1,,true,,,,,,,,,,
ship_interior_door,ship interior door,graphics/decos/ship_interior/ship_interior.swf,ship_interior_door,1,2,,true,,,,,,,,,,
traffic_cone,traffic cone,graphics/decos/light_posts_and_displays/light_posts_and_displays.swf,traffic_cone,1,1,,,,,,,,,,,,
desert_ground_rocks_01,desert rocks,graphics/decos/desert/desert_blocks.swf,desert_ground_rocks_01,8,9,,true,,,,1,,,,,,
desert_ground_rocks_02,desert rocks,graphics/decos/desert/desert_blocks.swf,desert_ground_rocks_02,4,4,,,,,,1,,,,,,
desert_ground_rock_01,desert rock,graphics/decos/desert/desert_blocks.swf,desert_ground_rock_01,1,1,,true,,,,1,,,,,,
desert_quaked_road_near,desert road,graphics/decos/desert/desert_blocks.swf,desert_quaked_road_near,2,2,,,,,,1,,,,,,
desert_quaked_road_middle,desert road,graphics/decos/desert/desert_blocks.swf,desert_quaked_road_middle,2,2,,,,,,1,,,,,,
desert_quaked_road_far,desert road,graphics/decos/desert/desert_blocks.swf,desert_quaked_road_far,2,2,,,,,,,,,,,,
desert_hill_ramp_01,desert hill,graphics/decos/desert/desert_blocks.swf,desert_hill_ramp_01,2,5,,,,,,1,,,,,,
desert_hill_wall_01,desert hill,graphics/decos/desert/desert_blocks.swf,desert_hill_wall_01,1,6,,,,,,1,,,,,,
desert_hill_ramp_02,desert hill,graphics/decos/desert/desert_blocks.swf,desert_hill_ramp_02,1,12,,,,,,1,,,,,,
desert_hill_corner_01,desert hill,graphics/decos/desert/desert_blocks.swf,desert_hill_corner_01,3,3,,,,,,1,,,,,,
desert_hill_wall_02,desert hill,graphics/decos/desert/desert_blocks.swf,desert_hill_wall_02,1,6,,,,,,1,,,,,,
desert_warehouse,desert warehouse,graphics/decos/desert/desert_warehouse.swf,desert_warehouse,9,21,,true,,,,,,,,,,
desert_warehouse_short,desert warehouse,graphics/decos/desert/desert_warehouse.swf,desert_warehouse_short,9,15,,true,,,,,,,,,,
desert_warehouse_inside_wall_end_left,desert warehouse,graphics/decos/desert/desert_warehouse.swf,desert_warehouse_inside_wall_end_left,4,1,,,,,,1,,,,,,
desert_warehouse_inside_wall_end_middle,desert warehouse,graphics/decos/desert/desert_warehouse.swf,desert_warehouse_inside_wall_end_middle,1,1,,,,,,1,,,,,,
desert_warehouse_inside_wall_end_right,desert warehouse,graphics/decos/desert/desert_warehouse.swf,desert_warehouse_inside_wall_end_right,4,1,,,,,,1,,,,,,
desert_warehouse_inside_wall,desert warehouse,graphics/decos/desert/desert_warehouse.swf,desert_warehouse_inside_wall,1,2,,,,,,1,,,,,,
desert_solarpanel,desert solar panel,graphics/decos/desert/desert_warehouse.swf,desert_solarpanel,2,2,,true,,,6,,,,,,,
arena_wall,desert arena,graphics/decos/desert/desert_arena.swf,arena_wall,1,1,,true,,,,1,,,,,,
desert_cactus_1,desert cactus,graphics/decos/desert/desert_blocks.swf,desert_cactus_1,1,1,,true,,,10,,,,,,,
desert_cactus_2,desert cactus,graphics/decos/desert/desert_blocks.swf,desert_cactus_2,1,1,,,,-2,,,,,,,,
desert_fence_1,desert fence wall,graphics/decos/desert/desert_fence.swf,desert_fence_1,4,1,true,true,,,,1,,,,,,
desert_hill_corner_02,desert hill,graphics/decos/desert/desert_blocks.swf,desert_hill_corner_02,3,3,,true,,,,,,,,,,
wall_ruins1,wall ruins concrete,graphics/decos/buildings/ruins_walls.swf,wall_ruins1,1,3,true,TRUE,,,3,,,,,,,
wall_ruins1_2,wall ruins concrete,graphics/decos/buildings/ruins_walls.swf,wall_ruins1_2,3,1,true,TRUE,,,3,,,,,,,
wall_ruins2,wall ruins concrete,graphics/decos/buildings/ruins_walls.swf,wall_ruins2,1,3,true,TRUE,,,3,,,,,,,
wall_ruins2_2,wall ruins concrete,graphics/decos/buildings/ruins_walls.swf,wall_ruins2_2,3,1,true,TRUE,,,3,,,,,,,
wall_ruins3,wall ruins concrete,graphics/decos/buildings/ruins_walls.swf,wall_ruins3,1,3,TRUE,TRUE,,,3,,,,,,,
wall_ruins3_2,wall ruins concrete,graphics/decos/buildings/ruins_walls.swf,wall_ruins3_2,3,1,TRUE,TRUE,,,3,,,,,,,
wall_ruins4,wall ruins concrete,graphics/decos/buildings/ruins_walls.swf,wall_ruins4,1,3,TRUE,TRUE,,,3,,,,,,,
wall_ruins4_2,wall ruins concrete,graphics/decos/buildings/ruins_walls.swf,wall_ruins4_2,3,1,TRUE,TRUE,,,3,,,,,,,
wall_ruins5_2,wall ruins concrete,graphics/decos/buildings/ruins_walls.swf,wall_ruins5_2,3,1,true,TRUE,,,3,,,,,,,
corner_ruins1_right,corner ruins concrete,graphics/decos/buildings/ruins_walls.swf,corner_ruins1_right,1,1,true,true,,1,,,,,,,,
corner_ruins1_back,corner ruins concrete,graphics/decos/buildings/ruins_walls.swf,corner_ruins1_back,1,1,true,true,,1,3,,,,,,,
corner_ruins2,corner ruins concrete,graphics/decos/buildings/ruins_walls.swf,corner_ruins2,1,1,,true,,-5,3,,,,,,,
corner_ruins2_right,corner ruins concrete,graphics/decos/buildings/ruins_walls.swf,corner_ruins2_right,1,1,true,true,,1,3,,,,,,,
corner_ruins3_right,corner ruins concrete,graphics/decos/buildings/ruins_walls.swf,corner_ruins3_right,1,1,true,true,,1,3,,,,,,,
pillar_ruins1,pillar ruins concrete,graphics/decos/buildings/ruins_walls.swf,pillar_ruins1,1,1,true,true,,,3,,,,,,,
pillar_ruins2_2,pillar ruins concrete,graphics/decos/buildings/ruins_walls.swf,pillar_ruins2_2,1,1,true,true,,,3,,,,,,,
pillar_ruins3,pillar ruins concrete,graphics/decos/buildings/ruins_walls.swf,pillar_ruins3,1,1,true,true,,,3,,,,,,,
pillar_ruins4_2,pillar ruins concrete,graphics/decos/buildings/ruins_walls.swf,pillar_ruins4_2,1,1,true,true,,,3,,,,,,,
corner_ruins_high1,corner ruins metal,graphics/decos/buildings/ruins_walls.swf,corner_ruins_high1,3,3,true,TRUE,,-1,3,,,,,,,
corner_ruins_high2,corner ruins metal,graphics/decos/buildings/ruins_walls.swf,corner_ruins_high2,3,3,true,TRUE,,-1,3,,,,,,,
corner_ruins_high_right1,corner ruins metal,graphics/decos/buildings/ruins_walls.swf,corner_ruins_high_right1,1,2,true,TRUE,,,3,,,,,,,
corner_ruins_high_right2,corner ruins metal,graphics/decos/buildings/ruins_walls.swf,corner_ruins_high_right2,1,2,true,TRUE,,,3,,,,,,,
wall_ruins_high1,wall ruins metal,graphics/decos/buildings/ruins_walls.swf,wall_ruins_high1,1,1,true,TRUE,,,3,,,,,,,
wall_ruins_high3,wall ruins metal,graphics/decos/buildings/ruins_walls.swf,wall_ruins_high3,1,2,true,TRUE,,,3,,,,,,,
wall_ruins_high4,wall ruins metal,graphics/decos/buildings/ruins_walls.swf,wall_ruins_high4,1,2,true,TRUE,,,3,,,,,,,
wall_ruins_high5,wall ruins metal,graphics/decos/buildings/ruins_walls.swf,wall_ruins_high5,1,2,true,TRUE,,,3,,,,,,,
wall_ruins_high_back1,wall ruins metal,graphics/decos/buildings/ruins_walls.swf,wall_ruins_high_back1,2,1,true,TRUE,,,3,,,,,,,
wall_ruins_high_back2,wall ruins metal,graphics/decos/buildings/ruins_walls.swf,wall_ruins_high_back2,2,1,true,TRUE,,,3,,,,,,,
wall_ruins_high_back3,wall ruins metal,graphics/decos/buildings/ruins_walls.swf,wall_ruins_high_back3,2,1,true,TRUE,,,3,,,,,,,
corner_ruins_high_back,wall ruins metal,graphics/decos/buildings/ruins_walls.swf,corner_ruins_high_back,3,3,true,TRUE,,-2,3,,,,,,,
wall_ruins_triangles1,wall glass frame,graphics/decos/buildings/ruins_walls.swf,wall_ruins_triangles1,1,3,,TRUE,,,3,,,,,,,
wall_ruins_triangles2,wall glass frame,graphics/decos/buildings/ruins_walls.swf,wall_ruins_triangles2,1,3,,TRUE,,,3,,,,,,,
wall_ruins_triangles3,wall glass frame,graphics/decos/buildings/ruins_walls.swf,wall_ruins_triangles3,1,3,,TRUE,,,3,,,,,,,
wall_ruins_triangles4,wall glass frame,graphics/decos/buildings/ruins_walls.swf,wall_ruins_triangles4,1,3,,TRUE,,,3,,,,,,,
wall_ruins_triangles5,wall glass frame,graphics/decos/buildings/ruins_walls.swf,wall_ruins_triangles5,1,3,,TRUE,,,3,,,,,,,
wall_ruins_triangles6,wall glass frame,graphics/decos/buildings/ruins_walls.swf,wall_ruins_triangles6,1,3,,TRUE,,,3,,,,,,,
wall_highwhite1,wall high security scifi powerplant,graphics/decos/power_plant/security_walls.swf,wall_highwhite1,2,1,true,,,3,3,,,,,,,
wall_highwhite2,wall high security scifi powerplant,graphics/decos/power_plant/security_walls.swf,wall_highwhite2,3,1,true,true,,3,3,,,,,,,
wall_highwhite_sewer,wall high security scifi powerplant,graphics/decos/power_plant/security_walls.swf,wall_highwhite_sewer,3,1,true,true,,3,3,,,,,,,
wall_highwhite_gate1,wall high security scifi powerplant,graphics/decos/power_plant/security_walls.swf,wall_highwhite_gate1,1,1,true,true,,3,3,,,,,,,
wall_highwhite_gate2,wall high security scifi powerplant,graphics/decos/power_plant/security_walls.swf,wall_highwhite_gate2,1,1,true,true,,3,3,,,,,,,
wall_highwhite_end1,wall high security scifi powerplant,graphics/decos/power_plant/security_walls.swf,wall_highwhite_end1,1,1,true,true,,3,3,,,,,,,
wall_highwhite_end2,wall high security scifi powerplant,graphics/decos/power_plant/security_walls.swf,wall_highwhite_end2,1,1,true,true,,3,3,,,,,,,
door_forcefield_10tile,wall high security scifi powerplant,graphics/decos/power_plant/security_walls.swf,door_forcefield_10tile,10,1,true,,,,,1,,,,,,
corner_highwhite,wall high security scifi powerplant,graphics/decos/power_plant/security_walls.swf,corner_highwhite,3,3,true,true,,3,3,,,,,,,
corner_highwhite_left,wall high security scifi powerplant,graphics/decos/power_plant/security_walls.swf,corner_highwhite_left,3,3,true,true,,3,3,,,,,,,
corner_highwhite_back,wall high security scifi powerplant,graphics/decos/power_plant/security_walls.swf,corner_highwhite_back,3,3,true,true,,-5,3,,,,,,,
piece_ruins_concrete01,ruins piece concrete,graphics/decos/buildings/ruins_pieces.swf,piece_ruins_concrete01,3,3,,,,-4,5,,,,,,,
piece_ruins_concrete02,ruins piece concrete,graphics/decos/buildings/ruins_pieces.swf,piece_ruins_concrete02,3,3,,,,-4,4,,,,,,,
piece_ruins_concrete03,ruins piece concrete,graphics/decos/buildings/ruins_pieces.swf,piece_ruins_concrete03,2,2,,,,-4,4,,,,,,true,
piece_ruins_concrete04,ruins piece concrete,graphics/decos/buildings/ruins_pieces.swf,piece_ruins_concrete04,1,2,,,,,4,,,,,,true,
piece_ruins_concrete05,ruins piece concrete,graphics/decos/buildings/ruins_pieces.swf,piece_ruins_concrete05,1,1,,,,-1,3,,,,,,true,
piece_ruins_concrete06,ruins piece concrete,graphics/decos/buildings/ruins_pieces.swf,piece_ruins_concrete06,1,1,,,,-1,4,,,,,,true,
piece_ruins_concrete07,ruins piece concrete,graphics/decos/buildings/ruins_pieces.swf,piece_ruins_concrete07,1,1,,,,,4,,,,,,,
piece_ruins_concrete08,ruins piece concrete,graphics/decos/buildings/ruins_pieces.swf,piece_ruins_concrete08,1,1,,,,,5,,,,,,,
piece_ruins_concrete09,ruins piece concrete,graphics/decos/buildings/ruins_pieces.swf,piece_ruins_concrete09,1,1,,,,2,4,,,,,,,
piece_ruins_concrete10,ruins piece concrete,graphics/decos/buildings/ruins_pieces.swf,piece_ruins_concrete10,1,1,,,,,4,,,,,,true,
piece_ruins_concrete11,ruins piece concrete,graphics/decos/buildings/ruins_pieces.swf,piece_ruins_concrete11,1,1,,,,-1,4,,,,,,true,
piece_ruins_frame01,ruins piece metal,graphics/decos/buildings/ruins_pieces.swf,piece_ruins_frame01,2,2,,TRUE,,-4,5,,,,,,,
piece_ruins_frame02,ruins piece metal,graphics/decos/buildings/ruins_pieces.swf,piece_ruins_frame02,1,1,,,,-1,4,,,,,,,
piece_ruins_frame03,ruins piece metal,graphics/decos/buildings/ruins_pieces.swf,piece_ruins_frame03,1,3,,,,-2,5,,,,,,true,
piece_ruins_frame04,ruins piece metal,graphics/decos/buildings/ruins_pieces.swf,piece_ruins_frame04,1,1,,,,-1,3,,,,,,,
piece_ruins_frame05,ruins piece metal,graphics/decos/buildings/ruins_pieces.swf,piece_ruins_frame05,2,1,,,,-3,4,,,,,,true,
piece_ruins_frame06,ruins piece metal,graphics/decos/buildings/ruins_pieces.swf,piece_ruins_frame06,1,1,,,,-2,4,,,,,,true,
piece_ruins_metal01,ruins piece metal,graphics/decos/buildings/ruins_pieces.swf,piece_ruins_metal01,7,3,,,,-7,8,,,,,,,
piece_ruins_metal03,ruins piece metal,graphics/decos/buildings/ruins_pieces.swf,piece_ruins_metal03,4,1,,,,-3,4,,,,,,true,
piece_ruins_metal04,ruins piece metal,graphics/decos/buildings/ruins_pieces.swf,piece_ruins_metal04,10,3,,,,-8,8,,,,,,,
piece_ruins_metal06,ruins piece metal,graphics/decos/buildings/ruins_pieces.swf,piece_ruins_metal06,9,3,,,,-10,8,,,,,,,
glass_shelter_front_ruins,glass shelter ruin,graphics/decos/buildings/ruins_glass.swf,glass_shelter_front_ruins,1,3,true,true,,-4,3,,,,,,,
glass_shelter_side_n_roof_ruins1,glass shelter ruin,graphics/decos/buildings/ruins_glass.swf,glass_shelter_side_n_roof_ruins1,3,1,true,true,,-4,3,,,,,,,
glass_shelter_side_n_roof_ruins2,glass shelter ruin,graphics/decos/buildings/ruins_glass.swf,glass_shelter_side_n_roof_ruins2,3,1,true,true,,-4,3,,,,,,,
glass_shelter_side_n_roof_ruins3,glass shelter ruin,graphics/decos/buildings/ruins_glass.swf,glass_shelter_side_n_roof_ruins3,3,1,true,true,,-4,3,,,,,,,
glass_shelter_side_back_ruins1,glass shelter ruin,graphics/decos/buildings/ruins_glass.swf,glass_shelter_side_back_ruins1,3,1,true,true,,-4,3,,,,,,,
glass_shelter_side_back_ruins2,glass shelter ruin,graphics/decos/buildings/ruins_glass.swf,glass_shelter_side_back_ruins2,3,1,true,true,,-4,3,,,,,,,
glass_shelter_back_ruins1,glass shelter ruin,graphics/decos/buildings/ruins_glass.swf,glass_shelter_back_ruins1,1,7,true,true,,-4,3,,,,,,,
glass_shelter_back_ruins2,glass shelter ruin,graphics/decos/buildings/ruins_glass.swf,glass_shelter_back_ruins2,1,7,true,true,,-4,3,,,,,,,
glass_shelter_front_door_ruins1,glass shelter ruin,graphics/decos/buildings/ruins_glass.swf,glass_shelter_front_door_ruins1,1,4,true,true,,-4,3,,,,,,,
glass_shelter_front_door_ruins2,glass shelter ruin,graphics/decos/buildings/ruins_glass.swf,glass_shelter_front_door_ruins2,1,4,true,true,,-4,3,,,,,,,
water_treatment_office,water treatment office plant,graphics/decos/desert/desert_water_stations.swf,water_treatment_office,21,9,,true,,-3,14,,,,,,,
water_treatment_container,water treatment container,graphics/decos/desert/desert_water_stations.swf,water_treatment_container,9,9,,true,,,,,,,,,,
beach_hotel_1,beach hotel,graphics/decos/desert/desert_hotels.swf,beach_hotel_1,27,8,,true,,,,1,,,,,,
beach_hotel_2,beach hotel,graphics/decos/desert/desert_hotels.swf,beach_hotel_2,20,9,,true,,,,1,,,,,,
palm_tree_1,palm tree juhani,graphics/decos/desert/desert_blocks.swf,palm_tree_1,1,1,true,true,,,,,,,,,,
palm_tree_2,palm tree,graphics/decos/desert/desert_blocks.swf,palm_tree_2,1,1,true,true,,,,,,,,,,
water_canister1,water canister,graphics/decos/items/water_containers.swf,water_canister1,1,1,,,,-2,2,,,,,,,
water_canister2,water canister,graphics/decos/items/water_containers.swf,water_canister2,1,1,,,,-3,2,,,,,,,
water_tank1,water tank,graphics/decos/items/water_containers.swf,water_tank1,2,2,true,true,,-1,3,,,,,,,
water_tank2,water tank,graphics/decos/items/water_containers.swf,water_tank2,2,2,true,true,,-1,3,,,,,,,
ant_hole,desert ant hole cave,graphics/decos/desert/desert_ant_hole.swf,ant_hole,4,4,,,,,,1,,,,,,
pool,desert pool,graphics/decos/desert/desert_hotels.swf,pool,11,21,,,,,,1,,,,,,
desert_fence_2,desert fence,graphics/decos/desert/desert_fence.swf,desert_fence_2,4,1,true,true,,,,1,,,,,,
desert_sand_pile,desert sand dune pile,graphics/decos/desert/desert_sand_pile.swf,desert_sand_pile,6,6,,,,,,2,,,,,,
glass_shelter_front,glass building shelter,graphics/decos/buildings/glass_shelter.swf,glass_shelter_front,1,4,true,true,,-4,3,,,,,,,
glass_shelter_side_n_roof,glass building shelter,graphics/decos/buildings/glass_shelter.swf,glass_shelter_side_n_roof,3,1,true,true,,-4,3,,,,,,,
glass_shelter_side_back,glass building shelter,graphics/decos/buildings/glass_shelter.swf,glass_shelter_side_back,3,1,true,true,,-4,3,,,,,,,
glass_shelter_back,glass building shelter,graphics/decos/buildings/glass_shelter.swf,glass_shelter_back,1,7,true,true,,-4,3,,,,,,,
Island_Left,video screen RETOUCH,graphics/decos/video_screens/screens2.swf,Island_Left,4,2,true,true,,,,,,,,,,
Jambalaya_Right,video screen RETOUCH,graphics/decos/video_screens/screens2.swf,Jambalaya_Right,2,4,true,true,,,,,,,,,,
Powerup_Left,video screen RETOUCH,graphics/decos/video_screens/screens2.swf,Powerup_Left,4,2,true,true,,,,,,,,,,
Powerup_Right,video screen,graphics/decos/video_screens/screens2.swf,Powerup_Right,2,4,true,true,,,,,,,,,,
Radawa_Left,video screen RETOUCH,graphics/decos/video_screens/screens2.swf,Radawa_Left,4,2,true,true,,,,,,,,,,
Styx_Left,video screen RETOUCH,graphics/decos/video_screens/screens2.swf,Styx_Left,4,2,true,true,,,,,,,,,,
Styx_Right,video screen RETOUCH,graphics/decos/video_screens/screens2.swf,Styx_Right,2,4,true,true,,,,,,,,,,
cave_wall_1,cave wall,graphics/decos/desert/cave.swf,cave_wall_1,2,3,true,,,,,1,,,,,,
cave_wall_2,cave wall,graphics/decos/desert/cave.swf,cave_wall_2,2,4,true,,,,,1,,,,,,
cave_wall_3,cave wall,graphics/decos/desert/cave.swf,cave_wall_3,2,4,true,,,,,1,,,,,,
cave_wall_4,cave wall,graphics/decos/desert/cave.swf,cave_wall_4,3,3,true,,,,,1,,,,,,
cave_wall_back_1,cave wall,graphics/decos/desert/cave.swf,cave_wall_back_1,2,3,true,true,,,,1,,,,,,
cave_wall_back_2,cave wall,graphics/decos/desert/cave.swf,cave_wall_back_2,3,3,true,true,,,,1,,,,,,
cave_pillar_1,cave pillar,graphics/decos/desert/cave.swf,cave_pillar_1,2,2,,true,,,,,,,,,,
cave_rocks_1,cave rocks,graphics/decos/desert/cave.swf,cave_rocks_1,2,2,,true,,,,,,,,,,
cave_wall_block_5,cave wall,graphics/decos/desert/cave.swf,cave_wall_block_5,2,2,true,,,,,1,,,,,,
cave_wall_block_back_3,cave wall,graphics/decos/desert/cave.swf,cave_wall_block_back_3,2,2,true,true,,,,1,,,,,,
cave_lava_pit_1,cave lava,graphics/decos/desert/cave.swf,cave_lava_pit_1,3,3,,,,,,1,,,,,,
cave_wall_block_cave,cave,graphics/decos/desert/cave.swf,cave_wall_block_cave,3,4,true,,,,,1,,,,,,
cave_stairs_up,cave stairs,graphics/decos/desert/cave.swf,cave_stairs_up,3,4,true,,,,,1,,,,,,
cave_stairs_down,cave,graphics/decos/desert/cave.swf,cave_stairs_down,2,4,true,,,,,1,,,,,,
office_chair_01,office chair,graphics/decos/rebel_camp/office_chairs.swf,office_chair_01,2,2,,,,,,1,,,,,,
office_chair_02,office chair,graphics/decos/rebel_camp/office_chairs.swf,office_chair_02,2,2,,,,,,1,,,,,,
office_chair_03,office chair,graphics/decos/rebel_camp/office_chairs.swf,office_chair_03,2,2,,,,,,1,,,,,,
office_chair_04,office chair,graphics/decos/rebel_camp/office_chairs.swf,office_chair_04,2,2,,,,,,1,,,,,,
palm_short,palm,graphics/decos/new_beginning/new_beginning.swf,palm_short,1,1,true,,,,6,,,,,,,
fern,fern saniainen,graphics/decos/new_beginning/new_beginning.swf,fern,2,2,true,,,-2,4,,,,,,,
cliff_horizontal_water,cliff,graphics/decos/new_beginning/new_beginning.swf,cliff_horizontal_water,5,4,,,,,,1,,,,,,
cliff_horizontal_land,cliff,graphics/decos/new_beginning/new_beginning.swf,cliff_horizontal_land,5,5,,,,,,1,,,,,,
cliff_digonal_water,cliff,graphics/decos/new_beginning/new_beginning.swf,cliff_digonal_water,1,5,,,,,,1,,,,,,
cliff_digonal_land,cliff,graphics/decos/new_beginning/new_beginning.swf,cliff_digonal_land,4,4,,,,,,1,,,,,,
rocks_1,rocks,graphics/decos/new_beginning/new_beginning.swf,rocks_1,3,4,true,,,,,1,,,,,,
rocks_2,,graphics/decos/new_beginning/new_beginning.swf,rocks_2,3,6,true,,,,,1,,,,,,
cliff_vertical,cliff,graphics/decos/new_beginning/new_beginning.swf,cliff_vertical,4,5,,,,,,1,,,,,,
tent_1,tent,graphics/decos/new_beginning/new_beginning.swf,tent_1,2,4,,,,,,1,,,,,,
tent_2,tent,graphics/decos/new_beginning/new_beginning.swf,tent_2,2,4,,,,,,1,,,,,,
lava_pump,lava cave pump swedish hydraulics svensk pumpupthejam,graphics/decos/desert/cave.swf,lava_pump,3,3,,true,,-1,3,,,,,,,
stub_01,stub,graphics/decos/new_beginning/forest_assets.swf,stub_01,1,1,,,,,,,,,,,,
stub_02,stub,graphics/decos/new_beginning/forest_assets.swf,stub_02,1,1,,,,,,,,,,,,
tussock,tussock,graphics/decos/new_beginning/forest_assets.swf,tussock,2,2,,,,,,1,,,,,,
sword_in_stone,sword stone,graphics/decos/new_beginning/forest_assets.swf,sword_in_stone,1,1,,,,1,,,,,,,,
basic_container_box_yellow,harbor box container,graphics/decos/harbor/harbor_new.swf,basic_container_box_yellow,2,2,true,true,,,,,,,,,,
basic_container_yellow,harbor container,graphics/decos/harbor/harbor_new.swf,basic_container_yellow,3,6,,true,,,,,,,,,,
monument,monument to drunken sailors,graphics/decos/harbor/harbor_new.swf,monument,4,4,,,,-3,14,,,,,,,
warehouse_1,harbor warehouse,graphics/decos/harbor/harbor_new.swf,warehouse_1,7,10,,true,,-4,12,,,,,,,
warehouse_2,harbor warehouse,graphics/decos/harbor/harbor_new.swf,warehouse_2,10,19,,true,,-5,11,,,,,,,
warehouse_3,harbor warehouse,graphics/decos/harbor/harbor_new.swf,warehouse_3,14,21,,true,,-8,11,,,,,,,
lamp_1,harbor lamp,graphics/decos/harbor/harbor_new.swf,lamp_1,1,1,,,,-3,,,,,,,,
lamp_2,harbor lamp,graphics/decos/harbor/harbor_new.swf,lamp_2,1,1,,,,-3,,,,,,,,
trashcan,harbor trash garbage,graphics/decos/harbor/harbor_new.swf,trashcan,1,1,,,,-1,,,,,,,,
basic_container_black,harbor container,graphics/decos/harbor/harbor_new.swf,basic_container_black,3,6,,true,,,,,,,,,,
basic_container_blue,harbor container,graphics/decos/harbor/harbor_new.swf,basic_container_blue,3,6,,true,,,,,,,,,,
basic_container_grey,harbor container,graphics/decos/harbor/harbor_new.swf,basic_container_grey,3,6,,true,,,,,,,,,,
basic_container_red,harbor container,graphics/decos/harbor/harbor_new.swf,basic_container_red,3,6,,true,,,,,,,,,,
basic_container_box_blue,harbor container,graphics/decos/harbor/harbor_new.swf,basic_container_box_blue,2,2,true,,,,,,,,,,,
basic_container_box_grey,harbor container,graphics/decos/harbor/harbor_new.swf,basic_container_box_grey,2,2,true,,,,,,,,,,,
basic_container_box_red,harbor container,graphics/decos/harbor/harbor_new.swf,basic_container_box_red,2,2,true,,,,,,,,,,,
basic_container_box_sand,harbor container,graphics/decos/harbor/harbor_new.swf,basic_container_box_sand,2,2,true,,,,,,,,,,,
crane,crane,graphics/decos/harbor/harbor_new.swf,crane,2,2,,true,,,,,,,,,,
bluegrey_wall_1_decor4,,graphics/decos/prison/prison_interiors.swf,bluegrey_wall_4,4,2,true,true,,,,,,,,,,
plasma_fence_1,harbor fence plasma,graphics/decos/harbor/harbor_new.swf,plasma_fence_1,4,1,true,,,,,1,,,,,,
plasma_fence_2,harbor fence plasma,graphics/decos/harbor/harbor_new.swf,plasma_fence_2,1,4,true,,,,,1,,,,,,
baybrawl_sign,harbor bay brawl sign,graphics/decos/harbor/harbor_new.swf,baybrawl_sign,2,4,,true,,,,,,,,,,
building_1,italy,graphics/decos/little_italy/little_italy_01.swf,building_1,10,17,,true,,,,1,,,,,,
building_2,italy,graphics/decos/little_italy/little_italy_01.swf,building_2,7,17,,true,,,,1,,,,,,
building_3,italy,graphics/decos/little_italy/little_italy_01.swf,building_3,8,16,,true,,,,1,,,,,,
building_4,italy,graphics/decos/little_italy/little_italy_01.swf,building_4,15,9,,true,,,,1,,,,,,
building_5,italy,graphics/decos/little_italy/little_italy_01.swf,building_5,6,14,,true,,,,1,,,,,,
fence_italia_1,,graphics/decos/little_italy/little_italy_01.swf,fence_italia_1,1,2,,,,,,1,,,,,,
fence_italia_2,,graphics/decos/little_italy/little_italy_01.swf,fence_italia_2,1,2,,,,,,1,,,,,,
lamp_italia_x1,,graphics/decos/little_italy/little_italy_01.swf,lamp_italia_x1,1,1,,,,,,1,,,,,,
lamp_italia_x2,,graphics/decos/little_italy/little_italy_01.swf,lamp_italia_x2,1,1,,,,,,1,,,,,,
chair_plastic,,graphics/decos/little_italy/little_italy_01.swf,chair_plastic,1,1,,,,,,,,,,,,
matress_plastic,,graphics/decos/little_italy/little_italy_01.swf,matress_plastic,3,2,,,,,,,,,,,,
screen_players,screen player,graphics/decos/video_screens/screens.swf,screen_players,1,3,,,,-4,,,,,,,,
beta_vault_arch,beta key vault,graphics/decos/betakey_room/betakey_room.swf,beta_vault_arch,1,1,,,,,,,,,,,,
beta_vault_arch_corner,beta key vault,graphics/decos/betakey_room/betakey_room.swf,beta_vault_arch_corner,1,1,,,,,,,,,,,,
beta_vault_arch_mirror,beta key vault,graphics/decos/betakey_room/betakey_room.swf,beta_vault_arch_mirror,1,1,,,,,,,,,,,,
beta_vault_back_wall,beta key vault wall,graphics/decos/betakey_room/betakey_room.swf,beta_vault_back_wall,1,3,,,,,,,,,,,,
beta_vault_statue,beta key vault statue,graphics/decos/betakey_room/betakey_room.swf,beta_vault_statue,5,5,,,,,,1,,,,,,
BrickWallInside,brick wall inside,graphics/decos/interiors_walls_doors/interiors_walls_doors.swf,inside_brick_wall_layered,1,4,true,true,,,,,,,,,,
inside wall white,inside wall white,graphics/decos/interiors_walls_doors/interiors_walls_doors.swf,inside_wall_white,1,4,true,true,,,,,,,,,,
tree_dead01,undead tree,graphics/decos/undead/zombie_enviro.swf,tree_dead01,1,1,true,true,,1,3,,,,,,,
tree_dead02,undead tree,graphics/decos/undead/zombie_enviro.swf,tree_dead02,1,1,true,true,,1,3,,,,,,,
tree_stump01,undead tree,graphics/decos/undead/zombie_enviro.swf,tree_stump01,1,1,,,,,2,,,,,,,
tree_stump02,undead tree,graphics/decos/undead/zombie_enviro.swf,tree_stump02,1,1,,,,,,,,,,,,
body_zombie01,undead body zombie,graphics/decos/undead/bodies.swf,body_zombie01,1,1,,,,-1,2,,,,,,,
body_zombie02,undead body zombie,graphics/decos/undead/bodies.swf,body_zombie02,1,2,,,,-1,2,,,,,,,
body_zombie03,undead body zombie,graphics/decos/undead/bodies.swf,body_zombie03,1,2,,,,-1,2,,,,,,,
body_zombie04,undead body zombie,graphics/decos/undead/bodies.swf,body_zombie04,2,1,,,,-1,3,,,,,,,
body_zombie05,undead body zombie,graphics/decos/undead/bodies.swf,body_zombie05,2,1,,,,-1,3,,,,,,,
body_zombie06,undead body zombie,graphics/decos/undead/bodies.swf,body_zombie06,2,1,,,,-1,3,,,,,,,
body_zombie07,undead body zombie,graphics/decos/undead/bodies.swf,body_zombie07,1,1,,,,-1,2,,,,,,,
body_zombie08,undead body zombie,graphics/decos/undead/bodies.swf,body_zombie08,1,3,,,,-2,3,,,,,,,
body_zombie00,undead body zombie,graphics/decos/undead/bodies.swf,body_zombie09,1,2,,,,-1,3,,,,,,,
body_zombie10,undead body zombie,graphics/decos/undead/bodies.swf,body_zombie10,1,2,,,,-1,3,,,,,,,
body01,undead body,graphics/decos/undead/bodies.swf,body01,1,2,,,,-1,3,,,,,,,
body02,undead body,graphics/decos/undead/bodies.swf,body02,2,1,,,,-1,3,,,,,,,
body03,undead body,graphics/decos/undead/bodies.swf,body03,1,1,,,,-1,3,,,,,,,
body04,undead body,graphics/decos/undead/bodies.swf,body04,1,2,,,,-1,3,,,,,,,
body05,undead body,graphics/decos/undead/bodies.swf,body05,1,2,,,,-1,3,,,,,,,
body06,undead body,graphics/decos/undead/bodies.swf,body06,1,2,,,,-1,3,,,,,,,
body07,undead body,graphics/decos/undead/bodies.swf,body07,1,2,,,,-1,3,,,,,,,
body08,undead body,graphics/decos/undead/bodies.swf,body08,1,2,,,,-1,3,,,,,,,
body09,undead body,graphics/decos/undead/bodies.swf,body09,2,1,,,,-1,3,,,,,,,
body10,undead body,graphics/decos/undead/bodies.swf,body10,2,1,,,,-1,3,,,,,,,
body11,undead body,graphics/decos/undead/bodies.swf,body11,1,2,,,,-1,3,,,,,,,
body_alive01,undead body alive,graphics/decos/undead/bodies.swf,body_alive01,1,2,,,,-1,3,,,,,,,
body_alive02,undead body alive,graphics/decos/undead/bodies.swf,body_alive02,2,1,,,,-1,3,,,,,,,
body_alive03,undead body alive,graphics/decos/undead/bodies.swf,body_alive03,1,2,,,,-1,3,,,,,,,
body_alive04,undead body alive,graphics/decos/undead/bodies.swf,body_alive04,1,2,,,,-1,3,,,,,,,
body_alive05,undead body alive,graphics/decos/undead/bodies.swf,body_alive05,1,2,,,,-1,3,,,,,,,
body_eat01,undead body eaten,graphics/decos/undead/bodies.swf,body_eat01,2,1,,,,-1,3,,,,,,,
body_eat02,undead body eaten,graphics/decos/undead/bodies.swf,body_eat02,2,1,,,,-1,3,,,,,,,
body_eat03,undead body eaten,graphics/decos/undead/bodies.swf,body_eat03,2,1,,,,-1,3,,,,,,,
body_eat04,undead body eaten,graphics/decos/undead/bodies.swf,body_eat04,1,2,,,,-1,3,,,,,,,
body_eat05,undead body eaten,graphics/decos/undead/bodies.swf,body_eat05,1,2,,,,-1,3,,,,,,,
body_eat06,undead body eaten,graphics/decos/undead/bodies.swf,body_eat06,1,2,,,,-1,3,,,,,,,
body_eat07,undead body eaten,graphics/decos/undead/bodies.swf,body_eat07,2,1,,,,-1,3,,,,,,,
body_eat08,undead body eaten,graphics/decos/undead/bodies.swf,body_eat08,1,2,,,,-1,3,,,,,,,
body_eat09,undead body eaten,graphics/decos/undead/bodies.swf,body_eat09,2,1,,,,-1,3,,,,,,,
body_eat10,undead body eaten,graphics/decos/undead/bodies.swf,body_eat10,1,2,,,,-1,3,,,,,,,
RailwayTrack,railway,graphics/decos/train_yard/railway_old.swf,RailwayTrackRight,9,1,,,,,,,,,,,true,
train 01,,graphics/decos/train_yard/railway_old.swf,TrainEngine2Right,13,3,true,,,,,,,,,,,
train 02,,graphics/decos/train_yard/railway_old.swf,TrainEngineLeft,3,12,true,,,,,,,,,,,
